/*
SQLyog Community Edition- MySQL GUI v8.05 
MySQL - 5.6.24 : Database - aexomanager
*********************************************************************
*/

/*!40101 SET NAMES utf8 */;

/*!40101 SET SQL_MODE=''*/;

/*!40014 SET @OLD_FOREIGN_KEY_CHECKS=@@FOREIGN_KEY_CHECKS, FOREIGN_KEY_CHECKS=0 */;
/*!40101 SET @OLD_SQL_MODE=@@SQL_MODE, SQL_MODE='NO_AUTO_VALUE_ON_ZERO' */;

CREATE DATABASE /*!32312 IF NOT EXISTS*/`aexomanager` /*!40100 DEFAULT CHARACTER SET latin1 */;

USE `aexomanager`;

/*Table structure for table `cliente` */

DROP TABLE IF EXISTS `cliente`;

CREATE TABLE `cliente` (
  `idCliente` int(11) NOT NULL AUTO_INCREMENT,
  `nombre` varchar(128) DEFAULT NULL,
  `idTipoCliente` int(11) DEFAULT NULL,
  `calle` varchar(64) DEFAULT NULL,
  `numero` int(11) DEFAULT NULL,
  `idProvincia` int(10) unsigned DEFAULT NULL,
  `localidad` varchar(128) DEFAULT NULL,
  `partido` varchar(128) DEFAULT NULL,
  `codigoPostal` int(11) DEFAULT NULL,
  `responsable` varchar(128) DEFAULT NULL,
  `email` varchar(255) DEFAULT NULL,
  `paginaWeb` varchar(128) DEFAULT NULL,
  `volumenFact` float(10,6) DEFAULT NULL,
  `telefono_1` varchar(64) DEFAULT NULL,
  `telefono_2` varchar(64) DEFAULT NULL,
  `dias_horarios` varchar(128) DEFAULT NULL,
  `latitud` float(10,6) DEFAULT NULL,
  `longitud` float(10,6) DEFAULT NULL,
  `cuit` varchar(13) DEFAULT NULL,
  `idCategoriaIVA` int(11) DEFAULT NULL,
  PRIMARY KEY (`idCliente`),
  KEY `FK_web_rutas_cliente_provincia` (`idProvincia`),
  KEY `FK_web_rutas_cliente_tipoCliente` (`idTipoCliente`),
  CONSTRAINT `FK_cliente_provincia` FOREIGN KEY (`idProvincia`) REFERENCES `provincia` (`idProvincia`),
  CONSTRAINT `FK_cliente_tipoCliente` FOREIGN KEY (`idTipoCliente`) REFERENCES `cliente_tipocliente` (`idTipoCliente`)
) ENGINE=InnoDB AUTO_INCREMENT=181 DEFAULT CHARSET=latin1;

/*Data for the table `cliente` */

insert  into `cliente`(`idCliente`,`nombre`,`idTipoCliente`,`calle`,`numero`,`idProvincia`,`localidad`,`partido`,`codigoPostal`,`responsable`,`email`,`paginaWeb`,`volumenFact`,`telefono_1`,`telefono_2`,`dias_horarios`,`latitud`,`longitud`,`cuit`,`idCategoriaIVA`) values (85,'EDUARDO FOCHEZATTO Y STELLA M',1,'Ruta 3 km 850, Villalonga, Buenos Aires',1234,2,'Villalonga','Patagones',0,'Alejandro Rothar','','',NULL,'02928 492304','0291 156 421852',NULL,-39.914341,-62.619537,NULL,NULL),(87,'25 de Mayo',1,'Avenida 25 de Mayo 675, Villa Mercedes, San Luis, Argentina',675,19,'Villa Mercedes','General Pedernera',5730,'','ldana@25demayosrl.com','',NULL,'02657 -422599','02657-154-48068',NULL,-33.679493,-65.470474,'',0),(88,'APSA',1,'Carcarañá, Santa Fe, Argentina',NULL,21,NULL,NULL,2138,NULL,'apsa@coopinde.com.ar',NULL,NULL,'0341 4940500/0666','0341  15 5419507',NULL,-32.714588,-61.050579,NULL,NULL),(89,'ADOLFO SARTORI S.A.',1,'LEONARDO N. ALEM, MSIONES, ARGENTINA',NULL,14,'Leandro N. Alem','Leandro N. Alem',3315,NULL,NULL,NULL,NULL,'03754 422730 750 559 2201','03755 15 521917',NULL,-27.604435,-55.323849,NULL,NULL),(90,'GUAZZARONI GRECO S.H',1,'Ruta Provincial 65, 9 de Julio, Buenos Aires, Argentina',NULL,2,NULL,NULL,6500,'JUAN MARTIN ELIZALDE','juanmartin@guazzaronigreco.com.ar',NULL,NULL,'02317-422141','02345-15-562746/39',NULL,-35.402058,-60.946831,NULL,NULL),(91,'KEH-COM S.A.',1,'Ruta Provincial 51, Arrecifes, Buenos Aires, Argentina',NULL,2,NULL,NULL,2470,NULL,'eliana.bruno@kehcom.com.ar',NULL,NULL,'02478-451249 451206','02478-15-445448',NULL,-33.973621,-60.094978,NULL,NULL),(92,'ROZA HNOS',1,'Ruta Nacional 226, Balcarce, Buenos Aires, Argentina',NULL,2,NULL,NULL,7620,NULL,'rroza@telefax.com.ar',NULL,NULL,'02266-422807 424748','0226615-531852',NULL,-37.771137,-58.305527,NULL,NULL),(93,'AGROSERVICIOS CORRENTINOS SRL',1,'Mercedes, Corrientes, Argentina',NULL,5,'Mercedes','Mercedes',3470,NULL,NULL,NULL,NULL,'03774-15-630970','03774-15-630970',NULL,-29.184582,-58.073570,NULL,NULL),(94,'ALBERTO CROSSETTI',1,'av. san martin 129, bouquet, santa fe',129,21,'Bouquet','Belgrano',2523,NULL,NULL,NULL,NULL,'03471-471273','03471-15-676304',NULL,-32.423889,-61.890724,NULL,NULL),(95,'ALFREDO BRUGNOLI e HIJOS SCC',1,'9 DE JULIO 673, PAMPA DEL INFIERNO, CHACO',673,6,'PAMPA DEL INFIERNO','PAMPA DEL INFIERNO',3708,NULL,'brugnolihijos@yahoo.com.ar',NULL,NULL,'03732-497656 / 497310 ','03732-15-622265',NULL,-26.506964,-61.175617,NULL,NULL),(96,'ALFREDO C. CARDINAL E HIJOS SRL',1,'ACCESO PEDRO VILLEMUR Y RUTA PROVINCIAL 27, JOVITA, CORDOBA',0,4,'Jovita','General Roca',6127,'','acardinalsrl@yahoo.com.ar','',NULL,'03385-498045','03385-15-521141',NULL,-34.519039,-63.945919,NULL,NULL),(97,'ALLUB HNOS SRL',1,'ALEM 6, PALMIRA, MENDOZA',6,13,'San Martín','San Martín',5584,NULL,'allubhnos@allubhnossrl.com.ar',NULL,NULL,'02623-461-222 463-222','0261-15-4542467',NULL,-33.049026,-68.563309,NULL,NULL),(98,'AMERICO STUYCK SRL',1,'LAS HERAS 110, HERNANDO, CORDOBA',110,4,'Hernando','Tercero Arriba',5929,NULL,NULL,NULL,NULL,'0353-4960206 496-2800','0353-15-5666726',NULL,-32.426830,-63.730423,NULL,NULL),(99,'ANDRES BINAGHI SACIFIMA',1,'RUTA 11 Y ACCESO, LAS TOSCAS, SANTA FE',NULL,21,'Las Toscas','General Obligado',3586,NULL,'a.b@ltoscas.com.ar',NULL,NULL,'03482-492078',NULL,NULL,-28.351679,-59.259914,NULL,NULL),(100,'AVANZAR SRL',1,'RUTA NACIONAL 34 , CAÑADA ROSQUIN, SANTA FE',NULL,21,'CAÑADA ROSQUIN','CAÑADA ROSQUIN',2454,NULL,'avanzarlubricantes@velosat.com.ar',NULL,NULL,'03401-470435 470859','03401-15-595191 15 591439',NULL,-32.068680,-61.577217,NULL,NULL),(101,'BARALE Y GHIO SACIF',1,'RIVADAVIA Y SARMIENTO, CRUZ DEL EJE, CORDOBA',NULL,4,'Cruz del Eje','Cruz del Eje',5280,NULL,'baraleyghio@yahoo.com.ar',NULL,NULL,'03549-422023 422486','03549-15-631548',NULL,-30.721123,-64.809898,NULL,NULL),(102,'CONTANTINO RAUL ALONSO',1,'Avenida Zabalza, Benito Juárez, Buenos Aires, Argentina',292,2,'Benito Juárez','Benito Juárez',7020,NULL,'constantinoralonso@infovia.com.ar',NULL,NULL,'02292-452451 ','02281-15-580260',NULL,-37.671715,-59.809292,NULL,NULL),(103,'CARLETTI HNOS  SRL',1,'ruta 7 km 784 , san luis, san luis',NULL,19,'San Luis','San Luis',5700,NULL,'cicarletti@bioendesa.com.ar',NULL,NULL,'02652-424621 428621 428453 422959','0265215-411254',NULL,-33.395969,-65.987862,NULL,NULL),(104,'CARLOS A GADEA E HIJOS S.A.',1,'RUTA PROVINCIAL 5 KM 606, SANTA ROSA, LA PAMPA',606,11,'Santa Rosa','SANTA ROSA',6300,NULL,'ccgadeaeh@speedy.com.ar',NULL,NULL,'02954-438864','02954-15-591303',NULL,-36.617165,-64.259232,NULL,NULL),(105,'CARLOS ALBERTO GARCIA',1,'9 de Julio 3278, Santa Fe, Argentina',3278,21,'Santa Fe','SANTA FE',3000,NULL,'cagarcia@cagarcia.com.ar',NULL,NULL,'0342-4551258','0342-15-6300653',NULL,-31.637514,-60.706829,NULL,NULL),(106,'CARLOS PESSI SRL',1,'Raúl Díaz 1751, Santa Rosa, La Pampa, Argentina',1751,11,'Santa Rosa','Santa Rosa',6300,NULL,'distribuidordiesel@cpnet.com.ar',NULL,NULL,'02954-434355','02954-15-596828',NULL,-36.600433,-64.289734,NULL,NULL),(107,'NELIO PIGNATTA Y CIA SA',1,'Bar Ruta 9, Pilar, Córdoba, Argentina',NULL,4,'Pilar','Río Segundo',NULL,NULL,'gabriela@grupopignatta;neliopignatta@grupopignatta.com.ar;fgiotti@grupopignatta.com.ar',NULL,NULL,'03572-479680','03572-479681/82/85',NULL,-31.678253,-63.877777,NULL,NULL),(108,'OSCAR BRUERA Y DIEGO BRUERA SH',1,'25 DE MAYO 122, PORTEÑA, CORDOBA',122,4,'Porteña','San Justo',NULL,NULL,'ypfbruera@dataco34.com.ar',NULL,NULL,'03564-450220','03564-15-562522',NULL,-31.014141,-62.062225,NULL,NULL),(110,'CASA ALARCIA S.A.',1,'Macachin, Santa Rosa, La Pampa, Argentina',NULL,11,'Santa Rosa','Capital',6307,NULL,'molinoalarcia@gmail.com',NULL,NULL,'02953-452298',NULL,NULL,-36.632004,-64.309288,NULL,NULL),(111,'LAS CAVAS SERVICIO & AGRO SA',1,'Ruta Nacional 226, Bolívar, Buenos Aires, Argentina',NULL,NULL,NULL,NULL,6550,'Luis Campo','lascavas@speedy.com.ar',NULL,NULL,'02314-428877','02314-15628830',NULL,NULL,NULL,NULL,NULL),(112,'CLOP ORLANDO RUBEN JOSE',1,'Acc Este y los Alamos, Fray Luis Beltran, Mendoza',NULL,13,'Fray Luis Beltrán','Maipú',5531,NULL,'bverdi@grupoclop.com.ar; jortiz@grupoclop.com.ar',NULL,NULL,'0261-4921003/4911681','0261-15-4541806',NULL,-33.016670,-68.650002,NULL,NULL),(113,'COMBUSTIBLE DEL NORTE SRL',1,'Avenida Chile 1275, Salta, Argentina',1275,17,'Salta','Escalante',4400,NULL,'dcornejo@cnorte.com.ar',NULL,NULL,'0387-4236555','0387-156844912',NULL,-45.883003,-67.535469,NULL,NULL),(114,'COMBUSTIBLES BARCELO SRL',1,'9 de Julio 27, San Juan, Argentina',27,18,'San Juan','Capital',5400,NULL,NULL,NULL,NULL,'03822-422935','03822-15678195',NULL,-31.542711,-68.525764,NULL,NULL),(115,'GEN OIL CO',1,'Cuba 1833, Capital Federal, Argentina',1833,1,'Baradero',NULL,1425,NULL,'hectorbranda@victoriopodesta.com.ar',NULL,NULL,'011-4784-0360 / 03329-15552049','011-155414-7329',NULL,-34.563404,-58.452557,NULL,NULL),(116,'CASA ELICEIRY SC',1,' RUTA nacional 2, KM 182, ARGENTINA',NULL,2,NULL,NULL,7114,NULL,'prbrignani@casaeliceirysa.com.ar; prbrignani@administracion.com.ar',NULL,NULL,'02245-480254','02241-15-542408',NULL,-36.451878,-57.721115,NULL,NULL),(117,'COOP AGRIC GAN DE MONTE BUEY LTDA',1,'CHACABUCO Y MITRE, MONTE BUEY, CORDOBA, ARGENTINA ',NULL,4,'Monte Buey',NULL,2589,'luis carol','coopestacion@nodosud.com.ar',NULL,NULL,'03467-470063/125/291','03467-15498504',NULL,-32.416668,-62.349998,NULL,NULL),(118,'COOP AGROP LA PAZ LTDA',1,'Urquiza 641, La Paz, Entre Ríos, Argentina',641,8,'La Paz','La Paz',3190,NULL,'ALBERTO.DOPAZO@CALP.COOP',NULL,NULL,'03437-421372 / 423962','03437-15605235',NULL,-30.741491,-59.647587,NULL,NULL),(119,'PETROPRINGLES SA',1,'Ruta Provincial 85, Coronel Pringles, Buenos Aires, Argentina',NULL,2,NULL,NULL,7530,NULL,'petropringles@pringles.com.ar',NULL,NULL,'02921-450159 / 02922-462899','02923-15487889',NULL,-38.056602,-61.279148,NULL,NULL),(120,'PICCINI MIRTA, MARIA LAURA Y ALEJANDRO SH',1,'9 Y 47, COLON, BUENOS AIRES, ARGENTINA',47,2,'Colón','Colón',2720,NULL,'piccinish@speedy.com.ar',NULL,NULL,'02473-421759','02477-15557849',NULL,-33.892052,-61.120277,NULL,NULL),(121,'DGB S.R.L.',1,'Villa Dolores, Córdoba, Argentina',NULL,4,'Villa Dolores','San Javier',5870,'ARIEL CASTELLI (03544-15403692)',NULL,NULL,NULL,'03544-425542','03544-15614755',NULL,-31.944437,-65.192108,NULL,NULL),(122,'ECHANIZ HNOS S.A.',1,'RUTA PROVINCIAL 12 Y ISLAS MALVINAS, CORDOBA',NULL,4,'Córdoba','Capital',2585,NULL,NULL,NULL,NULL,'03468-461028','03468-15644023',NULL,-31.398930,-64.182129,NULL,NULL),(123,'EDGARDO MARTINI',1,'Soraire, Santa Rosa, La Pampa, Argentina',NULL,11,'Santa Rosa','Capital',6205,NULL,'LUIGGICOMBUSTIBLES@YAHOO.COM.AR',NULL,NULL,'02335-472198',NULL,NULL,-36.635426,-64.275078,NULL,NULL),(124,'COMBUSTIBLES PC SRL',1,'KM 2 RUTA 29, buenos aires, argentina',NULL,2,'Coronel Brandsen','Coronel Brandsen',1980,NULL,'distribuidorypf@compc.com.ar',NULL,NULL,'02223-444769','15-4497-6246',NULL,-36.428051,-58.580780,NULL,NULL),(125,'SIMACO S.A.',1,'Avenida Eva Perón 4198, Florencio Varela, Buenos Aires, Argentin',NULL,2,'Berazategui Oeste','Berazategui',1888,NULL,'VENTAS@SIMACOSA.COM.AR',NULL,NULL,'011-4210-7720',NULL,NULL,-34.800514,-58.238758,NULL,NULL),(126,'ENERGÉTICA INTEGRAL S.A.',1,'CENTENARIO 45, RUFINO, SANTA FE, ARGENTINA',NULL,21,'Rufino','General López',6100,NULL,'BASEEINTEGRAL@ARNETBIZ.COM.AR',NULL,NULL,'03382-426576','03382-15571567',NULL,-34.266468,-62.709721,NULL,NULL),(127,'ERIKSEN & CIA. SACIFel',1,'SAN MARTÍN 2048, MISIONES',2048,14,'Posadas','Capital',3380,NULL,'eriksen@arnetbiz.com.ar',NULL,NULL,'03751-421165/076','03751-15660978',NULL,-27.365770,-55.896229,NULL,NULL),(128,'ESMACOL SA',1,'RISSO PATRÓN Y SAN MARTÍN, SANTA FE, ARGENTINA',NULL,21,'San Martín',NULL,2258,NULL,'DISTRIBUIDORDIESEL@ESMACOL.COM.AR',NULL,NULL,'03404-493170/483',NULL,NULL,-31.852100,-61.572418,NULL,NULL),(129,'FAVINI S.A.',1,'GENERAL PAZ 7199, SANTA FE',7199,21,'Santa Fe','La Capital',2000,NULL,'FAVINISA@FAVINISA.COM.AR',NULL,NULL,'0342-4601106','0342-155013890',NULL,-31.605713,-60.676094,NULL,NULL),(130,'VILCOM SRL',1,'aV mITRE 1201, FLORIDA, BUENOS AIRES',1201,2,'Florida Oeste','Vicente López',1602,NULL,'VILCOM1@ARNETBIZ.COM.AR',NULL,NULL,'4730-0806/0702/4774/4844','154531-2361',NULL,-34.538849,-58.507240,NULL,NULL),(131,'FERNANDO ARTURO ASTIE',1,'Estacion de Servicio Rodeo del Medio - Ruta Provincial 50 4584, ',NULL,13,'Rodeo del Medio','Maipú',5529,NULL,'martinromito@astieypf.com.ar',NULL,NULL,'0261-4951132','0261-154534594',NULL,-32.983330,-68.683342,NULL,NULL),(132,'FINARVIS SRL',1,'AV GODOY CRUZ Y AYACUCHO, RIO CUARTO, CORDOBA',NULL,4,'Río Cuarto','Río Cuarto',5800,NULL,'finarvis@finarvis.com.ar',NULL,NULL,'0358-4642000/4644070','0358-155600021',NULL,-33.144840,-64.357689,NULL,NULL),(133,'FRAPPA Y MOINE SRL',1,'SAN MARTIN Y RAFAEL NUÑEZ, DESPEÑADEROS, CORDOBA',NULL,4,'Despeñaderos','Santa María',5121,NULL,'FRAPPAYMOINE@GMAIL.COM',NULL,NULL,'03547-492029','03547-15634920',NULL,-31.813660,-64.283760,NULL,NULL),(134,'MAFFIA JORGE LUIS',1,'GENERAL VILLEGAS Y ANCALA, GENERAL PINTO, BUENOS AIRES',NULL,2,NULL,'General Pinto',6050,NULL,'SOLEDAD.ESTEVEZ@YPFMAFFIA.COM.AR',NULL,NULL,'02356-420604','02362-15641612',NULL,-34.538589,-62.168858,NULL,NULL),(135,'BARBERO HNOS SA',1,'Rivadavia 255, General Rodríguez, Buenos Aires, Argentina',255,2,'General Rodríguez','General Belgrano',7223,NULL,'JHANSEN@BARBEROHERMANOS.COM.AR',NULL,NULL,'02243-454082','02243-15495041',NULL,-34.609741,-58.962078,NULL,NULL),(136,'HERMES Y WALTER GUARESCHI S DE HECHO',1,'AVENIDA AMERICA 272, VILLA ASCASUBI, CORDOBA',272,4,'Villa Ascasubi','Tercero Arriba',5935,NULL,NULL,NULL,NULL,'03571-498081/380','0357115691817',NULL,-32.163116,-63.889343,NULL,NULL),(137,'COSTANTINI Y CIA S.C.A.',1,'RUTA NACIONAL 7 KM 353, BUENOS AIRES',NULL,2,'IRIARTE',NULL,6042,NULL,'paraderodelosreyes@iriarte-ba.com.ar',NULL,NULL,'02354-491069','02362-15505014',NULL,-34.573502,-59.037861,NULL,NULL),(138,'J Y J SRL',1,'GRAL BELGRANO 617, MONTERRICO, JUJUY, ARGENTINA',617,10,'Monterrico','El Carmen',4608,NULL,'DEVORAI@HOTMAIL.COM',NULL,NULL,'0388-4941239','0388-156860547',NULL,-24.441565,-65.166626,NULL,NULL),(139,'PERDO P. DIAZ E HIJOS ',1,'AVENIDA 19 N 123, LA PLATA',123,2,'La Plata','La Plata',1900,NULL,'ppdiazadministracion@speedy.com.ar',NULL,NULL,'0221-4211158','0221-154631843',NULL,-34.913921,-57.978424,NULL,NULL),(140,'LA AGRICOLA REGIONAL COOP. LTDA',1,'MORENO 1404, Crespo, Entre Rios',NULL,NULL,'Crespo','Paraná',3116,'Hugo N','hugon@laagricolaregional.com.ar',NULL,NULL,'0343-4958000','Interno 1132',NULL,-32.031456,-60.305817,NULL,NULL),(141,'NELIO R PIGNATTA Y CIA SA',1,'RUTA 9 KM 662, CORDOBA, ARGENTINA',NULL,4,'Córdoba','Capital',5972,NULL,'neliopignatta@grupopignatta.com.ar; fgiotto@grupopignatta.com.ar',NULL,NULL,'03572-479680/81/82/85','03572-15667627',NULL,-31.307510,-64.175751,NULL,NULL),(142,'ORLANDO MANUEL AGENO E HIJOS SRL',1,'Santa Fe 2696, San Justo, Argentina',2696,21,'San Justo','San Justo',3040,NULL,'d.diesel@sanjustosf.com.ar',NULL,NULL,'03498-427240','03498-15619799',NULL,-30.791662,-60.597485,NULL,NULL),(144,'OSCAR J. PRIOTTI E HIJOS DE PRIOTTI GABRIEL PRIOTTI EDUARDO Y OTRO',1,'SAN MARTIN 826, CAFFERATA, SANTA FE',826,21,'Remedios de Escalada de San Martín','Rosario',2643,NULL,'OJPRIOTTI@COOPTELCAF.COM.AR',NULL,NULL,'03468-498381','03468-15643970',NULL,-32.940826,-60.671165,NULL,NULL),(145,'OSVALDO FANTINI Y CIA SRL',1,'TENIENTE ALESSO 585, CORDOBA',585,4,'Córdoba','Capital',5133,NULL,'elvio.spossetti@fantini.com.ar; yanina.depiante@fantini.com.ar',NULL,NULL,'03575-422005','03576-15522334',NULL,-31.398930,-64.182129,NULL,NULL),(146,'AGENTES ROMERO Y CIA',1,'SARGENTO CABRAL 585, BUENOS AIRES',585,2,'Ramos Mejía','La Matanza',6663,NULL,'agentesromero@infovia.com.ar',NULL,NULL,'02343-440250','02345-15665521',NULL,-34.645412,-58.556145,NULL,NULL),(147,'PETROANDINA SRL',1,'DE LA PLAZA Y FRANCISCO ARIAS',NULL,17,'Joaquín V. González','Anta',4400,NULL,'PETROANDINA@PETROANDINA.COM.AR',NULL,NULL,'0387-4283043','0387-156831916',NULL,-25.115297,-64.122635,NULL,NULL),(148,'PETROARSA SA',1,'Av Roca 2153, San Miguel de Tucumán, Tucumán, Argentina',2153,24,'San Miguel de Tucumán','Capital',4000,NULL,'MIGUELMENDOZA@PETROARSA.COM.AR',NULL,NULL,'0381-4262220',NULL,NULL,-26.838135,-65.232979,NULL,NULL),(149,'PETROBREÑAS SA',1,'BELGRANO 1703, LAS BREÑAS, CHACO',1703,6,'Las Breñas','9 de Julio',3722,NULL,'ADMINISTRACION@PETROBREÑAS.COM.AR',NULL,NULL,'03731-460497','03731-461194',NULL,-27.086416,-61.085880,NULL,NULL),(150,'PETROLERA BANDERA SRL',1,'MAIPU Y AVENIDA DE LOS AGRICULTORES',NULL,22,'BANDERA',NULL,3064,NULL,'ADMINISTRACION@PETROLERABANDERA.COM.AR',NULL,NULL,'03857-421062','03857-15676238',NULL,NULL,NULL,NULL,NULL),(151,'RGS SA',1,'RUTA 86 Y CALLE 78, NECOCHEA',NULL,2,'Necochea','Necochea',7630,NULL,'marianela.daniele@rgssa.com.ar',NULL,NULL,'02262-436363','02262-15504777',NULL,-38.554497,-58.739609,NULL,NULL),(152,'PETROBRAN SRL',1,'Dorrego 1300, La Banda, Santiago del Estero, Argentina',1300,22,'La Banda','La Banda',4300,NULL,'alugones@petroban.com.ar',NULL,NULL,'0385-4278689','0385-154177858',NULL,-27.725739,-64.224197,NULL,NULL),(153,'PETROSERVICE',1,'obispo trejo 90, santiago del estero, argentina',NULL,22,'Santiago del Estero','Capital',4200,NULL,'logisticacurbelo@tecnored.com',NULL,NULL,'0385-4215414','0385-156974884',NULL,-27.784420,-64.267281,NULL,NULL),(154,'PETROSURCO SA',1,'General Pico, La Pampa, Argentina',NULL,11,'General Pico','Maraco',6360,NULL,'cobranzas@petrosurcosa.com.ar',NULL,NULL,'02302-424250',NULL,NULL,-35.656952,-63.754547,NULL,NULL),(155,'FELICE Y MAGNO ',1,'ruta nacional 33, km131, buenos aires, argentina',NULL,2,'Pigue',NULL,8170,NULL,'administracion@hijosdefeliceymagno.com.ar',NULL,NULL,'02923-473085','02923-15640754',NULL,-36.455872,-62.640526,NULL,NULL),(156,'EDUARDO J. BARCELO',1,'Rawson, San Juan, Argentina',NULL,18,NULL,'Rawson',5423,NULL,'rmontoya@barceloempresas.com.ar',NULL,NULL,'0264-4285883','0264-155655473',NULL,-31.666656,-68.453171,NULL,NULL),(157,'SUAREZ DORE I. DE FERREIRO, MARIA DANIELA Y MARIA VIRGINIA FERREIRO SH',1,'salliquello, buenos aires',NULL,2,'Salliqueló','Salliqueló',6339,NULL,'mariadferreiro@yahoo.com.ar',NULL,NULL,'02394-480284 / 480037 / 481600','02392-15520682',NULL,-36.750717,-62.960094,NULL,NULL),(158,'POSETTO HNOS. Y CIA. S.R.L.',1,'Alem 353, San Francisco, Córdoba, Argentina',353,4,'San Francisco','San Justo',2400,NULL,'POSSETTOHNO@ARNETBIZ.COM.AR',NULL,NULL,'03564-421292','03564-15668563',NULL,-31.431993,-62.093662,NULL,NULL),(159,'MIGUEL AUGUSTO WELSH SUCESORES SRL',1,'RUTA NACIONAL 81, FORMOSA',NULL,9,'Ibarreta',NULL,3624,NULL,'MAWYPF.IBTA@GMAIL.COM',NULL,NULL,'03716-432115/161','03716-15616445',NULL,-24.797977,-60.450943,NULL,NULL),(160,'COOP. AGROP. LTDA. DE CARABELAS',1,'ROJAS, BUENOS AIRES, ARGENTINA',NULL,2,'Rojas','RP 188 KM 111',2705,NULL,'oabejugaray@coopcarabelas.com.ar',NULL,NULL,'02475-497166','02474-15660146',NULL,-34.200439,-60.732422,NULL,NULL),(161,'PETROVALLE S.A.',1,'AV DE LAS AMERICAS 1005, MISIONES',1005,14,'ARISTOBULO DEL VALLE',NULL,3364,NULL,'petrovallelubricantes@yahoo.com.ar; sfm@petrovalle.com.ar',NULL,NULL,'03764-450514',NULL,NULL,-27.477476,-55.100853,NULL,NULL),(162,'PETROTANDIL',1,'aV A DEL VALLE 602, TANDIL, BUENOS AIRES',602,2,'Tandil','Tandil',7000,NULL,'ddieselolavarria@petrotandil.com.ar',NULL,NULL,'02293-428400','02293-15636159',NULL,-37.313271,-59.144554,NULL,NULL),(163,'PRODUCCION S.A.',1,'Av Roca 1802, San Miguel de Tucumán, Tucumán, Argentina',1802,NULL,'San Miguel de Tucumán','Capital',4000,NULL,'mcorrea@produccionsa.com.ar',NULL,NULL,'0381-4249005','0381-156447360',NULL,-26.839361,-65.227806,NULL,NULL),(164,'RAISER S.A.',1,'Avenida Alicia Moreau de Justo 2030, Buenos Aires, Argentina',2030,1,'San Telmo','PISO 3 OF 319',1107,NULL,'FMARCHIORI@RAISER-SA.COM',NULL,NULL,'0341-4927316/17','011-1544186733',NULL,-34.623219,-58.365131,NULL,NULL),(165,'RAUL JOSE BATET SRL',1,'RUTA NACIONAL 35, KM 406, EDUARDO CASTEX, LA PAMPA',NULL,11,'EDUARDO CASTEX',NULL,6380,NULL,'batetsrl@difusoradigital.com.ar',NULL,NULL,'02334-443494','02302-15511072',NULL,-35.904537,-64.272682,NULL,NULL),(166,'REINERI SEBASTIAN J REINERI JULI',1,'JUAN PABLO II Y BV 25 DE MAYO, GENERAL DEHEZA, CORDOBA',NULL,4,'General Deheza','Juárez Celman',5923,NULL,'jreineri@ypfdeheza.com.ar',NULL,NULL,'0358-4950116','0358-156540245',NULL,-32.755703,-63.782360,NULL,NULL),(167,'RICARDO RISATTI SACIF',1,'INDEPENDENCIA Y RUTA NACIONAL 7, CORDOBA',NULL,4,'Córdoba','LABOULAYE',6120,NULL,'RISATTIYPF@ARNETBIZ.COM.AR',NULL,NULL,'03385-427191 / 426984','03385-15521839',NULL,-31.398930,-64.182129,NULL,NULL),(168,'INVERSORA MINORISTA S.A.',1,'RICCHIERI 2189, TAPIALES, BUENOS AIRES',2189,2,'Tapiales','La Matanza',1770,NULL,'JDIRANI@IMSAENERGIA.COM.AR',NULL,NULL,'44623484','1553368204',NULL,-34.706921,-58.501827,NULL,NULL),(169,'SAN JAVIER SERVICIOS',1,'Combate de San Lorenzo 244, V GOBERNADOR CRESPO, SANTA FE',244,21,'Gobernador Crespo','San Justo',3044,NULL,'PAULOVICHFABIAN@GMAIL.COM',NULL,NULL,'03498-480353','0342-156115059',NULL,-30.361938,-60.401012,NULL,NULL),(170,'AGROQUIMICOS Y FERTILIZANTES FERTYCOM SRL',1,'RUTA NACIONAL 3, KM 497, TRES ARROYOS, BUENOS AIRES',497,2,'Tres Arroyos','Tres Arroyos',7500,NULL,'miguel.nuesch@ypf.com',NULL,NULL,'02983-432990',NULL,NULL,-38.368637,-60.296486,NULL,NULL),(171,'SUPER UNO S.A.',1,'AV SAN MARTIN 3612, CORDOBA',3612,4,'COLONIA CAROYA',NULL,5223,NULL,'SUPERUNOPLANTA@COOP5.COM.AR',NULL,NULL,'03525-402700/1',NULL,NULL,-31.402451,-64.470367,NULL,NULL),(172,'VALENTIN BRUNO CAON E HIJOS S.H.',1,'ALVEAR 829, VILLA MARIA, CORDOBA',829,4,'Villa María','General San Martín',5900,NULL,'administracion@valentincaon.com.ar',NULL,NULL,'0353-4520848','0353-154086567',NULL,-32.416054,-63.232208,NULL,NULL),(173,'AGUAS CORLETTI S.R.L     ',19,'Avenida Gral. Lavalle 561, Zarate, Buenos Aires, Argentina',561,2,'Zarate','Zarate',2800,NULL,'info@aguascorletti.com.ar',NULL,NULL,'03487 423595',NULL,NULL,-34.101917,-59.025349,NULL,NULL),(174,'CARLOS ALBERTO GARCIA S.A',19,'9 de Julio 3278, Santa Fe, Argentina',3278,21,'Santa Fe','La Capital',3000,'Ignacio','igarcia@cagarcia.com.ar',NULL,NULL,'0342-4551258',NULL,NULL,-31.637518,-60.706810,NULL,NULL),(175,'DESDELSUR S.A.           ',19,'Av Córdoba 373, Capital Federal, Argentina',373,1,'Retiro',NULL,1054,NULL,'desdelsur@desdelsur.com - msotoacebal@desdelsur.com - allendeja@desdelsur.com',NULL,NULL,'011-4700 0102',NULL,NULL,-34.598473,-58.372459,NULL,NULL),(176,'GUALEGUAY CEREALES S.A.  ',19,'Lavalle 422, Capital Federal, Argentina',422,1,'San Nicolás',NULL,1047,NULL,'lubricantes@gualecereales.arnetbiz.com.ar',NULL,NULL,'(03444) 42 - 4828',NULL,NULL,-34.602077,-58.372822,NULL,NULL),(177,'COOP. AGROPECUARIA LA PAZ ',19,'Urquiza 641, La Paz, Entre Ríos, Argentina',641,NULL,'La Paz','La Paz',3190,NULL,'monica.frette@calp.coop',NULL,NULL,'03437-423612',NULL,NULL,-30.741491,-59.647587,NULL,NULL),(178,'NEW FUEL S.A.            ',19,'Avenida Rivadavia 1822, Morón, Buenos Aires, Argentina',NULL,NULL,NULL,NULL,1708,NULL,'tecnica@newfuelsa.com',NULL,NULL,'011-4699-6641',NULL,NULL,-34.639965,-58.555145,NULL,NULL),(179,'ORO VERDE S.A.           ',19,'ruta nacional 38, KM 709, alberti, tucuman',NULL,24,NULL,'Chicligasta',4158,NULL,'info@oroverdesa.com.ar',NULL,NULL,NULL,NULL,NULL,-27.566668,-65.614166,NULL,NULL),(180,'P.A.M.S.A.               ',1,'Maipú 267, Capital Federal, Argentina',267,1,'San Nicolás',NULL,1084,'Ricardo DOMÍNGUEZ (Jefe de terminal)','rdominguez@pamsa.com.ar',NULL,NULL,'0336 154411879','4326-5953/0058/0083  ',NULL,-34.605072,-58.376553,NULL,NULL);

/*Table structure for table `cliente_categoriaiva` */

DROP TABLE IF EXISTS `cliente_categoriaiva`;

CREATE TABLE `cliente_categoriaiva` (
  `idCategoriaIVA` int(11) NOT NULL AUTO_INCREMENT,
  `descripcion` varchar(32) DEFAULT NULL,
  `codigo` varchar(4) DEFAULT NULL,
  PRIMARY KEY (`idCategoriaIVA`)
) ENGINE=InnoDB AUTO_INCREMENT=4 DEFAULT CHARSET=latin1;

/*Data for the table `cliente_categoriaiva` */

insert  into `cliente_categoriaiva`(`idCategoriaIVA`,`descripcion`,`codigo`) values (1,'Responsable Inscripto','RI'),(2,'Responsable No Inscripto','RNI'),(3,'Monotributo','MON');

/*Table structure for table `cliente_tipocliente` */

DROP TABLE IF EXISTS `cliente_tipocliente`;

CREATE TABLE `cliente_tipocliente` (
  `idTipoCliente` int(11) NOT NULL AUTO_INCREMENT,
  `descripcion` varchar(128) DEFAULT NULL,
  PRIMARY KEY (`idTipoCliente`)
) ENGINE=InnoDB AUTO_INCREMENT=20 DEFAULT CHARSET=latin1;

/*Data for the table `cliente_tipocliente` */

insert  into `cliente_tipocliente`(`idTipoCliente`,`descripcion`) values (1,'Distribuidor Diesel'),(2,'Acoples'),(3,'Petrolera'),(19,'Cliente Potencial');

/*Table structure for table `provincia` */

DROP TABLE IF EXISTS `provincia`;

CREATE TABLE `provincia` (
  `idProvincia` int(10) unsigned NOT NULL,
  `descripcion` varchar(64) DEFAULT NULL,
  PRIMARY KEY (`idProvincia`)
) ENGINE=InnoDB DEFAULT CHARSET=latin1;

/*Data for the table `provincia` */

insert  into `provincia`(`idProvincia`,`descripcion`) values (1,'Ciudad Autónoma de Buenos Aires'),(2,'Buenos Aires'),(3,'Catamarca'),(4,'Córdoba'),(5,'Corrientes'),(6,'Chaco'),(7,'Chubut'),(8,'Entre Rios'),(9,'Formosa'),(10,'Jujuy'),(11,'La Pampa'),(12,'La Rioja'),(13,'Mendoza'),(14,'Misiones'),(15,'Neuquen'),(16,'Rio Negro'),(17,'Salta'),(18,'San Juan'),(19,'San Luis'),(20,'Santa Cruz'),(21,'Santa Fe'),(22,'Santiago del Estero'),(23,'Tierra del fuego'),(24,'Tucuman');

/*!40101 SET SQL_MODE=@OLD_SQL_MODE */;
/*!40014 SET FOREIGN_KEY_CHECKS=@OLD_FOREIGN_KEY_CHECKS */;
