/*
SQLyog Enterprise - MySQL GUI v7.15 
MySQL - 5.1.73-1 : Database - aexomanager
*********************************************************************
*/

/*!40101 SET NAMES utf8 */;

/*!40101 SET SQL_MODE=''*/;

/*!40014 SET @OLD_FOREIGN_KEY_CHECKS=@@FOREIGN_KEY_CHECKS, FOREIGN_KEY_CHECKS=0 */;
/*!40101 SET @OLD_SQL_MODE=@@SQL_MODE, SQL_MODE='NO_AUTO_VALUE_ON_ZERO' */;

CREATE DATABASE /*!32312 IF NOT EXISTS*/`aexomanager` /*!40100 DEFAULT CHARACTER SET latin1 */;

USE `aexomanager`;

/*Table structure for table `accion` */

DROP TABLE IF EXISTS `accion`;

CREATE TABLE `accion` (
  `idAccion` int(11) NOT NULL AUTO_INCREMENT,
  `descripcion` varchar(128) DEFAULT NULL,
  `label` varchar(16) DEFAULT NULL,
  PRIMARY KEY (`idAccion`)
) ENGINE=InnoDB AUTO_INCREMENT=2 DEFAULT CHARSET=latin1;

/*Data for the table `accion` */

insert  into `accion`(`idAccion`,`descripcion`,`label`) values (1,'Autorizar pagos','[AUTORIZAPAGO]');

/*Table structure for table `estadopago` */

DROP TABLE IF EXISTS `estadopago`;

CREATE TABLE `estadopago` (
  `idEstadoPago` int(11) NOT NULL AUTO_INCREMENT,
  `descripcion` varchar(64) DEFAULT NULL,
  PRIMARY KEY (`idEstadoPago`)
) ENGINE=InnoDB AUTO_INCREMENT=6 DEFAULT CHARSET=latin1;

/*Data for the table `estadopago` */

insert  into `estadopago`(`idEstadoPago`,`descripcion`) values (1,'Borrador'),(2,'Pendiente Autorizar'),(3,'Autorizado'),(4,'Realizado'),(5,'Conciliado');

/*Table structure for table `mediocobro` */

DROP TABLE IF EXISTS `mediocobro`;

CREATE TABLE `mediocobro` (
  `idMedioCobro` int(11) NOT NULL AUTO_INCREMENT,
  `fecha` date DEFAULT NULL,
  `importeSiva` float DEFAULT NULL,
  `importeTotal` float DEFAULT NULL,
  `cuitCliente` varchar(13) DEFAULT NULL,
  `nombreCliente` varchar(256) DEFAULT NULL,
  `descripcion` varchar(256) DEFAULT NULL,
  `idTipoMedio` int(11) DEFAULT NULL,
  `nroComprobante` varchar(12) DEFAULT NULL,
  `nroSerie` varchar(4) DEFAULT NULL,
  `fechaCreacion` datetime DEFAULT NULL,
  PRIMARY KEY (`idMedioCobro`),
  KEY `FK_comprobanteventa` (`idTipoMedio`),
  CONSTRAINT `FK_mediocobro_tipomedio` FOREIGN KEY (`idTipoMedio`) REFERENCES `tipomedio` (`idTipoMedio`)
) ENGINE=InnoDB AUTO_INCREMENT=40 DEFAULT CHARSET=utf8;

/*Data for the table `mediocobro` */

insert  into `mediocobro`(`idMedioCobro`,`fecha`,`importeSiva`,`importeTotal`,`cuitCliente`,`nombreCliente`,`descripcion`,`idTipoMedio`,`nroComprobante`,`nroSerie`,`fechaCreacion`) values (13,'2015-02-25',0,53194,'1','LOSI','',1,'0005-0000002','','2015-01-20 16:52:25'),(19,'2015-02-28',0,47118.9,'30-54717491-3','Bertotto','Pago  FC 30',1,'0005-000030','3437','2015-02-02 13:42:17'),(21,'2015-03-18',0,39868.4,'3','PASTORINO','',1,'FC','3923','2015-03-16 12:00:05'),(22,'2015-03-03',0,40000,'3','PASTORINO','',1,'FC','3923','2015-02-03 16:38:22'),(23,'2015-02-20',0,2706,'3','DISTRIBUIDORA RIO','',1,'FC','9690','2015-02-03 16:39:18'),(24,'2015-02-20',0,2910,'3','DISTRIBUIDORA RIO','',1,'FC','1967','2015-02-03 16:40:08'),(26,'2015-02-10',0,3800,'3','DISTRIBUIDORA RIO','',1,'FC','3587','2015-02-03 16:41:25'),(28,'2015-02-27',0,26998.9,'30673682622','Distribuidora Rio','',1,'44','1','2015-03-09 11:37:33'),(29,'2015-03-27',0,12180.7,'30518242888','Hector Losi','Anticipo Brazo de carga',1,'43','1','2015-03-03 11:20:20'),(30,'2015-03-27',0,9075,'30500858628','Molinos Rio de la Plata','Valvula',1,'42','1','2015-03-03 11:21:33'),(31,'2015-03-23',0,16188.1,'20921025409','Bylpa - Manuel Caen','Tubo de descarga',1,'41','1','2015-03-03 11:22:57'),(33,'2015-03-13',0,6907.26,'30514282888','Hector Losi','',1,'39','1','2015-03-03 11:40:32'),(36,'2015-03-20',0,34187.9,'30673682622','DIST. RIO','',1,'44','0877','2015-03-09 11:38:15'),(37,'2015-03-27',0,54142.7,'30673682622','DIST. RIO','',1,'44','0400','2015-03-09 11:38:46'),(38,'2015-03-10',0,1718.2,'1','gomafiltro','',1,'33','8406','2015-03-10 11:50:47'),(39,'2015-03-10',0,2009.82,'1','gomafiltro','',1,'33','2170','2015-03-10 11:51:20');

/*Table structure for table `mediopago` */

DROP TABLE IF EXISTS `mediopago`;

CREATE TABLE `mediopago` (
  `idMedioPago` int(11) NOT NULL AUTO_INCREMENT,
  `fecha` date DEFAULT NULL,
  `importeSiva` float DEFAULT NULL,
  `importeTotal` float DEFAULT NULL,
  `cuitProveedor` varchar(13) DEFAULT NULL,
  `nombreProveedor` varchar(256) DEFAULT NULL,
  `descripcion` varchar(256) DEFAULT NULL,
  `idTipoMedio` int(11) DEFAULT NULL,
  `nroComprobante` varchar(12) DEFAULT NULL,
  `nroSerie` varchar(4) DEFAULT NULL,
  `fechaCreacion` datetime DEFAULT NULL,
  `idEstadoPago` int(11) DEFAULT NULL,
  PRIMARY KEY (`idMedioPago`),
  KEY `FK_comprobanteventa` (`idTipoMedio`),
  KEY `FK_mediopago_estadopago` (`idEstadoPago`),
  CONSTRAINT `FK_mediopago_estadopago` FOREIGN KEY (`idEstadoPago`) REFERENCES `estadopago` (`idEstadoPago`),
  CONSTRAINT `FK_mediopago_tipomedio` FOREIGN KEY (`idTipoMedio`) REFERENCES `tipomedio` (`idTipoMedio`)
) ENGINE=InnoDB AUTO_INCREMENT=55 DEFAULT CHARSET=utf8;

/*Data for the table `mediopago` */

insert  into `mediopago`(`idMedioPago`,`fecha`,`importeSiva`,`importeTotal`,`cuitProveedor`,`nombreProveedor`,`descripcion`,`idTipoMedio`,`nroComprobante`,`nroSerie`,`fechaCreacion`,`idEstadoPago`) values (4,'2015-01-07',214.88,1214.88,'1','INACAP','INACAP',1,'1','1','2015-02-12 16:32:09',1),(5,'2015-01-07',448.93,1489.43,'2','FAECYS','FAECYS',1,'2','1','2015-02-12 11:35:03',1),(6,'2015-01-14',43298,43298,'2','SUSS','SUSS',1,'2','1','2015-01-18 13:01:35',1),(9,'2015-01-02',524.57,524.57,'30-55449764-7','CITY MEDICAL SERVICE SA','SERVICIOS MEDICOS',1,'0003-0000115','','2015-01-19 08:33:54',1),(19,'2015-01-12',48679.1,48679.1,'1','GALENO','',1,'0001-000001','','2015-03-03 10:44:10',1),(22,'2015-02-04',0,10789.3,'30554497647','Sindicato de emp. comercio','',1,'1','1-00','2015-03-03 10:45:04',1),(23,'2015-02-04',0,517.05,'3','Patente - FOB140','Fiorino',1,'dv51','008-','2015-02-04 12:42:22',1),(24,'2015-02-04',0,999.84,'3','Patente - GWB187','Renault clio',1,'DV-11','008-','2015-02-04 12:43:28',1),(25,'2015-02-04',0,8759.41,'3','Patente - MRW802','Volkwagen vento',1,'DV-35','008-','2015-02-04 12:47:00',1),(30,'2015-01-14',0,283.24,'30-71203015-8','LEONARDO ADROVER','',1,'1','0002','2015-02-04 13:00:32',1),(31,'2015-02-04',0,5899.11,'30-50006324-2','Instituto Mercantil','',1,'80082','1048','2015-02-04 16:00:04',1),(41,'2015-02-12',0,350,'1','Estudio cacciatore','libro de sueldos - denuncia',1,'1','1','2015-02-12 16:25:34',1),(42,'2015-02-12',0,2527.33,'1','AFIP INTIMACION','',1,'5515','1117','2015-02-12 16:31:52',1),(43,'2015-02-11',0,12159.3,'30695333893','SMALL CASTINGS','',1,'8201','1','2015-02-12 16:32:58',1),(45,'2014-11-21',0,29000,'3','AFIP','SUSS',1,'2','','2015-02-13 17:56:44',1),(46,'2015-02-05',0,7500,'1','DDR','Apple Ipad Air 16gb Retina A7 Wifi ',1,'1','','2015-02-18 17:19:11',1),(47,'2015-02-09',0,29651.1,'27238530658','Garcia','',1,'995','1','2015-03-03 10:48:50',1),(48,'2015-02-19',0,13957.3,'27238530658','Garcia','',1,'996','1','2015-03-03 10:49:53',1),(49,'2015-03-10',0,1176.25,'33692148229','Staples','',1,'346988','35','2015-03-03 10:58:10',1),(50,'2015-02-27',0,27086.8,'1','Iva Enero F.731','',1,'1/12','1','2015-03-03 11:01:34',1),(52,'2015-03-02',0,5705.27,'30708739746','Aceros Sud','',1,'22357','1','2015-03-03 12:04:29',1),(54,'2015-03-20',0,6896.53,'30684766690','LIT ALUMINIOS','',1,'73407','7052','2015-03-10 09:34:43',1);

/*Table structure for table `movimiento` */

DROP TABLE IF EXISTS `movimiento`;

CREATE TABLE `movimiento` (
  `idMovimiento` int(11) NOT NULL AUTO_INCREMENT,
  `descripcion` varchar(128) DEFAULT NULL,
  `idTipoMovimiento` int(11) NOT NULL,
  `fechaPago` date NOT NULL,
  `importeIngreso` float DEFAULT NULL,
  `importeEgreso` float DEFAULT NULL,
  `fechaCreacion` datetime NOT NULL,
  `nroOrden` int(11) DEFAULT NULL,
  `idMovimientoOrigen` int(11) DEFAULT NULL,
  `idMedioCobro` int(11) DEFAULT NULL,
  `idMedioPago` int(11) DEFAULT NULL,
  `idRepeticion` int(11) DEFAULT NULL,
  `nroRepeticion` int(11) DEFAULT NULL,
  `esConciliado` tinyint(4) DEFAULT NULL,
  PRIMARY KEY (`idMovimiento`),
  KEY `FK_movimiento` (`idTipoMovimiento`),
  KEY `FK_movimiento_comprovanteventa` (`idMedioCobro`),
  KEY `FK_movimiento_comprobanteCpr` (`idMedioPago`),
  CONSTRAINT `FK_movimiento` FOREIGN KEY (`idTipoMovimiento`) REFERENCES `tipomovimiento` (`idTipoMovimiento`),
  CONSTRAINT `FK_movimiento_mediocobro` FOREIGN KEY (`idMedioCobro`) REFERENCES `mediocobro` (`idMedioCobro`),
  CONSTRAINT `FK_movimiento_mediopago` FOREIGN KEY (`idMedioPago`) REFERENCES `mediopago` (`idMedioPago`)
) ENGINE=InnoDB AUTO_INCREMENT=444 DEFAULT CHARSET=utf8;

/*Data for the table `movimiento` */

insert  into `movimiento`(`idMovimiento`,`descripcion`,`idTipoMovimiento`,`fechaPago`,`importeIngreso`,`importeEgreso`,`fechaCreacion`,`nroOrden`,`idMovimientoOrigen`,`idMedioCobro`,`idMedioPago`,`idRepeticion`,`nroRepeticion`,`esConciliado`) values (38,'Extraccion',2,'2015-01-02',NULL,1000,'2015-01-17 17:48:06',5910,NULL,NULL,NULL,NULL,NULL,NULL),(39,'Mapfre Argentina',2,'2015-01-02',NULL,826,'2015-01-17 17:49:32',3944,NULL,NULL,NULL,NULL,NULL,NULL),(40,'Sueldo+SAC  Marcelo',2,'2015-01-02',NULL,7892,'2015-01-17 17:52:35',226,NULL,NULL,NULL,NULL,NULL,NULL),(41,'Sueldo+SAC DDR',2,'2015-01-02',NULL,21000,'2015-01-17 17:53:31',175,NULL,NULL,NULL,NULL,NULL,NULL),(42,'Sueldo+SAC  Jose',2,'2015-01-02',NULL,12008,'2015-01-17 17:54:25',226,NULL,NULL,NULL,NULL,NULL,NULL),(43,'Sueldo+SAC GS',2,'2015-01-02',NULL,14695,'2015-01-17 17:55:14',226,NULL,NULL,NULL,NULL,NULL,NULL),(44,'Sueldo+SAC RB',2,'2015-01-02',NULL,9745,'2015-01-17 17:56:04',2147483647,NULL,NULL,NULL,NULL,NULL,NULL),(45,'Extraccion',1,'2015-01-02',278924,NULL,'2015-01-18 12:00:13',5910,NULL,NULL,NULL,NULL,NULL,NULL),(46,'Pago Cci 24hs Gravada Interbanking  - A Cbu 0170179740000030112261 ',2,'2015-01-02',NULL,342.17,'2015-01-18 10:43:58',40967,NULL,NULL,NULL,NULL,NULL,NULL),(47,'Imp Ley 25413 Deb 0,6% ',2,'2015-01-02',NULL,405.06,'2015-01-18 10:44:58',29590,NULL,NULL,NULL,NULL,NULL,NULL),(49,'Clearing Recibido 48 Hs',2,'2015-01-02',NULL,3033.99,'2015-01-18 10:46:44',78528232,NULL,NULL,NULL,NULL,NULL,NULL),(50,'Prosegur Activa 47625 -938,31',2,'2015-01-02',NULL,938.31,'2015-01-18 10:49:07',78481,NULL,NULL,NULL,NULL,NULL,NULL),(51,'Pago Electronico de Servicios Movistar 0100134754167',2,'2015-01-05',NULL,6766.46,'2015-01-18 11:24:37',425395,NULL,NULL,NULL,NULL,NULL,NULL),(52,'Caja Chica',2,'2015-01-05',NULL,4000,'2015-01-18 11:25:44',10001,NULL,NULL,NULL,NULL,NULL,NULL),(53,'Imp Ley 25413 Deb 0.6%',2,'2015-01-05',NULL,88.43,'2015-01-18 11:27:12',29598,NULL,NULL,NULL,NULL,NULL,NULL),(54,'RVG',2,'2015-01-06',NULL,23000,'2015-01-20 12:19:02',78528237,NULL,NULL,NULL,NULL,NULL,NULL),(55,'Dirección Gral D 6499407',2,'2015-01-06',NULL,594.71,'2015-01-18 11:30:13',57883,NULL,NULL,NULL,NULL,NULL,NULL),(56,'Imp Ley 25413 Deb 0.6%',2,'2015-01-06',NULL,141.57,'2015-01-18 11:31:45',29598,NULL,NULL,NULL,NULL,NULL,NULL),(57,'Amex',2,'2015-01-07',NULL,13500,'2015-01-18 11:32:33',78528240,NULL,NULL,NULL,NULL,NULL,NULL),(58,'Cablevision ',2,'2015-01-07',NULL,1494.36,'2015-01-18 11:34:48',316069,NULL,NULL,NULL,NULL,NULL,NULL),(59,'Vittal E833943',2,'2015-01-07',NULL,117.7,'2015-01-18 11:35:36',324210,NULL,NULL,NULL,NULL,NULL,NULL),(60,'Sueldo + SAC AV',2,'2015-01-07',NULL,15799.5,'2015-01-18 11:36:31',3213311,NULL,NULL,NULL,NULL,NULL,NULL),(61,'Imp Ley 25413 Deb 0.6%',2,'2015-01-07',NULL,185.48,'2015-01-18 11:37:30',29603,NULL,NULL,NULL,NULL,NULL,NULL),(62,'Cheque',2,'2015-01-08',NULL,1459.56,'2015-01-18 11:38:19',78528238,NULL,NULL,NULL,NULL,NULL,NULL),(63,'Solmec',2,'2015-01-08',NULL,1197.9,'2015-01-18 11:39:07',21419,NULL,NULL,NULL,NULL,NULL,NULL),(64,'Telefonica',2,'2015-01-08',NULL,162.2,'2015-01-18 11:39:40',23013,NULL,NULL,NULL,NULL,NULL,NULL),(65,'Telefonica',2,'2015-01-08',NULL,802.67,'2015-01-18 11:40:16',23053,NULL,NULL,NULL,NULL,NULL,NULL),(66,'Imp Ley 25413 Deb 0.6%',2,'2015-01-08',NULL,21.74,'2015-01-18 11:41:52',29608,NULL,NULL,NULL,NULL,NULL,NULL),(67,'Cheque',2,'2015-01-12',NULL,4897.06,'2015-01-18 11:42:50',78528221,NULL,NULL,NULL,NULL,NULL,NULL),(68,'Caja Chica',2,'2015-01-12',NULL,4000,'2015-01-18 11:43:37',78528244,NULL,NULL,NULL,NULL,NULL,NULL),(69,'Imp Ley 25413 Deb 0.6%',2,'2015-01-12',NULL,53.38,'2015-01-18 11:44:42',29611,NULL,NULL,NULL,NULL,NULL,NULL),(70,'Cheque Distribuidora Rio',1,'2015-01-13',6052.86,NULL,'2015-01-18 11:46:17',14000021,NULL,NULL,NULL,NULL,NULL,NULL),(71,'Comision Procesamiento Ch Dep Cfu',2,'2015-01-13',NULL,31.78,'2015-01-18 11:47:04',29613,NULL,NULL,NULL,NULL,NULL,NULL),(72,'Iva Tasa General',2,'2015-01-13',NULL,6.67,'2015-01-18 11:47:55',29614,NULL,NULL,NULL,NULL,NULL,NULL),(73,'Imp Ley 25413 Deb 0.6%',2,'2015-01-13',NULL,36.32,'2015-01-18 11:48:46',29615,NULL,NULL,NULL,NULL,NULL,NULL),(74,'Imp Ley 25413 Deb 0.6%',2,'2015-01-13',NULL,0.23,'2015-01-18 11:49:43',29616,NULL,NULL,NULL,NULL,NULL,NULL),(75,'Regimen De Recaudacion Sincreb Z ',2,'2015-01-13',NULL,302.64,'2015-01-18 11:51:21',29618,NULL,NULL,NULL,NULL,NULL,NULL),(76,'Cheque',2,'2015-01-14',NULL,725.77,'2015-01-18 11:51:56',78528224,NULL,NULL,NULL,NULL,NULL,NULL),(77,'Comision Envio inf \"c\" 4469',2,'2015-01-14',NULL,327.4,'2015-01-18 11:52:40',29619,NULL,NULL,NULL,NULL,NULL,NULL),(78,'Imp Ley 25413 Deb 0.6%',2,'2015-01-14',NULL,8.13,'2015-01-18 11:53:20',29620,NULL,NULL,NULL,NULL,NULL,NULL),(79,'Computadoras Repuestos',2,'2015-01-15',NULL,1150,'2015-01-18 11:54:02',5204,NULL,NULL,NULL,NULL,NULL,NULL),(80,'Almuerzo AOYPF',2,'2015-01-15',NULL,808.2,'2015-01-18 11:54:34',5263,NULL,NULL,NULL,NULL,NULL,NULL),(81,'Cheque',2,'2015-01-15',NULL,4174.5,'2015-01-18 11:55:15',78528247,NULL,NULL,NULL,NULL,NULL,NULL),(82,'Imp Ley 25413 Deb 0.6%',2,'2015-01-15',NULL,36.8,'2015-01-18 11:55:56',29624,NULL,NULL,NULL,NULL,NULL,NULL),(83,'AFIP ',2,'2015-01-16',NULL,4083.38,'2015-01-18 11:56:28',65521,NULL,NULL,NULL,NULL,NULL,NULL),(84,'AFIP',2,'2015-01-16',NULL,30746.3,'2015-01-18 11:56:55',65522,NULL,NULL,NULL,NULL,NULL,NULL),(85,'Imp Ley 25413 Deb 0.6%',2,'2015-01-16',NULL,208.98,'2015-01-18 11:57:41',29627,NULL,NULL,NULL,NULL,NULL,NULL),(86,'RVG',2,'2015-01-19',NULL,30000,'2015-01-18 11:58:27',78528225,NULL,NULL,NULL,NULL,NULL,NULL),(87,'Extraccion',1,'2015-01-01',1000,1000,'2015-01-18 12:01:10',5910,NULL,NULL,NULL,NULL,NULL,NULL),(88,'ZALOZE',2,'2015-02-06',NULL,1642.1,'2015-02-08 19:55:40',0,NULL,NULL,NULL,NULL,NULL,1),(92,'ENDURECIDO',2,'2015-01-13',NULL,726,'2015-01-19 09:49:37',0,NULL,NULL,NULL,NULL,NULL,NULL),(93,'BOLITAS',2,'2015-01-29',NULL,5644.65,'2015-01-19 09:52:08',0,NULL,NULL,NULL,NULL,NULL,NULL),(94,'LIT ALUMINIO',2,'2015-01-20',NULL,6951.92,'2015-02-07 08:35:00',78528243,NULL,NULL,NULL,NULL,NULL,NULL),(97,'MATAFUEGOS',2,'2015-01-29',NULL,1701,'2015-01-20 17:15:05',78528252,NULL,NULL,NULL,NULL,NULL,NULL),(99,'Imp Ley 25413 Deb 0.6%',2,'2015-01-19',NULL,180,'2015-01-21 12:25:23',0,NULL,NULL,NULL,NULL,NULL,NULL),(100,'NO SE',2,'2015-01-20',NULL,2359.5,'2015-01-21 12:28:18',78528225,NULL,NULL,NULL,NULL,NULL,NULL),(101,'Prosegur',2,'2015-01-20',NULL,954,'2015-01-21 12:29:30',21981,NULL,NULL,NULL,4,30,NULL),(102,'Prosegur',2,'2015-02-20',NULL,954,'2015-01-21 12:29:30',21981,NULL,NULL,NULL,4,29,NULL),(103,'Prosegur',2,'2015-03-20',NULL,954,'2015-01-21 12:29:30',21981,NULL,NULL,NULL,4,28,NULL),(104,'Prosegur',2,'2015-04-20',NULL,954,'2015-01-21 12:29:30',21981,NULL,NULL,NULL,4,27,NULL),(105,'Prosegur',2,'2015-05-20',NULL,954,'2015-01-21 12:29:30',21981,NULL,NULL,NULL,4,26,NULL),(106,'Prosegur',2,'2015-06-20',NULL,954,'2015-01-21 12:29:30',21981,NULL,NULL,NULL,4,25,NULL),(107,'Prosegur',2,'2015-07-20',NULL,954,'2015-01-21 12:29:30',21981,NULL,NULL,NULL,4,24,NULL),(108,'Prosegur',2,'2015-08-20',NULL,954,'2015-01-21 12:29:30',21981,NULL,NULL,NULL,4,23,NULL),(109,'Prosegur',2,'2015-09-20',NULL,954,'2015-01-21 12:29:30',21981,NULL,NULL,NULL,4,22,NULL),(110,'Prosegur',2,'2015-10-20',NULL,954,'2015-01-21 12:29:30',21981,NULL,NULL,NULL,4,21,NULL),(111,'Prosegur',2,'2015-11-20',NULL,954,'2015-01-21 12:29:30',21981,NULL,NULL,NULL,4,20,NULL),(112,'Prosegur',2,'2015-12-20',NULL,954,'2015-01-21 12:29:30',21981,NULL,NULL,NULL,4,19,NULL),(113,'Prosegur',2,'2016-01-20',NULL,954,'2015-01-21 12:29:30',21981,NULL,NULL,NULL,4,18,NULL),(114,'Prosegur',2,'2016-02-20',NULL,954,'2015-01-21 12:29:30',21981,NULL,NULL,NULL,4,17,NULL),(115,'Prosegur',2,'2016-03-20',NULL,954,'2015-01-21 12:29:30',21981,NULL,NULL,NULL,4,16,NULL),(116,'Prosegur',2,'2016-04-20',NULL,954,'2015-01-21 12:29:30',21981,NULL,NULL,NULL,4,15,NULL),(117,'Prosegur',2,'2016-05-20',NULL,954,'2015-01-21 12:29:30',21981,NULL,NULL,NULL,4,14,NULL),(118,'Prosegur',2,'2016-06-20',NULL,954,'2015-01-21 12:29:30',21981,NULL,NULL,NULL,4,13,NULL),(119,'Prosegur',2,'2016-07-20',NULL,954,'2015-01-21 12:29:30',21981,NULL,NULL,NULL,4,12,NULL),(120,'Prosegur',2,'2016-08-20',NULL,954,'2015-01-21 12:29:30',21981,NULL,NULL,NULL,4,11,NULL),(121,'Prosegur',2,'2016-09-20',NULL,954,'2015-01-21 12:29:30',21981,NULL,NULL,NULL,4,10,NULL),(122,'Prosegur',2,'2016-10-20',NULL,954,'2015-01-21 12:29:30',21981,NULL,NULL,NULL,4,9,NULL),(123,'Prosegur',2,'2016-11-20',NULL,954,'2015-01-21 12:29:30',21981,NULL,NULL,NULL,4,8,NULL),(124,'Prosegur',2,'2016-12-20',NULL,954,'2015-01-21 12:29:30',21981,NULL,NULL,NULL,4,7,NULL),(125,'Prosegur',2,'2017-01-20',NULL,954,'2015-01-21 12:29:30',21981,NULL,NULL,NULL,4,6,NULL),(126,'Prosegur',2,'2017-02-20',NULL,954,'2015-01-21 12:29:30',21981,NULL,NULL,NULL,4,5,NULL),(127,'Prosegur',2,'2017-03-20',NULL,954,'2015-01-21 12:29:30',21981,NULL,NULL,NULL,4,4,NULL),(128,'Prosegur',2,'2017-04-20',NULL,954,'2015-01-21 12:29:30',21981,NULL,NULL,NULL,4,3,NULL),(129,'Prosegur',2,'2017-05-20',NULL,954,'2015-01-21 12:29:30',21981,NULL,NULL,NULL,4,2,NULL),(130,'Prosegur',2,'2017-06-20',NULL,954,'2015-01-21 12:29:30',21981,NULL,NULL,NULL,4,1,NULL),(131,'Abogada',2,'2015-01-20',NULL,2079,'2015-01-21 12:31:07',7745964,NULL,NULL,NULL,NULL,NULL,NULL),(132,'Chiazza',1,'2015-01-20',3496.9,NULL,'2015-01-21 12:32:50',999540,NULL,NULL,NULL,NULL,NULL,NULL),(133,'Imp Ley 25413 Deb 06%',2,'2015-01-20',NULL,74.07,'2015-01-21 12:34:16',4633,NULL,NULL,NULL,NULL,NULL,NULL),(134,'Imp Ley 25413 Deb 0.6%',2,'2015-01-20',NULL,20.98,'2015-01-21 12:35:29',29636,NULL,NULL,NULL,NULL,NULL,NULL),(135,'Garcia',2,'2015-02-20',NULL,5000,'2015-02-23 10:27:36',78528253,NULL,NULL,NULL,NULL,NULL,1),(136,'Garcia',2,'2015-02-20',NULL,5000,'2015-01-21 12:41:43',78528254,NULL,NULL,NULL,NULL,NULL,NULL),(137,'Garcia',2,'2015-02-20',NULL,5000,'2015-01-21 12:42:10',78528255,NULL,NULL,NULL,NULL,NULL,NULL),(138,'cheque',2,'2015-01-21',NULL,2000,'2015-01-21 15:17:08',78528229,NULL,NULL,NULL,NULL,NULL,NULL),(139,'Sircreb',2,'2015-01-20',NULL,174.85,'2015-01-22 10:48:59',29639,NULL,NULL,NULL,NULL,NULL,NULL),(140,'AOM  Bunge',2,'2015-01-22',NULL,3000,'2015-01-22 10:47:32',0,NULL,NULL,NULL,NULL,NULL,NULL),(141,'ARGENTINA CARGO',2,'1915-02-21',NULL,10000,'2015-01-22 12:12:25',3912691,NULL,NULL,NULL,NULL,NULL,NULL),(142,'Argentina cargo',2,'2015-01-22',NULL,10000,'2015-01-23 09:36:44',0,NULL,NULL,NULL,NULL,NULL,NULL),(143,'Imp Ley 25413 Cred 0.6%',2,'2015-01-21',NULL,57.17,'2015-01-23 17:41:47',0,NULL,NULL,NULL,NULL,NULL,NULL),(144,'Imp Ley 25413 Cred 0.6%',2,'2015-01-22',NULL,41.36,'2015-01-23 17:42:28',0,NULL,NULL,NULL,NULL,NULL,NULL),(145,'Regimen De Recaudacion Sicreb Z ',2,'2015-01-21',NULL,476.45,'2015-01-23 17:43:32',0,NULL,NULL,NULL,NULL,NULL,NULL),(146,'Imp Ley 25413 Deb 0.6%',2,'2015-01-22',NULL,80.86,'2015-01-23 17:44:15',0,NULL,NULL,NULL,NULL,NULL,NULL),(147,'Caja Chica',2,'2015-01-23',NULL,3000,'2015-01-23 17:45:08',0,NULL,NULL,NULL,NULL,NULL,NULL),(148,'Telmex',2,'2015-01-23',NULL,24.68,'2015-01-23 17:45:49',0,NULL,NULL,NULL,NULL,NULL,NULL),(149,'Losi',1,'2015-01-23',1153.04,NULL,'2015-01-23 17:46:38',0,NULL,NULL,NULL,NULL,NULL,NULL),(150,'mariela',2,'2015-01-21',NULL,4719,'2015-01-23 18:00:39',0,NULL,NULL,NULL,NULL,NULL,NULL),(152,'Caja Chica',2,'2015-01-26',NULL,4000,'2015-01-27 08:48:33',0,NULL,NULL,NULL,NULL,NULL,NULL),(158,'SUELDO RAUL ',2,'2015-02-03',NULL,17644.1,'2015-02-03 16:44:02',3213311,NULL,NULL,NULL,5,10,NULL),(159,'SUELDO RAUL ',2,'2015-03-03',NULL,14305,'2015-03-05 14:03:29',3213311,NULL,NULL,NULL,5,9,1),(160,'SUELDO RAUL ',2,'2015-04-03',NULL,17644.1,'2015-02-03 16:44:02',3213311,NULL,NULL,NULL,5,8,NULL),(161,'SUELDO RAUL ',2,'2015-05-03',NULL,17644.1,'2015-02-03 16:44:02',3213311,NULL,NULL,NULL,5,7,NULL),(162,'SUELDO RAUL ',2,'2015-06-03',NULL,17644.1,'2015-02-03 16:44:02',3213311,NULL,NULL,NULL,5,6,NULL),(163,'SUELDO RAUL ',2,'2015-07-03',NULL,17644.1,'2015-02-03 16:44:02',3213311,NULL,NULL,NULL,5,5,NULL),(164,'SUELDO RAUL ',2,'2015-08-03',NULL,17644.1,'2015-02-03 16:44:02',3213311,NULL,NULL,NULL,5,4,NULL),(165,'SUELDO RAUL ',2,'2015-09-03',NULL,17644.1,'2015-02-03 16:44:02',3213311,NULL,NULL,NULL,5,3,NULL),(166,'SUELDO RAUL ',2,'2015-10-03',NULL,17644.1,'2015-02-03 16:44:02',3213311,NULL,NULL,NULL,5,2,NULL),(167,'SUELDO RAUL ',2,'2015-11-03',NULL,17644.1,'2015-02-03 16:44:02',3213311,NULL,NULL,NULL,5,1,NULL),(168,'SUELDO JOSE ',2,'2015-02-03',NULL,9006.08,'2015-02-03 16:44:41',3213311,NULL,NULL,NULL,6,10,NULL),(169,'SUELDO JOSE ',2,'2015-03-03',NULL,7899.81,'2015-02-27 12:58:54',3213311,NULL,NULL,NULL,6,9,1),(170,'SUELDO JOSE ',2,'2015-04-03',NULL,9006.08,'2015-02-03 16:44:41',3213311,NULL,NULL,NULL,6,8,NULL),(171,'SUELDO JOSE ',2,'2015-05-03',NULL,9006.08,'2015-02-03 16:44:41',3213311,NULL,NULL,NULL,6,7,NULL),(172,'SUELDO JOSE ',2,'2015-06-03',NULL,9006.08,'2015-02-03 16:44:41',3213311,NULL,NULL,NULL,6,6,NULL),(173,'SUELDO JOSE ',2,'2015-07-03',NULL,9006.08,'2015-02-03 16:44:41',3213311,NULL,NULL,NULL,6,5,NULL),(174,'SUELDO JOSE ',2,'2015-08-03',NULL,9006.08,'2015-02-03 16:44:41',3213311,NULL,NULL,NULL,6,4,NULL),(175,'SUELDO JOSE ',2,'2015-09-03',NULL,9006.08,'2015-02-03 16:44:41',3213311,NULL,NULL,NULL,6,3,NULL),(176,'SUELDO JOSE ',2,'2015-10-03',NULL,9006.08,'2015-02-03 16:44:41',3213311,NULL,NULL,NULL,6,2,NULL),(177,'SUELDO JOSE ',2,'2015-11-03',NULL,9006.08,'2015-02-03 16:44:41',3213311,NULL,NULL,NULL,6,1,NULL),(178,'SUELDO DIEGO',2,'2015-02-03',NULL,15306.7,'2015-02-03 16:45:28',3213311,NULL,NULL,NULL,7,10,NULL),(179,'SUELDO DIEGO',2,'2015-03-03',NULL,14000,'2015-02-23 12:25:00',3213311,NULL,NULL,NULL,7,9,0),(180,'SUELDO DIEGO',2,'2015-04-03',NULL,15306.7,'2015-02-03 16:45:28',3213311,NULL,NULL,NULL,7,8,NULL),(181,'SUELDO DIEGO',2,'2015-05-03',NULL,15306.7,'2015-02-03 16:45:28',3213311,NULL,NULL,NULL,7,7,NULL),(182,'SUELDO DIEGO',2,'2015-06-03',NULL,15306.7,'2015-02-03 16:45:28',3213311,NULL,NULL,NULL,7,6,NULL),(183,'SUELDO DIEGO',2,'2015-07-03',NULL,15306.7,'2015-02-03 16:45:28',3213311,NULL,NULL,NULL,7,5,NULL),(184,'SUELDO DIEGO',2,'2015-08-03',NULL,15306.7,'2015-02-03 16:45:28',3213311,NULL,NULL,NULL,7,4,NULL),(185,'SUELDO DIEGO',2,'2015-09-03',NULL,15306.7,'2015-02-03 16:45:28',3213311,NULL,NULL,NULL,7,3,NULL),(186,'SUELDO DIEGO',2,'2015-10-03',NULL,15306.7,'2015-02-03 16:45:28',3213311,NULL,NULL,NULL,7,2,NULL),(187,'SUELDO DIEGO',2,'2015-11-03',NULL,15306.7,'2015-02-03 16:45:28',3213311,NULL,NULL,NULL,7,1,NULL),(188,'SUELDO MARCELO',2,'2015-02-03',NULL,5571.87,'2015-02-03 16:46:08',3213311,NULL,NULL,NULL,8,10,NULL),(189,'SUELDO MARCELO',2,'2015-03-03',NULL,5201.4,'2015-02-27 12:58:18',3213311,NULL,NULL,NULL,8,9,1),(190,'SUELDO MARCELO',2,'2015-04-03',NULL,5571.87,'2015-02-03 16:46:08',3213311,NULL,NULL,NULL,8,8,NULL),(191,'SUELDO MARCELO',2,'2015-05-03',NULL,5571.87,'2015-02-03 16:46:08',3213311,NULL,NULL,NULL,8,7,NULL),(192,'SUELDO MARCELO',2,'2015-06-03',NULL,5571.87,'2015-02-03 16:46:08',3213311,NULL,NULL,NULL,8,6,NULL),(193,'SUELDO MARCELO',2,'2015-07-03',NULL,5571.87,'2015-02-03 16:46:08',3213311,NULL,NULL,NULL,8,5,NULL),(194,'SUELDO MARCELO',2,'2015-08-03',NULL,5571.87,'2015-02-03 16:46:08',3213311,NULL,NULL,NULL,8,4,NULL),(195,'SUELDO MARCELO',2,'2015-09-03',NULL,5571.87,'2015-02-03 16:46:08',3213311,NULL,NULL,NULL,8,3,NULL),(196,'SUELDO MARCELO',2,'2015-10-03',NULL,5571.87,'2015-02-03 16:46:08',3213311,NULL,NULL,NULL,8,2,NULL),(197,'SUELDO MARCELO',2,'2015-11-03',NULL,5571.87,'2015-02-03 16:46:08',3213311,NULL,NULL,NULL,8,1,NULL),(198,'SUELDO GABRIEL',2,'2015-02-03',NULL,25567.2,'2015-02-03 16:48:49',3213311,NULL,NULL,NULL,NULL,NULL,NULL),(199,'ROTHAR SISTEMA CUOTA 1',2,'2015-02-03',NULL,3500,'2015-02-03 16:50:33',31242,NULL,NULL,NULL,NULL,NULL,NULL),(200,'MORI',2,'2015-02-03',NULL,6500,'2015-02-03 16:51:00',31258,NULL,NULL,NULL,NULL,NULL,NULL),(201,'Cheque',1,'2015-02-05',6130.78,NULL,'2015-02-11 10:46:39',39500012,NULL,NULL,NULL,NULL,NULL,0),(202,'Clearing Recibido 48 Hs ',2,'2015-01-29',NULL,32713.8,'2015-02-07 10:19:31',78528234,NULL,NULL,NULL,NULL,NULL,NULL),(203,'Imp Ley 25413 Deb 0,6% ',2,'2015-02-06',NULL,15.6,'2015-02-07 18:00:44',0,NULL,NULL,NULL,NULL,NULL,NULL),(205,'Imp Ley 25413 Deb 0,6% ',2,'2015-02-06',NULL,35.54,'2015-02-07 18:01:50',0,NULL,NULL,NULL,NULL,NULL,NULL),(206,'Direccion Gral D 6499407 ',2,'2015-02-06',NULL,594.71,'2015-02-07 18:02:46',0,NULL,NULL,NULL,NULL,NULL,NULL),(207,'Iva Tasa General',2,'2015-02-06',NULL,9.63,'2015-02-07 18:03:19',0,NULL,NULL,NULL,NULL,NULL,NULL),(208,'Comision Procesamiento Ch Dep Cfu ',2,'2015-02-06',NULL,45.87,'2015-02-07 18:04:02',0,NULL,NULL,NULL,NULL,NULL,NULL),(210,'Valor Al Cobro Comp Elect Otra Loc ',1,'2015-02-06',5923.38,NULL,'2015-02-07 18:11:07',0,NULL,NULL,NULL,NULL,NULL,NULL),(211,'Regimen De Recaudacion Sircreb Z  - 30554497647 ',2,'2015-02-05',NULL,306.54,'2015-02-07 18:12:41',0,NULL,NULL,NULL,NULL,NULL,NULL),(212,'Imp Ley 25413 Cred 0,6% ',2,'2015-02-05',NULL,36.78,'2015-02-07 18:16:34',0,NULL,NULL,NULL,NULL,NULL,NULL),(213,'Imp Ley 25413 Cred 0,6% ',2,'2015-02-05',NULL,0.73,'2015-02-07 18:17:13',0,NULL,NULL,NULL,NULL,NULL,NULL),(214,'Vittal E833943 ',2,'2015-02-05',NULL,121.23,'2015-02-07 18:18:34',0,NULL,NULL,NULL,NULL,NULL,NULL),(215,'Imp Ley 25413 Deb 0,6% ',2,'2015-02-04',NULL,69.56,'2015-02-07 18:19:39',0,NULL,NULL,NULL,NULL,NULL,NULL),(216,'Staples Noviembre',2,'2015-02-04',NULL,1652.83,'2015-02-07 18:22:33',0,NULL,NULL,NULL,NULL,NULL,NULL),(217,'Telefonica',2,'2015-02-04',NULL,859.24,'2015-02-07 18:42:39',0,NULL,NULL,NULL,NULL,NULL,NULL),(218,'Solmec',2,'2015-02-04',NULL,2577.3,'2015-02-07 18:43:19',0,NULL,NULL,NULL,NULL,NULL,NULL),(219,'Chubb',2,'2015-02-04',NULL,369.13,'2015-02-07 18:45:26',0,NULL,NULL,NULL,NULL,NULL,NULL),(220,'Sueldo Manuel',2,'2015-02-03',NULL,4000,'2015-02-07 18:46:07',0,NULL,NULL,NULL,NULL,NULL,NULL),(221,'Cablevision S.a 69826302 ',2,'2015-02-04',NULL,1494.36,'2015-02-07 18:48:25',0,NULL,NULL,NULL,NULL,NULL,NULL),(222,'Clearing Recibido 48 Hs ',2,'2015-02-03',NULL,639.6,'2015-02-07 18:49:15',78528257,NULL,NULL,NULL,NULL,NULL,NULL),(223,'Imp Ley 25413 Deb 0,6% ',2,'2015-02-03',NULL,548.75,'2015-02-07 18:51:14',0,NULL,NULL,NULL,NULL,NULL,NULL),(224,'Canje Interno Recibido 24 Hs ',2,'2015-02-03',NULL,5644.65,'2015-02-07 18:55:13',78528248,NULL,NULL,NULL,NULL,NULL,NULL),(225,'Iva Tasa General ',2,'2015-02-03',NULL,3.15,'2015-02-07 18:56:03',0,NULL,NULL,NULL,NULL,NULL,NULL),(226,'Comision Uso De Cajero No Propio ',2,'2015-02-03',NULL,15,'2015-02-07 18:56:34',0,NULL,NULL,NULL,NULL,NULL,NULL),(227,'Regimen De Recaudacion Sircreb Z  - 30554497647',2,'2015-02-03',NULL,2370.7,'2015-02-07 19:00:57',0,NULL,NULL,NULL,NULL,NULL,NULL),(228,'Imp Ley 25413 Cred 0,6% ',2,'2015-02-02',NULL,284.48,'2015-02-09 10:20:30',0,NULL,NULL,NULL,NULL,NULL,1),(229,'Imp Ley 25413 Cred 0,6% ',2,'2015-02-02',NULL,68.1,'2015-02-07 19:02:17',0,NULL,NULL,NULL,NULL,NULL,NULL),(230,'Prosegur Activa 47625 ',2,'2015-02-02',NULL,938.31,'2015-02-07 19:03:18',0,NULL,NULL,NULL,NULL,NULL,NULL),(231,'Metrogas Sa 10783961500 ',2,'2015-02-02',NULL,62.15,'2015-02-07 19:03:53',0,NULL,NULL,NULL,NULL,NULL,NULL),(232,'Mapfre Argentina 610347 ',2,'2015-02-02',NULL,826.31,'2015-02-07 19:04:43',0,NULL,NULL,NULL,NULL,NULL,NULL),(233,'Clearing Recibido 48 Hs',2,'2015-02-02',NULL,9522.7,'2015-02-07 19:05:57',78528233,NULL,NULL,NULL,NULL,NULL,NULL),(234,'Imp Ley 25413 Deb 0,6% ',2,'2015-02-02',NULL,210.72,'2015-02-07 19:06:31',0,NULL,NULL,NULL,NULL,NULL,NULL),(235,'Iva Tasa General  - Mantenimiento Cuentas De Plan Sueldo/honorarios ',2,'2015-01-29',NULL,1.26,'2015-02-08 09:32:51',0,NULL,NULL,NULL,NULL,NULL,NULL),(237,'Comision Por Servicio De Cuenta  - Mantenimiento Cuentas De Plan Sueldo/honorarios ',2,'2015-01-29',NULL,6,'2015-02-08 09:34:08',0,NULL,NULL,NULL,NULL,NULL,NULL),(238,'Iva Tasa General ',2,'2015-01-29',NULL,26.88,'2015-02-08 09:34:42',0,NULL,NULL,NULL,NULL,NULL,NULL),(239,'Percepcion Ingresos Brutos Caba ',2,'2015-01-29',NULL,7.68,'2015-02-08 09:35:46',0,NULL,NULL,NULL,NULL,NULL,NULL),(240,'Comision Movs Mensuales Clearing ',2,'2015-01-29',NULL,128,'2015-02-08 09:37:44',0,NULL,NULL,NULL,NULL,NULL,NULL),(241,'Iva Tasa General ',2,'2015-01-29',NULL,88.2,'2015-02-08 09:38:24',0,NULL,NULL,NULL,NULL,NULL,NULL),(242,'Percepcion Ingresos Brutos Caba ',2,'2015-01-29',NULL,25.2,'2015-02-08 09:39:17',0,NULL,NULL,NULL,NULL,NULL,NULL),(243,'Comision Por Servicio De Cuenta ',2,'2015-01-29',NULL,420,'2015-02-08 09:40:08',0,NULL,NULL,NULL,NULL,NULL,NULL),(244,'Imp Ley 25413 Deb 0,6% ',2,'2015-01-29',NULL,21.5,'2015-02-08 09:40:38',0,NULL,NULL,NULL,NULL,NULL,NULL),(245,'Regimen De Recaudacion Sircreb Z  - 30554497647 ',2,'2015-01-29',NULL,3582.6,'2015-02-08 09:41:17',0,NULL,NULL,NULL,NULL,NULL,NULL),(246,'Imp Ley 25413 Cred 0,6% ',2,'2015-01-29',NULL,429.91,'2015-02-08 09:41:47',0,NULL,NULL,NULL,NULL,NULL,NULL),(247,'Imp Ley 25413 Deb 0,6% ',2,'2015-01-27',NULL,4.95,'2015-02-08 09:42:31',0,NULL,NULL,NULL,NULL,NULL,NULL),(248,'Aysa Sa 280192 ',2,'2015-01-27',NULL,345.94,'2015-02-08 09:43:07',0,NULL,NULL,NULL,NULL,NULL,NULL),(249,'Iva Tasa General ',2,'2015-01-27',NULL,79,'2015-02-08 09:43:36',0,NULL,NULL,NULL,NULL,NULL,NULL),(250,'Percepcion Ingresos Brutos Caba ',2,'2015-01-27',NULL,22.57,'2015-02-08 09:44:09',0,NULL,NULL,NULL,NULL,NULL,NULL),(251,'Comision Procesamiento Ch Dep Cfu ',2,'2015-01-27',NULL,376.17,'2015-02-08 09:44:53',0,NULL,NULL,NULL,NULL,NULL,NULL),(252,'Imp Ley 25413 Deb 0,6% ',2,'2015-01-26',NULL,71.18,'2015-02-08 09:45:38',0,NULL,NULL,NULL,NULL,NULL,NULL),(254,'Canje Interno Recibido 24 Hs ',2,'2015-01-26',NULL,909.68,'2015-02-08 09:47:20',78528235,NULL,NULL,NULL,NULL,NULL,NULL),(256,'Clearing Recibido 48 Hs ',2,'2015-01-26',NULL,6950.24,'2015-02-08 09:49:10',78528231,NULL,NULL,NULL,NULL,NULL,NULL),(257,'Regimen De Recaudacion Sircreb Z  - 30554497647 ',2,'2015-01-23',NULL,3.42,'2015-02-08 09:50:10',0,NULL,NULL,NULL,NULL,NULL,NULL),(258,'Imp Ley 25413 Deb 0,6% ',2,'2015-01-23',NULL,18.15,'2015-02-08 09:50:57',0,NULL,NULL,NULL,NULL,NULL,NULL),(259,'Imp Ley 25413 Deb 0,6% ',2,'2015-01-23',NULL,7.33,'2015-02-08 09:51:25',0,NULL,NULL,NULL,NULL,NULL,NULL),(260,'Pago A Proveedores Recibido  - Hector V Losi Y 30518242888 Fac 165-12868 ',1,'2015-01-23',68.32,NULL,'2015-02-08 09:51:58',0,NULL,NULL,NULL,NULL,NULL,NULL),(261,'Regimen De Recaudacion Sircreb Z  - 30554497647 ',2,'2015-02-06',NULL,296.17,'2015-02-08 09:53:34',0,NULL,NULL,NULL,NULL,NULL,NULL),(262,'AFIP Plan de pagos',2,'2015-02-15',NULL,4083.38,'2015-02-18 19:25:26',0,NULL,NULL,NULL,NULL,NULL,1),(263,'Afip Plan de Pagos',2,'2015-02-15',NULL,30746.5,'2015-02-11 15:23:06',0,NULL,NULL,NULL,NULL,NULL,0),(264,'Cardinal',1,'2015-02-09',13831.3,NULL,'2015-02-11 10:49:23',0,NULL,NULL,NULL,NULL,NULL,1),(265,'Comision Envio Inf \"c\" 4469',2,'2015-02-09',NULL,329.91,'2015-02-11 10:50:12',0,NULL,NULL,NULL,NULL,NULL,1),(266,'Sueldo Veron',2,'2015-02-10',NULL,12819.4,'2015-02-11 10:50:41',0,NULL,NULL,NULL,NULL,NULL,1),(267,'Imp Ley 25413 Cred 0,6% ',2,'2015-02-09',NULL,82.99,'2015-02-11 10:52:37',0,NULL,NULL,NULL,NULL,NULL,1),(268,'Imp Ley 25413 Deb 0,6% ',2,'2015-02-09',NULL,3.76,'2015-02-11 10:53:57',0,NULL,NULL,NULL,NULL,NULL,1),(269,'Amex',2,'2015-02-09',NULL,1700,'2015-02-11 10:54:34',0,NULL,NULL,NULL,NULL,NULL,1),(270,'Bulonera Atlas',2,'2015-02-10',NULL,2795.92,'2015-02-11 10:58:04',0,NULL,NULL,NULL,NULL,NULL,1),(271,'Bomeca',2,'2015-02-10',NULL,11858,'2015-02-11 10:58:51',0,NULL,NULL,NULL,NULL,NULL,1),(272,'Acero Sud',2,'2015-02-10',NULL,2841.03,'2015-02-11 10:59:33',0,NULL,NULL,NULL,NULL,NULL,1),(273,'Sicreb',2,'2015-02-11',NULL,691.57,'2015-02-11 11:00:14',0,NULL,NULL,NULL,NULL,NULL,1),(274,'CANEDA Pago Cci 24hs Gravada Interbanking  - A Cbu 0070062720000002129602 ',2,'2015-02-11',NULL,871.2,'2015-02-13 13:45:24',0,NULL,NULL,NULL,NULL,NULL,1),(275,'Imp Ley 25413 Deb 0,6% ',2,'2015-02-11',NULL,196.24,'2015-02-13 13:46:17',0,NULL,NULL,NULL,NULL,NULL,0),(276,'Imp Ley 25413 Deb 0,6% ',2,'2015-02-11',NULL,5.23,'2015-02-13 13:46:55',0,NULL,NULL,NULL,NULL,NULL,0),(277,'Comision Procesamiento Ch Dep Cfu ',2,'2015-02-11',NULL,19.95,'2015-02-13 13:48:05',0,NULL,NULL,NULL,NULL,NULL,0),(278,'',1,'2015-02-10',3800,NULL,'2015-02-13 13:48:16',0,NULL,26,NULL,NULL,NULL,NULL),(279,'Iva Tasa General ',2,'2015-02-12',NULL,4.19,'2015-02-13 13:49:16',0,NULL,NULL,NULL,NULL,NULL,1),(280,'Moto Mensajeria',2,'2015-02-11',NULL,405.35,'2015-02-13 13:56:35',0,NULL,NULL,NULL,NULL,NULL,1),(281,'Imp Ley 25413 Deb 0,6% ',2,'2015-02-11',NULL,8.3,'2015-02-13 13:57:02',0,NULL,NULL,NULL,NULL,NULL,0),(282,'Imp Ley 25413 Cred 0,6% ',2,'2015-02-12',NULL,22.8,'2015-02-13 13:57:29',0,NULL,NULL,NULL,NULL,NULL,1),(283,'Diego',2,'2015-02-13',NULL,2000,'2015-02-13 13:57:54',0,NULL,NULL,NULL,NULL,NULL,1),(284,'Regimen De Recaudacion Sircreb Z  - 30554497647 ',2,'2015-02-13',NULL,190,'2015-02-13 13:58:35',0,NULL,NULL,NULL,NULL,NULL,0),(285,'Famiq',2,'2015-02-18',NULL,2352.49,'2015-02-18 19:22:28',0,NULL,NULL,NULL,NULL,NULL,1),(286,'Alamino',1,'2015-02-18',12111,NULL,'2015-02-18 19:24:25',65922407,NULL,NULL,NULL,NULL,NULL,1),(287,'Imp Ley 25413 Deb 0,6% ',2,'2015-02-18',NULL,223.9,'2015-02-23 10:15:39',0,NULL,NULL,NULL,NULL,NULL,1),(288,'Imp Ley 25413 Deb 0,6% ',2,'2015-02-18',NULL,72.67,'2015-02-23 10:16:08',0,NULL,NULL,NULL,NULL,NULL,1),(289,'LAAPSA',2,'2015-02-20',NULL,1045.44,'2015-02-23 10:18:25',78528250,NULL,NULL,NULL,NULL,NULL,1),(290,'Comision Procesamiento Ch Dep Cfu',2,'2015-02-20',NULL,87.19,'2015-02-23 10:20:52',0,NULL,NULL,NULL,NULL,NULL,1),(291,'Iva Tasa General',2,'2015-02-20',NULL,18.31,'2015-02-23 10:21:47',0,NULL,NULL,NULL,NULL,NULL,1),(292,'Bertotto FC ',1,'2015-02-20',60083.6,NULL,'2015-02-23 10:22:34',0,NULL,NULL,NULL,NULL,NULL,1),(293,'SUELDO MORI',2,'2015-02-20',NULL,3800,'2015-02-23 10:24:28',0,NULL,NULL,NULL,NULL,NULL,1),(294,'Solarcom',2,'2015-02-20',NULL,955.9,'2015-02-23 10:24:59',0,NULL,NULL,NULL,NULL,NULL,1),(295,'Imp Ley 25413 Cred 0,6% ',2,'2015-02-20',NULL,35.44,'2015-02-23 10:25:35',0,NULL,NULL,NULL,NULL,NULL,1),(296,'Imp Ley 25413 Cred 0,6% ',2,'2015-02-20',NULL,460.15,'2015-02-23 10:26:06',0,NULL,NULL,NULL,NULL,NULL,1),(297,'Telmex Argentina-00171056 ',2,'2015-02-23',NULL,85.76,'2015-02-23 10:30:03',0,NULL,NULL,NULL,NULL,NULL,1),(298,'Regimen De Recaudacion Sircreb Z  - 30554497647 ',2,'2015-02-20',NULL,830.4,'2015-02-23 10:45:12',0,NULL,NULL,NULL,NULL,NULL,1),(299,'Iva Tasa General',2,'2015-02-23',NULL,4.04,'2015-02-23 10:46:58',0,NULL,NULL,NULL,NULL,NULL,1),(300,'Comision Procesamiento Ch Dep Cfu',2,'2015-02-23',NULL,19.25,'2015-02-23 10:47:33',0,NULL,NULL,NULL,NULL,NULL,1),(301,'Comision Procesamiento Ch Dep Cfu',2,'2015-02-23',NULL,19.25,'2015-02-23 10:48:03',0,NULL,NULL,NULL,NULL,NULL,1),(302,'Comision Procesamiento Ch Dep Cfu',2,'2015-02-23',NULL,159.58,'2015-02-23 10:48:31',0,NULL,NULL,NULL,NULL,NULL,1),(303,'Percepcion Ingresos Brutos Caba',2,'2015-02-23',NULL,9.57,'2015-02-23 10:49:09',0,NULL,NULL,NULL,NULL,NULL,1),(304,'Iva Tasa General ',2,'2015-02-23',NULL,33.51,'2015-02-23 10:49:42',0,NULL,NULL,NULL,NULL,NULL,1),(305,'Iva Tasa General ',2,'2015-02-23',NULL,4.04,'2015-02-23 10:50:26',0,NULL,NULL,NULL,NULL,NULL,1),(306,'',1,'2015-02-25',53194,NULL,'2015-02-23 10:50:46',5,NULL,13,NULL,NULL,NULL,NULL),(307,'',1,'2015-02-20',2706,NULL,'2015-02-23 10:50:59',0,NULL,23,NULL,NULL,NULL,NULL),(308,'',1,'2015-02-20',2910,NULL,'2015-02-23 10:51:07',0,NULL,24,NULL,NULL,NULL,NULL),(309,'Garcia',2,'2015-03-06',NULL,3811.5,'2015-02-23 11:37:28',78528262,NULL,NULL,NULL,NULL,NULL,0),(310,'Bulonera Atlas',2,'2015-03-02',NULL,482.53,'2015-02-23 11:38:06',78528261,NULL,NULL,NULL,NULL,NULL,0),(311,'ARGENSOL',2,'2015-02-25',NULL,2305.8,'2015-02-23 11:39:49',78528260,NULL,NULL,NULL,NULL,NULL,0),(312,'THERMAL',2,'2015-03-06',NULL,1127,'2015-02-23 11:40:34',78528259,NULL,NULL,NULL,NULL,NULL,0),(313,'GARCIA',2,'2015-03-10',NULL,3617.9,'2015-02-23 11:41:12',78528263,NULL,NULL,NULL,NULL,NULL,0),(315,'GARCIA',2,'2015-03-18',NULL,9520.03,'2015-02-23 11:42:09',78528264,NULL,NULL,NULL,NULL,NULL,0),(316,'GARCIA',2,'2015-03-21',NULL,2644.27,'2015-02-23 11:42:36',78528265,NULL,NULL,NULL,NULL,NULL,0),(317,'GARCIA',2,'2015-03-23',NULL,9326.55,'2015-02-24 14:57:34',78528266,NULL,NULL,NULL,NULL,NULL,0),(318,'SUELDO MANUEL',2,'2015-03-02',NULL,8000,'2015-02-23 12:26:08',0,NULL,NULL,NULL,NULL,NULL,0),(319,'SUELDO MORI',2,'2015-03-02',NULL,14000,'2015-02-23 12:26:44',0,NULL,NULL,NULL,NULL,NULL,0),(320,'ASPREA',2,'2015-02-23',NULL,3463.4,'2015-02-23 13:09:34',78528267,NULL,NULL,NULL,NULL,NULL,1),(321,'Caja Chica',2,'2015-02-23',NULL,3000,'2015-02-23 15:00:16',0,NULL,NULL,NULL,NULL,NULL,0),(322,'FORJADOS',2,'2015-03-20',NULL,5564.16,'2015-02-23 15:15:44',0,NULL,NULL,NULL,NULL,NULL,0),(323,'Regimen De Recaudacion Sircreb Z  - 30554497647 ',2,'2015-02-24',NULL,2940.53,'2015-02-24 14:59:24',0,NULL,NULL,NULL,NULL,NULL,1),(324,'Argentina Cargo',2,'2015-02-24',NULL,16922.6,'2015-02-24 15:00:34',0,NULL,NULL,NULL,NULL,NULL,1),(325,'SUELDO RAUL',2,'2015-02-24',NULL,2000,'2015-02-24 15:00:58',0,NULL,NULL,NULL,NULL,NULL,1),(326,'Imp Ley 25413 Cred 0,6% ',2,'2015-02-24',NULL,352.86,'2015-02-24 15:01:49',0,NULL,NULL,NULL,NULL,NULL,1),(327,'Imp Ley 25413 Deb 0,6% ',2,'2015-02-23',NULL,54.99,'2015-02-24 15:02:19',0,NULL,NULL,NULL,NULL,NULL,1),(328,'Thermal',2,'2015-03-14',NULL,920,'2015-02-24 15:04:53',0,NULL,NULL,NULL,NULL,NULL,0),(329,'Caneda',2,'2015-03-25',NULL,2499.32,'2015-02-26 14:41:22',78528270,NULL,NULL,NULL,NULL,NULL,1),(330,'VERDU PUTO',2,'2015-03-07',NULL,1897.28,'2015-02-26 14:42:28',78528271,NULL,NULL,NULL,NULL,NULL,0),(331,'Mariela',2,'2015-02-26',NULL,6050,'2015-02-26 15:19:40',0,NULL,NULL,NULL,NULL,NULL,0),(332,'Mori',2,'2015-02-26',NULL,4000,'2015-02-26 15:20:01',0,NULL,NULL,NULL,NULL,NULL,0),(333,'Movistar',2,'2015-02-26',NULL,5965.09,'2015-02-26 15:20:42',0,NULL,NULL,NULL,NULL,NULL,0),(334,'Efectivo Caja Chica',2,'2015-02-27',NULL,4000,'2015-02-27 12:02:59',78528272,NULL,NULL,NULL,NULL,NULL,0),(336,'Imp Ley 25413 Deb 0,6% ',2,'2015-02-27',NULL,100.13,'2015-02-27 12:36:06',0,NULL,NULL,NULL,NULL,NULL,1),(337,'Iva Tasa General  - Mantenimiento Cuentas De Plan Sueldo/honorarios ',2,'2015-02-27',NULL,1.26,'2015-02-27 12:36:42',0,NULL,NULL,NULL,NULL,NULL,1),(338,'Comision Por Servicio De Cuenta  - Mantenimiento Cuentas De Plan Sueldo/honorarios ',2,'2015-02-27',NULL,6,'2015-02-27 12:39:43',0,NULL,NULL,NULL,NULL,NULL,1),(339,'Iva Tasa General ',2,'2015-02-27',NULL,21.84,'2015-02-27 12:41:58',0,NULL,NULL,NULL,NULL,NULL,1),(340,'Percepcion Ingresos Brutos Caba 6.24',2,'2015-02-27',NULL,6.24,'2015-02-27 12:46:21',0,NULL,NULL,NULL,NULL,NULL,1),(341,'Comision Movs Mensuales Clearing ',2,'2015-02-27',NULL,104,'2015-02-27 12:47:39',0,NULL,NULL,NULL,NULL,NULL,1),(342,'Iva Tasa General ',2,'2015-02-27',NULL,88.2,'2015-02-27 12:48:17',0,NULL,NULL,NULL,NULL,NULL,1),(343,'Percepcion Ingresos Brutos Caba ',2,'2015-02-27',NULL,25.2,'2015-02-27 12:52:38',0,NULL,NULL,NULL,NULL,NULL,1),(344,'Comision Por Servicio De Cuenta ',2,'2015-02-27',NULL,420,'2015-02-27 12:54:58',0,NULL,NULL,NULL,NULL,NULL,1),(345,'Imp Ley 25413 Deb 0,6% ',2,'2015-02-27',NULL,39.95,'2015-02-27 12:55:50',0,NULL,NULL,NULL,NULL,NULL,1),(346,'Iva Tasa General ',2,'2015-02-27',NULL,6.3,'2015-02-27 12:56:32',0,NULL,NULL,NULL,NULL,NULL,0),(347,'Comision Uso De Cajero No Propio ',2,'2015-02-27',NULL,30,'2015-02-27 12:57:02',0,NULL,NULL,NULL,NULL,NULL,1),(348,'Idea fabril',2,'2015-02-25',NULL,6621.2,'2015-03-03 10:40:29',0,NULL,NULL,NULL,NULL,NULL,1),(350,'Pago  FC 30',1,'2015-02-28',47118.9,NULL,'2015-03-04 16:32:06',5,NULL,19,NULL,NULL,NULL,NULL),(351,'',1,'2015-03-03',40000,NULL,'2015-03-04 16:32:26',0,NULL,22,NULL,NULL,NULL,NULL),(352,'FAMIQ',2,'2015-04-05',NULL,1964.49,'2015-03-05 13:30:45',78528273,NULL,NULL,NULL,NULL,NULL,0),(353,'ACERO SUD',2,'2015-04-05',NULL,5705.27,'2015-03-05 13:31:57',78528274,NULL,NULL,NULL,NULL,NULL,0),(354,'GARCIA',2,'2015-03-25',NULL,8633.75,'2015-03-05 13:38:18',78528277,NULL,NULL,NULL,NULL,NULL,0),(355,'GARCIA',2,'2015-04-08',NULL,8633.75,'2015-03-05 13:38:46',78528278,NULL,NULL,NULL,NULL,NULL,0),(356,'GARCIA',2,'2015-04-12',NULL,8633.75,'2015-03-05 13:39:16',78528279,NULL,NULL,NULL,NULL,NULL,0),(357,'Imp Ley 25413 Cred 0.6%',2,'2015-03-04',NULL,522.71,'2015-03-05 13:56:54',29823,NULL,NULL,NULL,NULL,NULL,1),(358,'Imp Ley 25413 Cred 0.6%',2,'2015-03-04',NULL,10.96,'2015-03-05 13:57:31',29822,NULL,NULL,NULL,NULL,NULL,1),(359,'Cablevision ',2,'2015-03-04',NULL,1494.36,'2015-03-05 13:58:07',49708,NULL,NULL,NULL,NULL,NULL,1),(360,'Iva Tasa General',2,'2015-03-04',NULL,25.2,'2015-03-05 13:58:46',29820,NULL,NULL,NULL,NULL,NULL,1),(361,'Percepcion ingresos brutos caba',2,'2015-03-04',NULL,7.2,'2015-03-05 13:59:37',29819,NULL,NULL,NULL,NULL,NULL,1),(362,'Comision procesamiento Ch DFep Cfu',2,'2015-03-04',NULL,120,'2015-03-05 14:00:22',29818,NULL,NULL,NULL,NULL,NULL,1),(363,'Iva Tasa General',2,'2015-03-04',NULL,29.69,'2015-03-05 14:01:05',0,NULL,NULL,NULL,NULL,NULL,1),(364,'Percepcion ingresos brutos',2,'2015-03-04',NULL,8.48,'2015-03-05 14:01:48',0,NULL,NULL,NULL,NULL,NULL,0),(365,'Comision procesamiento ch Cfu',2,'2015-03-04',NULL,141.36,'2015-03-05 14:02:35',0,NULL,NULL,NULL,NULL,NULL,1),(366,'Impuesto Ley',2,'2015-03-04',NULL,136.73,'2015-03-05 14:04:00',0,NULL,NULL,NULL,NULL,NULL,1),(367,'Bulonera Atlas',2,'2015-03-03',NULL,482.53,'2015-03-05 14:15:32',78528261,NULL,NULL,NULL,NULL,NULL,1),(368,'Imp Ley 25413 Deb 0,6% ',2,'2015-03-03',NULL,23.92,'2015-03-05 14:16:07',0,NULL,NULL,NULL,NULL,NULL,1),(369,'Edesur ',2,'2015-03-03',NULL,962.19,'2015-03-05 14:17:17',0,NULL,NULL,NULL,NULL,NULL,1),(370,'Edesur',2,'2015-03-03',NULL,577.16,'2015-03-05 14:17:42',0,NULL,NULL,NULL,NULL,NULL,1),(371,'Mapfre',2,'2015-03-02',NULL,986.15,'2015-03-05 14:18:15',0,NULL,NULL,NULL,NULL,NULL,1),(372,'Regimen De Recaudacion Sircreb Z  - 30554497647 ',2,'2015-03-02',NULL,523.75,'2015-03-05 14:18:43',0,NULL,NULL,NULL,NULL,NULL,1),(373,'Imp Ley 25413 Cred 0,6% ',2,'2015-02-27',NULL,62.85,'2015-03-05 14:19:31',0,NULL,NULL,NULL,NULL,NULL,1),(374,'Imp Ley 25413 Cred 0,6% ',2,'2015-02-27',NULL,127.59,'2015-03-05 14:20:00',0,NULL,NULL,NULL,NULL,NULL,1),(375,'LAAPSA',2,'2015-03-26',NULL,726,'2015-03-05 14:20:37',78528246,NULL,NULL,NULL,NULL,NULL,1),(376,'DE LA FABA',1,'2015-02-27',10475,NULL,'2015-03-05 14:23:02',0,NULL,NULL,NULL,NULL,NULL,0),(377,'Small Casting',2,'2015-03-29',NULL,12159,'2015-03-09 13:02:51',78528281,NULL,NULL,NULL,NULL,NULL,0),(378,'Dalman',2,'2015-03-20',NULL,1939.63,'2015-03-09 13:08:27',78528282,NULL,NULL,NULL,NULL,NULL,0),(379,'Regimen De Recaudaciones Sircreb Z',2,'2015-03-04',NULL,4355.94,'2015-03-10 13:55:41',0,NULL,NULL,NULL,NULL,NULL,1),(380,'SUELDO TATI',2,'2015-03-09',NULL,10393.7,'2015-03-10 13:56:52',0,NULL,NULL,NULL,9,3,0),(381,'SUELDO TATI',2,'2015-04-09',NULL,10393.7,'2015-03-10 13:56:52',0,NULL,NULL,NULL,9,2,0),(382,'SUELDO TATI',2,'2015-05-09',NULL,10393.7,'2015-03-10 13:56:52',0,NULL,NULL,NULL,9,1,0),(383,'Imp Ley 25413 Deb 0.6%',2,'2015-03-05',NULL,194.89,'2015-03-10 13:57:56',0,NULL,NULL,NULL,NULL,NULL,1),(384,'Direccion Gral D ',2,'2015-03-05',NULL,594.71,'2015-03-10 13:58:33',0,NULL,NULL,NULL,NULL,NULL,1),(385,'Imp Ley 25413',2,'2015-03-06',NULL,3.57,'2015-03-10 14:00:24',0,NULL,NULL,NULL,NULL,NULL,1),(386,'Intereses por descubierto',2,'2015-03-06',NULL,11.27,'2015-03-10 14:00:56',0,NULL,NULL,NULL,NULL,NULL,1),(387,'Iva reducido 10.5%',2,'2015-03-06',NULL,1.18,'2015-03-10 14:01:27',0,NULL,NULL,NULL,NULL,NULL,1),(388,'Sellado',2,'2015-03-06',NULL,0.23,'2015-03-10 14:01:46',0,NULL,NULL,NULL,NULL,NULL,0),(389,'Telefonica',2,'2015-03-09',NULL,162.02,'2015-03-10 14:03:11',0,NULL,NULL,NULL,NULL,NULL,0),(390,'Telefonica',2,'2015-03-09',NULL,855.05,'2015-03-10 14:03:41',0,NULL,NULL,NULL,NULL,NULL,0),(391,'Caja Chica',2,'2015-03-09',NULL,300,'2015-03-10 14:06:36',0,NULL,NULL,NULL,NULL,NULL,0),(392,'Solmec',2,'2015-03-09',NULL,1718.23,'2015-03-10 14:07:13',0,NULL,NULL,NULL,NULL,NULL,1),(393,'Imp Ley 25413 Deb 0.6%',2,'2015-03-09',NULL,103.52,'2015-03-10 14:07:47',0,NULL,NULL,NULL,NULL,NULL,1),(394,'Bulonera Atlas',2,'2015-03-09',NULL,2305.8,'2015-03-10 14:10:09',78528260,NULL,NULL,NULL,NULL,NULL,1),(395,'Ale ROthar',2,'2015-03-09',NULL,3500,'2015-03-10 14:10:39',0,NULL,NULL,NULL,NULL,NULL,1),(396,'Caja Chica',2,'2015-03-09',NULL,4000,'2015-03-10 14:11:00',0,NULL,NULL,NULL,NULL,NULL,0),(397,'LIT ALUMINIO',2,'2015-03-20',NULL,6896.53,'2015-03-10 14:12:54',78528283,NULL,NULL,NULL,NULL,NULL,0),(398,'centro flet',2,'2015-03-19',NULL,1318.99,'2015-03-13 12:22:35',78528285,NULL,NULL,NULL,NULL,NULL,0),(399,'Dominios',2,'2015-03-13',NULL,320,'2015-03-13 12:35:31',0,NULL,NULL,NULL,NULL,NULL,0),(400,'Viaticos',2,'2015-03-13',NULL,1254,'2015-03-13 12:37:50',0,NULL,NULL,NULL,NULL,NULL,0),(401,'Mariela Cacciatori',2,'2015-03-13',NULL,6050,'2015-03-13 12:38:26',0,NULL,NULL,NULL,NULL,NULL,0),(402,'Imp Ley 25413 Cred 0.6%',2,'2015-03-12',NULL,259.45,'2015-03-13 12:39:41',0,NULL,NULL,NULL,NULL,NULL,0),(403,'Imp Ley 25413 Deb 0.6%',2,'2015-03-12',NULL,5.85,'2015-03-13 12:40:17',0,NULL,NULL,NULL,NULL,NULL,1),(404,'Deposito Efvo Online Tas Suc 0099',2,'2015-03-12',NULL,55,'2015-03-13 12:40:58',0,NULL,NULL,NULL,NULL,NULL,1),(405,'Iva tasa General',2,'2015-03-12',NULL,29.77,'2015-03-13 12:41:30',0,NULL,NULL,NULL,NULL,NULL,1),(406,'Percepcion Ingresos Brutos Caba',2,'2015-03-12',NULL,8.5,'2015-03-13 12:42:16',0,NULL,NULL,NULL,NULL,NULL,1),(407,'Comision Procesamiento Ch Dep Fu',2,'2015-03-12',NULL,141.74,'2015-03-13 12:48:15',0,NULL,NULL,NULL,NULL,NULL,1),(408,'',1,'2015-02-27',26998.9,NULL,'2015-03-13 12:48:57',44,NULL,28,NULL,NULL,NULL,NULL),(409,'Anticipo Brazo de carga',1,'2015-03-27',12180.7,NULL,'2015-03-13 12:49:08',43,NULL,29,NULL,NULL,NULL,NULL),(410,'Tubo de descarga',1,'2015-03-23',16188.1,NULL,'2015-03-13 12:49:20',41,NULL,31,NULL,NULL,NULL,NULL),(411,'',1,'2015-03-10',1718.2,NULL,'2015-03-13 12:49:35',33,NULL,38,NULL,NULL,NULL,NULL),(412,'',1,'2015-03-10',2009.82,NULL,'2015-03-13 12:49:53',33,NULL,39,NULL,NULL,NULL,NULL),(413,'Regimen de recaudacion Sircreb Z',2,'2015-03-11',NULL,795.44,'2015-03-13 12:52:06',0,NULL,NULL,NULL,NULL,NULL,0),(414,'Imp Ley 25413',2,'2015-03-11',NULL,95.45,'2015-03-13 12:52:41',0,NULL,NULL,NULL,NULL,NULL,0),(415,'Imp Ley 25413',2,'2015-03-11',NULL,6.77,'2015-03-13 12:53:08',0,NULL,NULL,NULL,NULL,NULL,0),(416,'Imp Ley',2,'2015-03-11',NULL,72.21,'2015-03-13 12:53:36',0,NULL,NULL,NULL,NULL,NULL,1),(417,'Comision Envio Inf ',2,'2015-03-11',NULL,333.91,'2015-03-13 12:54:11',0,NULL,NULL,NULL,NULL,NULL,0),(418,'afip',2,'2015-03-15',NULL,30746.3,'2015-03-16 11:50:14',0,NULL,NULL,NULL,10,2,0),(419,'afip',2,'2015-04-15',NULL,30746.3,'2015-03-16 11:50:14',0,NULL,NULL,NULL,10,1,0),(420,'aFIP',2,'2015-03-16',NULL,4083,'2015-03-16 11:51:32',0,NULL,NULL,NULL,11,2,0),(421,'aFIP',2,'2015-04-16',NULL,4083,'2015-03-16 11:51:32',0,NULL,NULL,NULL,11,1,0),(422,'Pagina Web',2,'2015-03-16',NULL,3000,'2015-03-16 11:54:52',0,NULL,NULL,NULL,NULL,NULL,0),(423,'Regimen De Recaudacion Sircreb Z - 30554497647',2,'2015-03-16',NULL,440.74,'2015-03-16 11:56:52',0,NULL,NULL,NULL,NULL,NULL,0),(424,'Imp Ley 25413 Deb 0,6%',2,'2015-03-16',NULL,108.51,'2015-03-16 11:57:21',0,NULL,NULL,NULL,NULL,NULL,0),(425,'Imp Ley 25413 Cred 0,6%',2,'2015-03-16',NULL,52.89,'2015-03-16 11:57:51',0,NULL,NULL,NULL,NULL,NULL,0),(426,'',1,'2015-03-18',39868.4,NULL,'2015-03-16 12:00:11',0,NULL,21,NULL,NULL,NULL,NULL),(427,'BOMECA',2,'2015-04-02',NULL,9486.4,'2015-03-17 09:53:09',78528286,NULL,NULL,NULL,NULL,NULL,0),(428,'SEC',2,'2015-04-19',NULL,5556.5,'2015-03-17 09:54:33',78528287,NULL,NULL,NULL,NULL,NULL,0),(429,'SEC',2,'2015-05-05',NULL,5556.6,'2015-03-17 09:57:20',78528288,NULL,NULL,NULL,NULL,NULL,0),(430,'Imp Ley 25413 Deb 0,6%',2,'2015-03-16',NULL,233.33,'2015-03-17 10:23:52',0,NULL,NULL,NULL,NULL,NULL,1),(432,'Comision Procesamiento Ch Dep Cfu',2,'2015-03-16',NULL,119.61,'2015-03-17 10:43:22',0,NULL,NULL,NULL,NULL,NULL,0),(434,'Percepcion Ingresos Brutos Caba',2,'2015-03-16',NULL,7.18,'2015-03-17 10:44:22',0,NULL,NULL,NULL,NULL,NULL,0),(435,'Iva Tasa General',2,'2015-03-16',NULL,25.12,'2015-03-17 10:44:48',0,NULL,NULL,NULL,NULL,NULL,0),(436,'Anticipo Luqi',1,'2015-03-16',15639.4,NULL,'2015-03-17 10:45:37',0,NULL,NULL,NULL,NULL,NULL,0),(437,'Component',2,'2015-03-18',NULL,1470.54,'2015-03-18 11:15:36',78528290,NULL,NULL,NULL,NULL,NULL,0),(438,'Famiq',2,'2015-04-18',NULL,1699.98,'2015-03-18 11:16:16',78528289,NULL,NULL,NULL,NULL,NULL,0),(439,'MOnitores',2,'2015-03-18',NULL,3760,'2015-03-18 11:16:53',0,NULL,NULL,NULL,NULL,NULL,0),(440,'ZALOZE',2,'2015-04-19',NULL,1347.42,'2015-03-19 14:52:09',78528291,NULL,NULL,NULL,NULL,NULL,0),(441,'ARGENSOL',2,'2015-04-21',NULL,3731.28,'2015-03-19 15:22:17',78528292,NULL,NULL,NULL,NULL,NULL,0),(442,'art',1,'2015-03-20',15613.5,NULL,'2015-03-20 15:12:13',0,NULL,NULL,NULL,NULL,NULL,0),(443,'',1,'2015-03-20',34187.9,NULL,'2015-03-20 15:12:35',44,NULL,36,NULL,NULL,NULL,NULL);

/*Table structure for table `movimientosaldomes` */

DROP TABLE IF EXISTS `movimientosaldomes`;

CREATE TABLE `movimientosaldomes` (
  `mes` int(11) NOT NULL,
  `anio` int(11) NOT NULL,
  `saldo` decimal(10,2) DEFAULT NULL,
  `fechaCarga` datetime DEFAULT NULL,
  PRIMARY KEY (`mes`,`anio`)
) ENGINE=InnoDB DEFAULT CHARSET=utf8;

/*Data for the table `movimientosaldomes` */

insert  into `movimientosaldomes`(`mes`,`anio`,`saldo`,`fechaCarga`) values (1,2015,'141267.53','0000-00-00 00:00:00'),(1,2016,'-954.00','0000-00-00 00:00:00'),(1,2017,'-954.00','0000-00-00 00:00:00'),(2,2015,'-29637.69','0000-00-00 00:00:00'),(2,2016,'-954.00','0000-00-00 00:00:00'),(2,2017,'-954.00','0000-00-00 00:00:00'),(3,2015,'-48066.45','0000-00-00 00:00:00'),(3,2016,'-954.00','0000-00-00 00:00:00'),(3,2017,'-954.00','0000-00-00 00:00:00'),(4,2015,'-140464.59','0000-00-00 00:00:00'),(4,2016,'-954.00','0000-00-00 00:00:00'),(4,2017,'-954.00','0000-00-00 00:00:00'),(5,2015,'-64433.01','0000-00-00 00:00:00'),(5,2016,'-954.00','0000-00-00 00:00:00'),(5,2017,'-954.00','0000-00-00 00:00:00'),(6,2015,'-48482.72','0000-00-00 00:00:00'),(6,2016,'-954.00','0000-00-00 00:00:00'),(6,2017,'-954.00','0000-00-00 00:00:00'),(7,2015,'-48482.72','0000-00-00 00:00:00'),(7,2016,'-954.00','0000-00-00 00:00:00'),(8,2015,'-48482.72','0000-00-00 00:00:00'),(8,2016,'-954.00','0000-00-00 00:00:00'),(9,2015,'-48482.72','0000-00-00 00:00:00'),(9,2016,'-954.00','0000-00-00 00:00:00'),(10,2015,'-48482.72','0000-00-00 00:00:00'),(10,2016,'-954.00','0000-00-00 00:00:00'),(11,2015,'-48482.72','0000-00-00 00:00:00'),(11,2016,'-954.00','0000-00-00 00:00:00'),(12,2015,'-954.00','0000-00-00 00:00:00'),(12,2016,'-954.00','0000-00-00 00:00:00');

/*Table structure for table `repeticion` */

DROP TABLE IF EXISTS `repeticion`;

CREATE TABLE `repeticion` (
  `idRepeticion` int(11) NOT NULL AUTO_INCREMENT,
  `cantRepeticion` int(11) DEFAULT NULL,
  PRIMARY KEY (`idRepeticion`)
) ENGINE=InnoDB AUTO_INCREMENT=12 DEFAULT CHARSET=utf8;

/*Data for the table `repeticion` */

insert  into `repeticion`(`idRepeticion`,`cantRepeticion`) values (4,30),(5,10),(6,10),(7,10),(8,10),(9,3),(10,2),(11,2);

/*Table structure for table `rol` */

DROP TABLE IF EXISTS `rol`;

CREATE TABLE `rol` (
  `idRol` int(11) NOT NULL AUTO_INCREMENT,
  `descripcion` varchar(128) DEFAULT NULL,
  PRIMARY KEY (`idRol`)
) ENGINE=InnoDB AUTO_INCREMENT=4 DEFAULT CHARSET=latin1;

/*Data for the table `rol` */

insert  into `rol`(`idRol`,`descripcion`) values (1,'Administrador'),(2,'Usuario'),(3,'Supervisor');

/*Table structure for table `rol_accion` */

DROP TABLE IF EXISTS `rol_accion`;

CREATE TABLE `rol_accion` (
  `idRol` int(11) NOT NULL,
  `idAccion` int(11) NOT NULL,
  PRIMARY KEY (`idRol`,`idAccion`),
  KEY `FK_rol_accion_accion` (`idAccion`),
  CONSTRAINT `FK_rol_accion` FOREIGN KEY (`idRol`) REFERENCES `rol` (`idRol`),
  CONSTRAINT `FK_rol_accion_accion` FOREIGN KEY (`idAccion`) REFERENCES `accion` (`idAccion`)
) ENGINE=InnoDB DEFAULT CHARSET=latin1;

/*Data for the table `rol_accion` */

insert  into `rol_accion`(`idRol`,`idAccion`) values (1,1);

/*Table structure for table `tipomedio` */

DROP TABLE IF EXISTS `tipomedio`;

CREATE TABLE `tipomedio` (
  `idTipoMedio` int(11) NOT NULL AUTO_INCREMENT,
  `descripcion` varchar(128) DEFAULT NULL,
  PRIMARY KEY (`idTipoMedio`)
) ENGINE=InnoDB AUTO_INCREMENT=4 DEFAULT CHARSET=utf8;

/*Data for the table `tipomedio` */

insert  into `tipomedio`(`idTipoMedio`,`descripcion`) values (1,'Cheque'),(2,'Nota de Credito'),(3,'Nota de Debito');

/*Table structure for table `tipomovimiento` */

DROP TABLE IF EXISTS `tipomovimiento`;

CREATE TABLE `tipomovimiento` (
  `idTipoMovimiento` int(11) NOT NULL AUTO_INCREMENT,
  `descripcion` varchar(64) DEFAULT NULL,
  PRIMARY KEY (`idTipoMovimiento`)
) ENGINE=InnoDB AUTO_INCREMENT=3 DEFAULT CHARSET=utf8;

/*Data for the table `tipomovimiento` */

insert  into `tipomovimiento`(`idTipoMovimiento`,`descripcion`) values (1,'Ingreso'),(2,'Egreso');

/*Table structure for table `usuario` */

DROP TABLE IF EXISTS `usuario`;

CREATE TABLE `usuario` (
  `idUsuario` int(11) NOT NULL AUTO_INCREMENT,
  `username` varchar(32) DEFAULT NULL,
  `pass` varchar(16) DEFAULT NULL,
  `nombre` varchar(64) DEFAULT NULL,
  `apellido` varchar(64) DEFAULT NULL,
  `idRol` int(11) DEFAULT NULL,
  PRIMARY KEY (`idUsuario`),
  KEY `FK_usuario_Rol` (`idRol`),
  CONSTRAINT `FK_usuario_Rol` FOREIGN KEY (`idRol`) REFERENCES `rol` (`idRol`)
) ENGINE=InnoDB AUTO_INCREMENT=5 DEFAULT CHARSET=utf8;

/*Data for the table `usuario` */

insert  into `usuario`(`idUsuario`,`username`,`pass`,`nombre`,`apellido`,`idRol`) values (1,'arothar','orionale','Alejandro','Rothar',2),(3,'admin','kl258898','Administrador','Aexo',1),(4,'esclavo','Aexo12100','Esclavo',' ',2);

/* Procedure structure for procedure `sp_flujoCaja` */

/*!50003 DROP PROCEDURE IF EXISTS  `sp_flujoCaja` */;

DELIMITER $$

/*!50003 CREATE DEFINER=`aexo`@`%` PROCEDURE `sp_flujoCaja`(p_mes  int, p_anio int)
BEGIN
	SET @acumulador = 0;
	set @fechaMesActual = 0;
	select DATE_ADD(MAKEDATE(p_anio, 1), INTERVAL (p_mes)-1 MONTH) into @fechaMesActual;
	SELECT ifnull(sum(coalesce(saldo,0)),0) as saldo INTO @acumulador 
	from movimientosaldomes 
	where @fechaMesActual > DATE_ADD(MAKEDATE(anio, 1), INTERVAL (mes)-1 MONTH); 
	select fechaPago, 
		@acumulador := suma+ @acumulador as acumulado from (
							select fechaPago, 
								sum(importe) as suma
								 from (
									select idMovimiento, 
										descripcion,
										idTipoMovimiento,
										fechaPago,
										CASE 
										    WHEN idTipoMovimiento = 1 THEN importeIngreso
										    WHEN idTipoMovimiento = 2 THEN importeEgreso * -1
										END as importe
									from movimiento
									where MONTH(fechaPago) = p_mes and year(fechaPago) = p_anio
									order by fechaPago) as calculado
							group by fechaPago) as sumarizado;
    END */$$
DELIMITER ;

/*!40101 SET SQL_MODE=@OLD_SQL_MODE */;
/*!40014 SET FOREIGN_KEY_CHECKS=@OLD_FOREIGN_KEY_CHECKS */;
