/*
SQLyog Enterprise - MySQL GUI v7.15 
MySQL - 5.1.73-1 : Database - aexomanager
*********************************************************************
*/

/*!40101 SET NAMES utf8 */;

/*!40101 SET SQL_MODE=''*/;

/*!40014 SET @OLD_FOREIGN_KEY_CHECKS=@@FOREIGN_KEY_CHECKS, FOREIGN_KEY_CHECKS=0 */;
/*!40101 SET @OLD_SQL_MODE=@@SQL_MODE, SQL_MODE='NO_AUTO_VALUE_ON_ZERO' */;

USE `aexomanager`;

/*Table structure for table `accion` */

DROP TABLE IF EXISTS `accion`;

CREATE TABLE `accion` (
  `idAccion` int(11) NOT NULL AUTO_INCREMENT,
  `descripcion` varchar(128) DEFAULT NULL,
  `label` varchar(16) DEFAULT NULL,
  PRIMARY KEY (`idAccion`)
) ENGINE=InnoDB AUTO_INCREMENT=2 DEFAULT CHARSET=latin1;

/*Data for the table `accion` */

insert  into `accion`(`idAccion`,`descripcion`,`label`) values (1,'Autorizar pagos','[AUTORIZAPAGO]');

/*Table structure for table `almacen` */

DROP TABLE IF EXISTS `almacen`;

CREATE TABLE `almacen` (
  `idAlmacen` int(11) NOT NULL AUTO_INCREMENT,
  `descripcion` varchar(32) DEFAULT NULL,
  `domicilio` varchar(128) DEFAULT NULL,
  `latitud` float DEFAULT NULL,
  `longitud` float DEFAULT NULL,
  PRIMARY KEY (`idAlmacen`)
) ENGINE=InnoDB DEFAULT CHARSET=latin1;

/*Data for the table `almacen` */

/*Table structure for table `cliente` */

DROP TABLE IF EXISTS `cliente`;

CREATE TABLE `cliente` (
  `idCliente` int(11) NOT NULL AUTO_INCREMENT,
  `nombre` varchar(128) DEFAULT NULL,
  `idTipoCliente` int(11) DEFAULT NULL,
  `calle` varchar(64) DEFAULT NULL,
  `numero` int(11) DEFAULT NULL,
  `idProvincia` int(10) unsigned DEFAULT NULL,
  `localidad` varchar(128) DEFAULT NULL,
  `partido` varchar(128) DEFAULT NULL,
  `codigoPostal` int(11) DEFAULT NULL,
  `responsable` varchar(128) DEFAULT NULL,
  `email` varchar(255) DEFAULT NULL,
  `paginaWeb` varchar(128) DEFAULT NULL,
  `volumenFact` float(10,6) DEFAULT NULL,
  `telefono_1` varchar(64) DEFAULT NULL,
  `telefono_2` varchar(64) DEFAULT NULL,
  `dias_horarios` varchar(128) DEFAULT NULL,
  `latitud` float(10,6) DEFAULT NULL,
  `longitud` float(10,6) DEFAULT NULL,
  `cuit` varchar(13) DEFAULT NULL,
  `idCategoriaIVA` int(11) DEFAULT NULL,
  `descripcionFormaDePago` text,
  `domicilio` varchar(256) DEFAULT NULL,
  PRIMARY KEY (`idCliente`),
  KEY `FK_web_rutas_cliente_provincia` (`idProvincia`),
  KEY `FK_web_rutas_cliente_tipoCliente` (`idTipoCliente`),
  CONSTRAINT `FK_cliente_provincia` FOREIGN KEY (`idProvincia`) REFERENCES `provincia` (`idProvincia`),
  CONSTRAINT `FK_cliente_tipoCliente` FOREIGN KEY (`idTipoCliente`) REFERENCES `cliente_tipocliente` (`idTipoCliente`)
) ENGINE=InnoDB AUTO_INCREMENT=181 DEFAULT CHARSET=latin1;

/*Data for the table `cliente` */

insert  into `cliente`(`idCliente`,`nombre`,`idTipoCliente`,`calle`,`numero`,`idProvincia`,`localidad`,`partido`,`codigoPostal`,`responsable`,`email`,`paginaWeb`,`volumenFact`,`telefono_1`,`telefono_2`,`dias_horarios`,`latitud`,`longitud`,`cuit`,`idCategoriaIVA`,`descripcionFormaDePago`,`domicilio`) values (85,'EDUARDO FOCHEZATTO Y STELLA M',1,'Ruta 3 km 850, Villalonga, Buenos Aires',1234,2,'Villalonga','Patagones',0,'Alejandro Rothar','','',NULL,'02928 492304','0291 156 421852',NULL,-39.914341,-62.619537,NULL,NULL,NULL,NULL),(87,'25 de Mayo',1,'Avenida 25 de Mayo 675, Villa Mercedes, San Luis, Argentina',675,19,'Villa Mercedes','General Pedernera',5730,NULL,'ldana@25demayosrl.com',NULL,NULL,'02657 -422599','02657-154-48068',NULL,-33.679493,-65.470474,NULL,NULL,NULL,NULL),(88,'APSA',1,'Carcarañá, Santa Fe, Argentina',NULL,21,NULL,NULL,2138,NULL,'apsa@coopinde.com.ar',NULL,NULL,'0341 4940500/0666','0341  15 5419507',NULL,-32.714588,-61.050579,NULL,NULL,NULL,NULL),(89,'ADOLFO SARTORI S.A.',1,'LEONARDO N. ALEM, MSIONES, ARGENTINA',NULL,14,'Leandro N. Alem','Leandro N. Alem',3315,NULL,NULL,NULL,NULL,'03754 422730 750 559 2201','03755 15 521917',NULL,-27.604435,-55.323849,NULL,NULL,NULL,NULL),(90,'GUAZZARONI GRECO S.H',1,'Ruta Provincial 65, 9 de Julio, Buenos Aires, Argentina',NULL,2,NULL,NULL,6500,'JUAN MARTIN ELIZALDE','juanmartin@guazzaronigreco.com.ar',NULL,NULL,'02317-422141','02345-15-562746/39',NULL,-35.402058,-60.946831,NULL,NULL,NULL,NULL),(91,'KEH-COM S.A.',1,'Ruta Provincial 51, Arrecifes, Buenos Aires, Argentina',NULL,2,NULL,NULL,2470,NULL,'eliana.bruno@kehcom.com.ar',NULL,NULL,'02478-451249 451206','02478-15-445448',NULL,-33.973621,-60.094978,NULL,NULL,NULL,NULL),(92,'ROZA HNOS',1,'Ruta Nacional 226, Balcarce, Buenos Aires, Argentina',NULL,2,NULL,NULL,7620,NULL,'rroza@telefax.com.ar',NULL,NULL,'02266-422807 424748','0226615-531852',NULL,-37.771137,-58.305527,NULL,NULL,NULL,NULL),(93,'AGROSERVICIOS CORRENTINOS SRL',1,'Mercedes, Corrientes, Argentina',NULL,5,'Mercedes','Mercedes',3470,NULL,NULL,NULL,NULL,'03774-15-630970','03774-15-630970',NULL,-29.184582,-58.073570,NULL,NULL,NULL,NULL),(94,'ALBERTO CROSSETTI',1,'av. san martin 129, bouquet, santa fe',129,21,'Bouquet','Belgrano',2523,NULL,NULL,NULL,NULL,'03471-471273','03471-15-676304',NULL,-32.423889,-61.890724,NULL,NULL,NULL,NULL),(95,'ALFREDO BRUGNOLI e HIJOS SCC',1,'9 DE JULIO 673, PAMPA DEL INFIERNO, CHACO',673,6,'PAMPA DEL INFIERNO','PAMPA DEL INFIERNO',3708,NULL,'brugnolihijos@yahoo.com.ar',NULL,NULL,'03732-497656 / 497310 ','03732-15-622265',NULL,-26.506964,-61.175617,NULL,NULL,NULL,NULL),(96,'ALFREDO C. CARDINAL E HIJOS SRL',1,'ACCESO PEDRO VILLEMUR Y RUTA PROVINCIAL 27, JOVITA, CORDOBA',0,4,'Jovita','General Roca',6127,'','acardinalsrl@yahoo.com.ar','',NULL,'03385-498045','03385-15-521141',NULL,-34.519039,-63.945919,NULL,NULL,NULL,NULL),(97,'ALLUB HNOS SRL',1,'ALEM 6, PALMIRA, MENDOZA',6,13,'San Martín','San Martín',5584,NULL,'allubhnos@allubhnossrl.com.ar',NULL,NULL,'02623-461-222 463-222','0261-15-4542467',NULL,-33.049026,-68.563309,NULL,NULL,NULL,NULL),(98,'AMERICO STUYCK SRL',1,'LAS HERAS 110, HERNANDO, CORDOBA',110,4,'Hernando','Tercero Arriba',5929,NULL,NULL,NULL,NULL,'0353-4960206 496-2800','0353-15-5666726',NULL,-32.426830,-63.730423,NULL,NULL,NULL,NULL),(99,'ANDRES BINAGHI SACIFIMA',1,'RUTA 11 Y ACCESO, LAS TOSCAS, SANTA FE',NULL,21,'Las Toscas','General Obligado',3586,NULL,'a.b@ltoscas.com.ar',NULL,NULL,'03482-492078',NULL,NULL,-28.351679,-59.259914,NULL,NULL,NULL,NULL),(100,'AVANZAR SRL',1,'RUTA NACIONAL 34 , CAÑADA ROSQUIN, SANTA FE',NULL,21,'CAÑADA ROSQUIN','CAÑADA ROSQUIN',2454,NULL,'avanzarlubricantes@velosat.com.ar',NULL,NULL,'03401-470435 470859','03401-15-595191 15 591439',NULL,-32.068680,-61.577217,NULL,NULL,NULL,NULL),(101,'BARALE Y GHIO SACIF',1,'RIVADAVIA Y SARMIENTO, CRUZ DEL EJE, CORDOBA',NULL,4,'Cruz del Eje','Cruz del Eje',5280,NULL,'baraleyghio@yahoo.com.ar',NULL,NULL,'03549-422023 422486','03549-15-631548',NULL,-30.721123,-64.809898,NULL,NULL,NULL,NULL),(102,'CONTANTINO RAUL ALONSO',1,'Avenida Zabalza, Benito Juárez, Buenos Aires, Argentina',292,2,'Benito Juárez','Benito Juárez',7020,NULL,'constantinoralonso@infovia.com.ar',NULL,NULL,'02292-452451 ','02281-15-580260',NULL,-37.671715,-59.809292,NULL,NULL,NULL,NULL),(103,'CARLETTI HNOS  SRL',1,'ruta 7 km 784 , san luis, san luis',NULL,19,'San Luis','San Luis',5700,NULL,'cicarletti@bioendesa.com.ar',NULL,NULL,'02652-424621 428621 428453 422959','0265215-411254',NULL,-33.395969,-65.987862,NULL,NULL,NULL,NULL),(104,'CARLOS A GADEA E HIJOS S.A.',1,'RUTA PROVINCIAL 5 KM 606, SANTA ROSA, LA PAMPA',606,11,'Santa Rosa','SANTA ROSA',6300,NULL,'ccgadeaeh@speedy.com.ar',NULL,NULL,'02954-438864','02954-15-591303',NULL,-36.617165,-64.259232,NULL,NULL,NULL,NULL),(105,'CARLOS ALBERTO GARCIA',1,'9 de Julio 3278, Santa Fe, Argentina',3278,21,'Santa Fe','SANTA FE',3000,NULL,'cagarcia@cagarcia.com.ar',NULL,NULL,'0342-4551258','0342-15-6300653',NULL,-31.637514,-60.706829,NULL,NULL,NULL,NULL),(106,'CARLOS PESSI SRL',1,'Raúl Díaz 1751, Santa Rosa, La Pampa, Argentina',1751,11,'Santa Rosa','Santa Rosa',6300,NULL,'distribuidordiesel@cpnet.com.ar',NULL,NULL,'02954-434355','02954-15-596828',NULL,-36.600433,-64.289734,NULL,NULL,NULL,NULL),(107,'NELIO PIGNATTA Y CIA SA',1,'Bar Ruta 9, Pilar, Córdoba, Argentina',NULL,4,'Pilar','Río Segundo',NULL,NULL,'gabriela@grupopignatta;neliopignatta@grupopignatta.com.ar;fgiotti@grupopignatta.com.ar',NULL,NULL,'03572-479680','03572-479681/82/85',NULL,-31.678253,-63.877777,NULL,NULL,NULL,NULL),(108,'OSCAR BRUERA Y DIEGO BRUERA SH',1,'25 DE MAYO 122, PORTEÑA, CORDOBA',122,4,'Porteña','San Justo',NULL,NULL,'ypfbruera@dataco34.com.ar',NULL,NULL,'03564-450220','03564-15-562522',NULL,-31.014141,-62.062225,NULL,NULL,NULL,NULL),(110,'CASA ALARCIA S.A.',1,'Macachin, Santa Rosa, La Pampa, Argentina',NULL,11,'Santa Rosa','Capital',6307,NULL,'molinoalarcia@gmail.com',NULL,NULL,'02953-452298',NULL,NULL,-36.632004,-64.309288,NULL,NULL,NULL,NULL),(111,'LAS CAVAS SERVICIO & AGRO SA',1,'Ruta Nacional 226, Bolívar, Buenos Aires, Argentina',NULL,NULL,NULL,NULL,6550,'Luis Campo','lascavas@speedy.com.ar',NULL,NULL,'02314-428877','02314-15628830',NULL,NULL,NULL,NULL,NULL,NULL,NULL),(112,'CLOP ORLANDO RUBEN JOSE',1,'Acc Este y los Alamos, Fray Luis Beltran, Mendoza',NULL,13,'Fray Luis Beltrán','Maipú',5531,NULL,'bverdi@grupoclop.com.ar; jortiz@grupoclop.com.ar',NULL,NULL,'0261-4921003/4911681','0261-15-4541806',NULL,-33.016670,-68.650002,NULL,NULL,NULL,NULL),(113,'COMBUSTIBLE DEL NORTE SRL',1,'Avenida Chile 1275, Salta, Argentina',1275,17,'Salta','Escalante',4400,NULL,'dcornejo@cnorte.com.ar',NULL,NULL,'0387-4236555','0387-156844912',NULL,-45.883003,-67.535469,NULL,NULL,NULL,NULL),(114,'COMBUSTIBLES BARCELO SRL',1,'9 de Julio 27, San Juan, Argentina',27,18,'San Juan','Capital',5400,NULL,NULL,NULL,NULL,'03822-422935','03822-15678195',NULL,-31.542711,-68.525764,NULL,NULL,NULL,NULL),(115,'GEN OIL CO',1,'Cuba 1833, Capital Federal, Argentina',1833,1,'Baradero',NULL,1425,NULL,'hectorbranda@victoriopodesta.com.ar',NULL,NULL,'011-4784-0360 / 03329-15552049','011-155414-7329',NULL,-34.563404,-58.452557,NULL,NULL,NULL,NULL),(116,'CASA ELICEIRY SC',1,' RUTA nacional 2, KM 182, ARGENTINA',NULL,2,NULL,NULL,7114,NULL,'prbrignani@casaeliceirysa.com.ar; prbrignani@administracion.com.ar',NULL,NULL,'02245-480254','02241-15-542408',NULL,-36.451878,-57.721115,NULL,NULL,NULL,NULL),(117,'COOP AGRIC GAN DE MONTE BUEY LTDA',1,'CHACABUCO Y MITRE, MONTE BUEY, CORDOBA, ARGENTINA ',NULL,4,'Monte Buey',NULL,2589,'luis carol','coopestacion@nodosud.com.ar',NULL,NULL,'03467-470063/125/291','03467-15498504',NULL,-32.416668,-62.349998,NULL,NULL,NULL,NULL),(118,'COOP AGROP LA PAZ LTDA',1,'Urquiza 641, La Paz, Entre Ríos, Argentina',641,8,'La Paz','La Paz',3190,NULL,'ALBERTO.DOPAZO@CALP.COOP',NULL,NULL,'03437-421372 / 423962','03437-15605235',NULL,-30.741491,-59.647587,NULL,NULL,NULL,NULL),(119,'PETROPRINGLES SA',1,'Ruta Provincial 85, Coronel Pringles, Buenos Aires, Argentina',NULL,2,NULL,NULL,7530,NULL,'petropringles@pringles.com.ar',NULL,NULL,'02921-450159 / 02922-462899','02923-15487889',NULL,-38.056602,-61.279148,NULL,NULL,NULL,NULL),(120,'PICCINI MIRTA, MARIA LAURA Y ALEJANDRO SH',1,'9 Y 47, COLON, BUENOS AIRES, ARGENTINA',47,2,'Colón','Colón',2720,NULL,'piccinish@speedy.com.ar',NULL,NULL,'02473-421759','02477-15557849',NULL,-33.892052,-61.120277,NULL,NULL,NULL,NULL),(121,'DGB S.R.L.',1,'Villa Dolores, Córdoba, Argentina',NULL,4,'Villa Dolores','San Javier',5870,'ARIEL CASTELLI (03544-15403692)',NULL,NULL,NULL,'03544-425542','03544-15614755',NULL,-31.944437,-65.192108,NULL,NULL,NULL,NULL),(122,'ECHANIZ HNOS S.A.',1,'RUTA PROVINCIAL 12 Y ISLAS MALVINAS, CORDOBA',NULL,4,'Córdoba','Capital',2585,NULL,NULL,NULL,NULL,'03468-461028','03468-15644023',NULL,-31.398930,-64.182129,NULL,NULL,NULL,NULL),(123,'EDGARDO MARTINI',1,'Soraire, Santa Rosa, La Pampa, Argentina',NULL,11,'Santa Rosa','Capital',6205,NULL,'LUIGGICOMBUSTIBLES@YAHOO.COM.AR',NULL,NULL,'02335-472198',NULL,NULL,-36.635426,-64.275078,NULL,NULL,NULL,NULL),(124,'COMBUSTIBLES PC SRL',1,'KM 2 RUTA 29, buenos aires, argentina',NULL,2,'Coronel Brandsen','Coronel Brandsen',1980,NULL,'distribuidorypf@compc.com.ar',NULL,NULL,'02223-444769','15-4497-6246',NULL,-36.428051,-58.580780,NULL,NULL,NULL,NULL),(125,'SIMACO S.A.',1,'Avenida Eva Perón 4198, Florencio Varela, Buenos Aires, Argentin',NULL,2,'Berazategui Oeste','Berazategui',1888,NULL,'VENTAS@SIMACOSA.COM.AR',NULL,NULL,'011-4210-7720',NULL,NULL,-34.800514,-58.238758,NULL,NULL,NULL,NULL),(126,'ENERGÉTICA INTEGRAL S.A.',1,'CENTENARIO 45, RUFINO, SANTA FE, ARGENTINA',NULL,21,'Rufino','General López',6100,NULL,'BASEEINTEGRAL@ARNETBIZ.COM.AR',NULL,NULL,'03382-426576','03382-15571567',NULL,-34.266468,-62.709721,NULL,NULL,NULL,NULL),(127,'ERIKSEN & CIA. SACIFel',1,'SAN MARTÍN 2048, MISIONES',2048,14,'Posadas','Capital',3380,NULL,'eriksen@arnetbiz.com.ar',NULL,NULL,'03751-421165/076','03751-15660978',NULL,-27.365770,-55.896229,NULL,NULL,NULL,NULL),(128,'ESMACOL SA',1,'RISSO PATRÓN Y SAN MARTÍN, SANTA FE, ARGENTINA',NULL,21,'San Martín',NULL,2258,NULL,'DISTRIBUIDORDIESEL@ESMACOL.COM.AR',NULL,NULL,'03404-493170/483',NULL,NULL,-31.852100,-61.572418,NULL,NULL,NULL,NULL),(129,'FAVINI S.A.',1,'GENERAL PAZ 7199, SANTA FE',7199,21,'Santa Fe','La Capital',2000,NULL,'FAVINISA@FAVINISA.COM.AR',NULL,NULL,'0342-4601106','0342-155013890',NULL,-31.605713,-60.676094,NULL,NULL,NULL,NULL),(130,'VILCOM SRL',1,'aV mITRE 1201, FLORIDA, BUENOS AIRES',1201,2,'Florida Oeste','Vicente López',1602,NULL,'VILCOM1@ARNETBIZ.COM.AR',NULL,NULL,'4730-0806/0702/4774/4844','154531-2361',NULL,-34.538849,-58.507240,NULL,NULL,NULL,NULL),(131,'FERNANDO ARTURO ASTIE',1,'Estacion de Servicio Rodeo del Medio - Ruta Provincial 50 4584, ',NULL,13,'Rodeo del Medio','Maipú',5529,NULL,'martinromito@astieypf.com.ar',NULL,NULL,'0261-4951132','0261-154534594',NULL,-32.983330,-68.683342,NULL,NULL,NULL,NULL),(132,'FINARVIS SRL',1,'AV GODOY CRUZ Y AYACUCHO, RIO CUARTO, CORDOBA',NULL,4,'Río Cuarto','Río Cuarto',5800,NULL,'finarvis@finarvis.com.ar',NULL,NULL,'0358-4642000/4644070','0358-155600021',NULL,-33.144840,-64.357689,NULL,NULL,NULL,NULL),(133,'FRAPPA Y MOINE SRL',1,'SAN MARTIN Y RAFAEL NUÑEZ, DESPEÑADEROS, CORDOBA',NULL,4,'Despeñaderos','Santa María',5121,NULL,'FRAPPAYMOINE@GMAIL.COM',NULL,NULL,'03547-492029','03547-15634920',NULL,-31.813660,-64.283760,NULL,NULL,NULL,NULL),(134,'MAFFIA JORGE LUIS',1,'GENERAL VILLEGAS Y ANCALA, GENERAL PINTO, BUENOS AIRES',NULL,2,NULL,'General Pinto',6050,NULL,'SOLEDAD.ESTEVEZ@YPFMAFFIA.COM.AR',NULL,NULL,'02356-420604','02362-15641612',NULL,-34.538589,-62.168858,NULL,NULL,NULL,NULL),(135,'BARBERO HNOS SA',1,'Rivadavia 255, General Rodríguez, Buenos Aires, Argentina',255,2,'General Rodríguez','General Belgrano',7223,NULL,'JHANSEN@BARBEROHERMANOS.COM.AR',NULL,NULL,'02243-454082','02243-15495041',NULL,-34.609741,-58.962078,NULL,NULL,NULL,NULL),(136,'HERMES Y WALTER GUARESCHI S DE HECHO',1,'AVENIDA AMERICA 272, VILLA ASCASUBI, CORDOBA',272,4,'Villa Ascasubi','Tercero Arriba',5935,NULL,NULL,NULL,NULL,'03571-498081/380','0357115691817',NULL,-32.163116,-63.889343,NULL,NULL,NULL,NULL),(137,'COSTANTINI Y CIA S.C.A.',1,'RUTA NACIONAL 7 KM 353, BUENOS AIRES',NULL,2,'IRIARTE',NULL,6042,NULL,'paraderodelosreyes@iriarte-ba.com.ar',NULL,NULL,'02354-491069','02362-15505014',NULL,-34.573502,-59.037861,NULL,NULL,NULL,NULL),(138,'J Y J SRL',1,'GRAL BELGRANO 617, MONTERRICO, JUJUY, ARGENTINA',617,10,'Monterrico','El Carmen',4608,NULL,'DEVORAI@HOTMAIL.COM',NULL,NULL,'0388-4941239','0388-156860547',NULL,-24.441565,-65.166626,NULL,NULL,NULL,NULL),(139,'PERDO P. DIAZ E HIJOS ',1,'AVENIDA 19 N 123, LA PLATA',123,2,'La Plata','La Plata',1900,NULL,'ppdiazadministracion@speedy.com.ar',NULL,NULL,'0221-4211158','0221-154631843',NULL,-34.913921,-57.978424,NULL,NULL,NULL,NULL),(140,'LA AGRICOLA REGIONAL COOP. LTDA',1,'MORENO 1404, Crespo, Entre Rios',NULL,NULL,'Crespo','Paraná',3116,'Hugo N','hugon@laagricolaregional.com.ar',NULL,NULL,'0343-4958000','Interno 1132',NULL,-32.031456,-60.305817,NULL,NULL,NULL,NULL),(141,'NELIO R PIGNATTA Y CIA SA',1,'RUTA 9 KM 662, CORDOBA, ARGENTINA',NULL,4,'Córdoba','Capital',5972,NULL,'neliopignatta@grupopignatta.com.ar; fgiotto@grupopignatta.com.ar',NULL,NULL,'03572-479680/81/82/85','03572-15667627',NULL,-31.307510,-64.175751,NULL,NULL,NULL,NULL),(142,'ORLANDO MANUEL AGENO E HIJOS SRL',1,'Santa Fe 2696, San Justo, Argentina',2696,21,'San Justo','San Justo',3040,NULL,'d.diesel@sanjustosf.com.ar',NULL,NULL,'03498-427240','03498-15619799',NULL,-30.791662,-60.597485,NULL,NULL,NULL,NULL),(144,'OSCAR J. PRIOTTI E HIJOS DE PRIOTTI GABRIEL PRIOTTI EDUARDO Y OTRO',1,'SAN MARTIN 826, CAFFERATA, SANTA FE',826,21,'Remedios de Escalada de San Martín','Rosario',2643,NULL,'OJPRIOTTI@COOPTELCAF.COM.AR',NULL,NULL,'03468-498381','03468-15643970',NULL,-32.940826,-60.671165,NULL,NULL,NULL,NULL),(145,'OSVALDO FANTINI Y CIA SRL',1,'TENIENTE ALESSO 585, CORDOBA',585,4,'Córdoba','Capital',5133,NULL,'elvio.spossetti@fantini.com.ar; yanina.depiante@fantini.com.ar',NULL,NULL,'03575-422005','03576-15522334',NULL,-31.398930,-64.182129,NULL,NULL,NULL,NULL),(146,'AGENTES ROMERO Y CIA',1,'SARGENTO CABRAL 585, BUENOS AIRES',585,2,'Ramos Mejía','La Matanza',6663,NULL,'agentesromero@infovia.com.ar',NULL,NULL,'02343-440250','02345-15665521',NULL,-34.645412,-58.556145,NULL,NULL,NULL,NULL),(147,'PETROANDINA SRL',1,'DE LA PLAZA Y FRANCISCO ARIAS',NULL,17,'Joaquín V. González','Anta',4400,NULL,'PETROANDINA@PETROANDINA.COM.AR',NULL,NULL,'0387-4283043','0387-156831916',NULL,-25.115297,-64.122635,NULL,NULL,NULL,NULL),(148,'PETROARSA SA',1,'Av Roca 2153, San Miguel de Tucumán, Tucumán, Argentina',2153,24,'San Miguel de Tucumán','Capital',4000,NULL,'MIGUELMENDOZA@PETROARSA.COM.AR',NULL,NULL,'0381-4262220',NULL,NULL,-26.838135,-65.232979,NULL,NULL,NULL,NULL),(149,'PETROBREÑAS SA',1,'BELGRANO 1703, LAS BREÑAS, CHACO',1703,6,'Las Breñas','9 de Julio',3722,NULL,'ADMINISTRACION@PETROBREÑAS.COM.AR',NULL,NULL,'03731-460497','03731-461194',NULL,-27.086416,-61.085880,NULL,NULL,NULL,NULL),(150,'PETROLERA BANDERA SRL',1,'MAIPU Y AVENIDA DE LOS AGRICULTORES',NULL,22,'BANDERA',NULL,3064,NULL,'ADMINISTRACION@PETROLERABANDERA.COM.AR',NULL,NULL,'03857-421062','03857-15676238',NULL,NULL,NULL,NULL,NULL,NULL,NULL),(151,'RGS SA',1,'RUTA 86 Y CALLE 78, NECOCHEA',NULL,2,'Necochea','Necochea',7630,NULL,'marianela.daniele@rgssa.com.ar',NULL,NULL,'02262-436363','02262-15504777',NULL,-38.554497,-58.739609,NULL,NULL,NULL,NULL),(152,'PETROBRAN SRL',1,'Dorrego 1300, La Banda, Santiago del Estero, Argentina',1300,22,'La Banda','La Banda',4300,NULL,'alugones@petroban.com.ar',NULL,NULL,'0385-4278689','0385-154177858',NULL,-27.725739,-64.224197,NULL,NULL,NULL,NULL),(153,'PETROSERVICE',1,'obispo trejo 90, santiago del estero, argentina',NULL,22,'Santiago del Estero','Capital',4200,NULL,'logisticacurbelo@tecnored.com',NULL,NULL,'0385-4215414','0385-156974884',NULL,-27.784420,-64.267281,NULL,NULL,NULL,NULL),(154,'PETROSURCO SA',1,'General Pico, La Pampa, Argentina',NULL,11,'General Pico','Maraco',6360,NULL,'cobranzas@petrosurcosa.com.ar',NULL,NULL,'02302-424250',NULL,NULL,-35.656952,-63.754547,NULL,NULL,NULL,NULL),(155,'FELICE Y MAGNO ',1,'ruta nacional 33, km131, buenos aires, argentina',NULL,2,'Pigue',NULL,8170,NULL,'administracion@hijosdefeliceymagno.com.ar',NULL,NULL,'02923-473085','02923-15640754',NULL,-36.455872,-62.640526,NULL,NULL,NULL,NULL),(156,'EDUARDO J. BARCELO',1,'Rawson, San Juan, Argentina',NULL,18,NULL,'Rawson',5423,NULL,'rmontoya@barceloempresas.com.ar',NULL,NULL,'0264-4285883','0264-155655473',NULL,-31.666656,-68.453171,NULL,NULL,NULL,NULL),(157,'SUAREZ DORE I. DE FERREIRO, MARIA DANIELA Y MARIA VIRGINIA FERREIRO SH',1,'salliquello, buenos aires',NULL,2,'Salliqueló','Salliqueló',6339,NULL,'mariadferreiro@yahoo.com.ar',NULL,NULL,'02394-480284 / 480037 / 481600','02392-15520682',NULL,-36.750717,-62.960094,NULL,NULL,NULL,NULL),(158,'POSETTO HNOS. Y CIA. S.R.L.',1,'Alem 353, San Francisco, Córdoba, Argentina',353,4,'San Francisco','San Justo',2400,NULL,'POSSETTOHNO@ARNETBIZ.COM.AR',NULL,NULL,'03564-421292','03564-15668563',NULL,-31.431993,-62.093662,NULL,NULL,NULL,NULL),(159,'MIGUEL AUGUSTO WELSH SUCESORES SRL',1,'RUTA NACIONAL 81, FORMOSA',NULL,9,'Ibarreta',NULL,3624,NULL,'MAWYPF.IBTA@GMAIL.COM',NULL,NULL,'03716-432115/161','03716-15616445',NULL,-24.797977,-60.450943,NULL,NULL,NULL,NULL),(160,'COOP. AGROP. LTDA. DE CARABELAS',1,'ROJAS, BUENOS AIRES, ARGENTINA',NULL,2,'Rojas','RP 188 KM 111',2705,NULL,'oabejugaray@coopcarabelas.com.ar',NULL,NULL,'02475-497166','02474-15660146',NULL,-34.200439,-60.732422,NULL,NULL,NULL,NULL),(161,'PETROVALLE S.A.',1,'AV DE LAS AMERICAS 1005, MISIONES',1005,14,'ARISTOBULO DEL VALLE',NULL,3364,NULL,'petrovallelubricantes@yahoo.com.ar; sfm@petrovalle.com.ar',NULL,NULL,'03764-450514',NULL,NULL,-27.477476,-55.100853,NULL,NULL,NULL,NULL),(162,'PETROTANDIL',1,'aV A DEL VALLE 602, TANDIL, BUENOS AIRES',602,2,'Tandil','Tandil',7000,NULL,'ddieselolavarria@petrotandil.com.ar',NULL,NULL,'02293-428400','02293-15636159',NULL,-37.313271,-59.144554,NULL,NULL,NULL,NULL),(163,'PRODUCCION S.A.',1,'Av Roca 1802, San Miguel de Tucumán, Tucumán, Argentina',1802,NULL,'San Miguel de Tucumán','Capital',4000,NULL,'mcorrea@produccionsa.com.ar',NULL,NULL,'0381-4249005','0381-156447360',NULL,-26.839361,-65.227806,NULL,NULL,NULL,NULL),(164,'RAISER S.A.',1,'Avenida Alicia Moreau de Justo 2030, Buenos Aires, Argentina',2030,1,'San Telmo','PISO 3 OF 319',1107,NULL,'FMARCHIORI@RAISER-SA.COM',NULL,NULL,'0341-4927316/17','011-1544186733',NULL,-34.623219,-58.365131,NULL,NULL,NULL,NULL),(165,'RAUL JOSE BATET SRL',1,'RUTA NACIONAL 35, KM 406, EDUARDO CASTEX, LA PAMPA',NULL,11,'EDUARDO CASTEX',NULL,6380,NULL,'batetsrl@difusoradigital.com.ar',NULL,NULL,'02334-443494','02302-15511072',NULL,-35.904537,-64.272682,NULL,NULL,NULL,NULL),(166,'REINERI SEBASTIAN J REINERI JULI',1,'JUAN PABLO II Y BV 25 DE MAYO, GENERAL DEHEZA, CORDOBA',NULL,4,'General Deheza','Juárez Celman',5923,NULL,'jreineri@ypfdeheza.com.ar',NULL,NULL,'0358-4950116','0358-156540245',NULL,-32.755703,-63.782360,NULL,NULL,NULL,NULL),(167,'RICARDO RISATTI SACIF',1,'INDEPENDENCIA Y RUTA NACIONAL 7, CORDOBA',NULL,4,'Córdoba','LABOULAYE',6120,NULL,'RISATTIYPF@ARNETBIZ.COM.AR',NULL,NULL,'03385-427191 / 426984','03385-15521839',NULL,-31.398930,-64.182129,NULL,NULL,NULL,NULL),(168,'INVERSORA MINORISTA S.A.',1,'RICCHIERI 2189, TAPIALES, BUENOS AIRES',2189,2,'Tapiales','La Matanza',1770,NULL,'JDIRANI@IMSAENERGIA.COM.AR',NULL,NULL,'44623484','1553368204',NULL,-34.706921,-58.501827,NULL,NULL,NULL,NULL),(169,'SAN JAVIER SERVICIOS',1,'Combate de San Lorenzo 244, V GOBERNADOR CRESPO, SANTA FE',244,21,'Gobernador Crespo','San Justo',3044,NULL,'PAULOVICHFABIAN@GMAIL.COM',NULL,NULL,'03498-480353','0342-156115059',NULL,-30.361938,-60.401012,NULL,NULL,NULL,NULL),(170,'AGROQUIMICOS Y FERTILIZANTES FERTYCOM SRL',1,'RUTA NACIONAL 3, KM 497, TRES ARROYOS, BUENOS AIRES',497,2,'Tres Arroyos','Tres Arroyos',7500,NULL,'miguel.nuesch@ypf.com',NULL,NULL,'02983-432990',NULL,NULL,-38.368637,-60.296486,NULL,NULL,NULL,NULL),(171,'SUPER UNO S.A.',1,'AV SAN MARTIN 3612, CORDOBA',3612,4,'COLONIA CAROYA',NULL,5223,NULL,'SUPERUNOPLANTA@COOP5.COM.AR',NULL,NULL,'03525-402700/1',NULL,NULL,-31.402451,-64.470367,NULL,NULL,NULL,NULL),(172,'VALENTIN BRUNO CAON E HIJOS S.H.',1,'ALVEAR 829, VILLA MARIA, CORDOBA',829,4,'Villa María','General San Martín',5900,NULL,'administracion@valentincaon.com.ar',NULL,NULL,'0353-4520848','0353-154086567',NULL,-32.416054,-63.232208,NULL,NULL,NULL,NULL),(173,'AGUAS CORLETTI S.R.L     ',19,'Avenida Gral. Lavalle 561, Zarate, Buenos Aires, Argentina',561,2,'Zarate','Zarate',2800,NULL,'info@aguascorletti.com.ar',NULL,NULL,'03487 423595',NULL,NULL,-34.101917,-59.025349,NULL,NULL,NULL,NULL),(174,'CARLOS ALBERTO GARCIA S.A',19,'9 de Julio 3278, Santa Fe, Argentina',3278,21,'Santa Fe','La Capital',3000,'Ignacio','igarcia@cagarcia.com.ar',NULL,NULL,'0342-4551258',NULL,NULL,-31.637518,-60.706810,NULL,NULL,NULL,NULL),(175,'DESDELSUR S.A.           ',19,'Av Córdoba 373, Capital Federal, Argentina',373,1,'Retiro',NULL,1054,NULL,'desdelsur@desdelsur.com - msotoacebal@desdelsur.com - allendeja@desdelsur.com',NULL,NULL,'011-4700 0102',NULL,NULL,-34.598473,-58.372459,NULL,NULL,NULL,NULL),(176,'GUALEGUAY CEREALES S.A.  ',19,'Lavalle 422, Capital Federal, Argentina',422,1,'San Nicolás',NULL,1047,NULL,'lubricantes@gualecereales.arnetbiz.com.ar',NULL,NULL,'(03444) 42 - 4828',NULL,NULL,-34.602077,-58.372822,NULL,NULL,NULL,NULL),(177,'COOP. AGROPECUARIA LA PAZ ',19,'Urquiza 641, La Paz, Entre Ríos, Argentina',641,NULL,'La Paz','La Paz',3190,NULL,'monica.frette@calp.coop',NULL,NULL,'03437-423612',NULL,NULL,-30.741491,-59.647587,NULL,NULL,NULL,NULL),(178,'NEW FUEL S.A.            ',19,'Avenida Rivadavia 1822, Morón, Buenos Aires, Argentina',NULL,NULL,NULL,NULL,1708,NULL,'tecnica@newfuelsa.com',NULL,NULL,'011-4699-6641',NULL,NULL,-34.639965,-58.555145,NULL,NULL,NULL,NULL),(179,'ORO VERDE S.A.           ',19,'ruta nacional 38, KM 709, alberti, tucuman',NULL,24,NULL,'Chicligasta',4158,NULL,'info@oroverdesa.com.ar',NULL,NULL,NULL,NULL,NULL,-27.566668,-65.614166,NULL,NULL,NULL,NULL),(180,'P.A.M.S.A.               ',1,'Maipú 267, Capital Federal, Argentina',267,1,'San Nicolás',NULL,1084,'Ricardo DOMÍNGUEZ (Jefe de terminal)','rdominguez@pamsa.com.ar',NULL,NULL,'0336 154411879','4326-5953/0058/0083  ',NULL,-34.605072,-58.376553,NULL,NULL,NULL,NULL);

/*Table structure for table `cliente_categoriaiva` */

DROP TABLE IF EXISTS `cliente_categoriaiva`;

CREATE TABLE `cliente_categoriaiva` (
  `idCategoriaIVA` int(11) NOT NULL AUTO_INCREMENT,
  `descripcion` varchar(32) DEFAULT NULL,
  `codigo` varchar(4) DEFAULT NULL,
  PRIMARY KEY (`idCategoriaIVA`)
) ENGINE=InnoDB DEFAULT CHARSET=latin1;

/*Data for the table `cliente_categoriaiva` */

/*Table structure for table `cliente_tipocliente` */

DROP TABLE IF EXISTS `cliente_tipocliente`;

CREATE TABLE `cliente_tipocliente` (
  `idTipoCliente` int(11) NOT NULL AUTO_INCREMENT,
  `descripcion` varchar(128) DEFAULT NULL,
  PRIMARY KEY (`idTipoCliente`)
) ENGINE=InnoDB AUTO_INCREMENT=20 DEFAULT CHARSET=latin1;

/*Data for the table `cliente_tipocliente` */

insert  into `cliente_tipocliente`(`idTipoCliente`,`descripcion`) values (1,'Distribuidor Diesel'),(2,'Acoples'),(3,'Petrolera'),(19,'Cliente Potencial');

/*Table structure for table `despiece` */

DROP TABLE IF EXISTS `despiece`;

CREATE TABLE `despiece` (
  `idProducto` int(10) unsigned DEFAULT NULL,
  `idParte` int(10) unsigned DEFAULT NULL,
  `idParent` int(10) unsigned DEFAULT NULL,
  `jerarquia` varchar(64) DEFAULT NULL,
  `nivel` int(11) DEFAULT NULL,
  `cantidad` int(11) DEFAULT NULL,
  `idDespiece` int(11) NOT NULL AUTO_INCREMENT,
  PRIMARY KEY (`idDespiece`),
  KEY `FK_despiece.despiece_parte` (`idParte`),
  KEY `FK_despiece.despiece_producto` (`idProducto`),
  CONSTRAINT `FK_despiece.despiece_parte` FOREIGN KEY (`idParte`) REFERENCES `parte` (`idParte`),
  CONSTRAINT `FK_despiece.despiece_producto` FOREIGN KEY (`idProducto`) REFERENCES `producto` (`idProducto`)
) ENGINE=InnoDB AUTO_INCREMENT=369 DEFAULT CHARSET=latin1;

/*Data for the table `despiece` */

insert  into `despiece`(`idProducto`,`idParte`,`idParent`,`jerarquia`,`nivel`,`cantidad`,`idDespiece`) values (NULL,NULL,NULL,'/',0,1,1),(21,1429,1,'/297/',1,1,297),(20,2301,1,'/326/',1,1,326),(20,1854,326,'/326/327/',2,3,327),(20,2302,326,'/326/328/',2,1,328),(20,2303,326,'/326/329/',2,1,329),(20,2305,326,'/326/330/',2,1,330),(20,2306,326,'/326/331/',2,1,331),(20,2307,326,'/326/332/',2,1,332),(20,2308,326,'/326/333/',2,1,333),(21,2301,297,'/297/342/',2,1,342),(21,2302,342,'/297/342/344/',3,1,344),(21,2303,342,'/297/342/345/',3,1,345),(21,2305,342,'/297/342/346/',3,1,346),(21,2306,342,'/297/342/347/',3,1,347),(21,2307,342,'/297/342/348/',3,1,348),(21,2308,342,'/297/342/349/',3,1,349),(23,2327,1,'/350/',1,1,350),(23,2317,350,'/350/351/',2,1,351),(23,2318,350,'/350/352/',2,1,352),(23,2319,350,'/350/353/',2,1,353),(23,2320,350,'/350/354/',2,2,354),(23,2321,350,'/350/355/',2,2,355),(23,2322,350,'/350/356/',2,168,356),(23,2323,350,'/350/357/',2,2,357),(23,2324,350,'/350/358/',2,2,358),(23,2325,350,'/350/359/',2,2,359),(24,2332,1,'/360/',1,1,360),(24,2328,360,'/360/361/',2,1,361),(24,2329,360,'/360/362/',2,1,362),(24,2330,360,'/360/363/',2,1,363),(24,2321,360,'/360/364/',2,1,364),(24,2331,360,'/360/365/',2,80,365),(24,2324,360,'/360/366/',2,1,366),(24,2323,360,'/360/367/',2,1,367),(24,2325,360,'/360/368/',2,1,368);

/*Table structure for table `estadopago` */

DROP TABLE IF EXISTS `estadopago`;

CREATE TABLE `estadopago` (
  `idEstadoPago` int(11) NOT NULL AUTO_INCREMENT,
  `descripcion` varchar(64) DEFAULT NULL,
  PRIMARY KEY (`idEstadoPago`)
) ENGINE=InnoDB AUTO_INCREMENT=6 DEFAULT CHARSET=latin1;

/*Data for the table `estadopago` */

insert  into `estadopago`(`idEstadoPago`,`descripcion`) values (1,'Borrador'),(2,'Pendiente Autorizar'),(3,'Autorizado'),(4,'Realizado'),(5,'Conciliado');

/*Table structure for table `insumo` */

DROP TABLE IF EXISTS `insumo`;

CREATE TABLE `insumo` (
  `idParte` int(10) unsigned NOT NULL,
  `jerarquia` varchar(64) DEFAULT NULL,
  `nivel` int(11) DEFAULT NULL,
  `cantidad` int(11) DEFAULT NULL,
  `idInsumo` int(10) unsigned NOT NULL AUTO_INCREMENT,
  `idInsumoParent` int(11) DEFAULT NULL,
  PRIMARY KEY (`idParte`,`idInsumo`),
  UNIQUE KEY `idInsumo` (`idInsumo`)
) ENGINE=InnoDB AUTO_INCREMENT=38 DEFAULT CHARSET=latin1;

/*Data for the table `insumo` */

insert  into `insumo`(`idParte`,`jerarquia`,`nivel`,`cantidad`,`idInsumo`,`idInsumoParent`) values (1,'/18/20/27/',3,2,27,20),(3,'/18/19/25/26/',4,4,26,25),(80,'/1/1/3/28/',4,2,28,5),(115,'/1/1/2/',3,4,1,3),(248,'/1/1/1/',3,4,2,3),(441,'/1/1/',2,1,3,6),(443,'/2/',1,1,4,NULL),(443,'/18/20/21/',3,2,21,20),(787,'/1/1/3/',3,4,5,3),(830,'/1/',1,1,6,NULL),(950,'/18/19/',2,2,19,18),(1153,'/2/1/2/',3,3,7,8),(1158,'/2/1/',2,2,8,4),(1158,'/18/19/24/',3,8,24,19),(1341,'/18/20/',2,2,20,18),(1624,'/2/1/1/',3,3,9,8),(1697,NULL,NULL,7,23,NULL),(1697,'/18/19/25/',3,23,25,19),(1854,NULL,NULL,3,36,NULL),(1854,'/29/37/',2,3,37,29),(2225,'/18/',1,4,18,NULL),(2300,'/18/20/22/',3,5,22,20),(2301,'/29/',1,1,29,NULL),(2302,'/29/35/',2,1,35,29),(2303,'/29/34/',2,1,34,29),(2305,'/29/33/',2,1,33,29),(2306,'/29/32/',2,1,32,29),(2307,'/29/31/',2,1,31,29),(2308,'/29/30/',2,1,30,29);

/*Table structure for table `mediocobro` */

DROP TABLE IF EXISTS `mediocobro`;

CREATE TABLE `mediocobro` (
  `idMedioCobro` int(11) NOT NULL AUTO_INCREMENT,
  `fecha` date DEFAULT NULL,
  `importeSiva` float DEFAULT NULL,
  `importeTotal` float DEFAULT NULL,
  `cuitCliente` varchar(13) DEFAULT NULL,
  `nombreCliente` varchar(256) DEFAULT NULL,
  `descripcion` varchar(256) DEFAULT NULL,
  `idTipoMedio` int(11) DEFAULT NULL,
  `nroComprobante` varchar(12) DEFAULT NULL,
  `nroSerie` varchar(4) DEFAULT NULL,
  `fechaCreacion` datetime DEFAULT NULL,
  PRIMARY KEY (`idMedioCobro`),
  KEY `FK_comprobanteventa` (`idTipoMedio`),
  CONSTRAINT `FK_mediocobro_tipomedio` FOREIGN KEY (`idTipoMedio`) REFERENCES `tipomedio` (`idTipoMedio`)
) ENGINE=InnoDB AUTO_INCREMENT=86 DEFAULT CHARSET=utf8;

/*Data for the table `mediocobro` */

insert  into `mediocobro`(`idMedioCobro`,`fecha`,`importeSiva`,`importeTotal`,`cuitCliente`,`nombreCliente`,`descripcion`,`idTipoMedio`,`nroComprobante`,`nroSerie`,`fechaCreacion`) values (13,'2015-02-25',0,53194,'1','LOSI','',1,'0005-0000002','','2015-01-20 16:52:25'),(19,'2015-02-28',0,47118.9,'30-54717491-3','Bertotto','Pago  FC 30',1,'0005-000030','3437','2015-02-02 13:42:17'),(21,'2015-03-18',0,39868.4,'3','PASTORINO','',1,'FC','3923','2015-03-16 12:00:05'),(22,'2015-03-03',0,40000,'3','PASTORINO','',1,'FC','3923','2015-02-03 16:38:22'),(23,'2015-02-20',0,2706,'3','DISTRIBUIDORA RIO','',1,'FC','9690','2015-02-03 16:39:18'),(24,'2015-02-20',0,2910,'3','DISTRIBUIDORA RIO','',1,'FC','1967','2015-02-03 16:40:08'),(26,'2015-02-10',0,3800,'3','DISTRIBUIDORA RIO','',1,'FC','3587','2015-02-03 16:41:25'),(28,'2015-02-27',0,26998.9,'30673682622','Distribuidora Rio','',1,'44','1','2015-03-09 11:37:33'),(29,'2015-03-27',0,12180.7,'30518242888','Hector Losi','Anticipo Brazo de carga',1,'43','1','2015-03-03 11:20:20'),(30,'2015-04-28',0,7650,'30500858628','Molinos Rio de la Plata','Valvula',1,'42','1','2015-04-23 13:08:11'),(31,'2015-03-23',0,16188.1,'20921025409','Bylpa - Manuel Caen','Tubo de descarga',1,'41','1','2015-03-03 11:22:57'),(33,'2015-04-13',0,6907.26,'30514282888','Hector Losi','',1,'39','1','2015-04-20 13:57:03'),(36,'2015-03-20',0,34187.9,'30673682622','DIST. RIO','',1,'44','0877','2015-03-09 11:38:15'),(37,'2015-03-27',0,54142.7,'30673682622','DIST. RIO','',1,'44','0400','2015-03-09 11:38:46'),(38,'2015-03-10',0,1718.2,'1','gomafiltro','',1,'33','8406','2015-03-10 11:50:47'),(39,'2015-03-10',0,2009.82,'1','gomafiltro','',1,'33','2170','2015-03-10 11:51:20'),(40,'2015-03-03',0,66140,'20204485306','PIERLUCCA','',1,'0005-0000000','','2015-07-02 14:41:29'),(41,'2015-03-11',0,10890,'30518242888','HECTRO LOSSI','ANTICIPO POR BRAZO DE CARGA',1,'0005-0000004','','2015-03-25 10:19:41'),(43,'2015-04-23',0,35652,'30673682622','DISTRIBUIDORA RIO','',1,'0005-0000004','','2015-04-20 14:21:02'),(44,'2015-03-18',0,8519.11,'33519138099','GALPA','',1,'0005-0000004','','2015-03-25 10:24:40'),(45,'2015-04-14',0,12718.9,'30710218753','SUP DE LOS FILTROS','',1,'0005-0000005','','2015-04-20 13:40:22'),(46,'2015-04-14',0,3645,'30506176278','VILUCO SA','',1,'62','','2015-04-20 12:31:15'),(47,'2015-04-20',0,32906.6,'30528025621','ALFREDO CARDINAL','',1,'54','','2015-04-20 14:20:15'),(48,'2015-04-24',0,36492,'30712274464','DOBLE L BIOENERGIAS','',1,'55','','2015-04-24 15:55:05'),(49,'2015-04-24',0,25410,'30518242888','HECTOR LOSI','',1,'60','','2015-04-24 15:55:19'),(50,'2015-04-24',0,28421.5,'30518242888','HECTOR LOSI','',1,'59','','2015-04-24 15:55:52'),(52,'2015-04-14',0,4519.71,'30710218753','SUPERMECADO DE FILTROS','',1,'51','','2015-04-20 13:40:08'),(53,'2015-04-30',0,45922.4,'30547174913','bertoto','anticipo brazos',1,'63','','2015-04-29 18:11:22'),(54,'2015-04-28',0,13567.5,'30714450928','Pastorino','anticipo brazos',1,'64','','2015-04-24 10:18:59'),(55,'2015-04-28',0,750,'30','Pastorino','FC 63 PASTORINO',1,'63','63','2015-04-24 10:20:17'),(56,'2015-04-28',0,10000,'30','Pastorino','FC 63 Pastorino',1,'63','63','2015-04-24 10:20:55'),(57,'2015-04-28',0,1250,'30','Pastorino','FC 63 Pastorino',1,'63','63','2015-04-24 10:21:18'),(58,'2015-04-30',0,2000,'30','PASTORINO','FC PASTORINO',1,'63','63','2015-04-24 10:21:46'),(59,'2015-05-06',0,13936.6,'30709854409','ESDH SA','ANTICIPO BRAZO DE CARGA',1,'67','','2015-05-06 09:46:24'),(63,'2015-05-13',0,30959.3,'30664985469','leveal sa','',1,'72','','2015-05-13 16:59:49'),(64,'2015-05-12',0,1484.42,'30521504257','acesur','',1,'71','','2015-05-13 17:02:07'),(65,'2015-06-04',0,6400,'30673682622','distribuidora rio','',1,'74','','2015-06-04 09:17:38'),(66,'2015-06-11',0,59750,'30714450928','PASTORINO','',1,'70','','2015-06-16 16:00:32'),(67,'2015-05-19',0,107392,'30547174913','BERTOTO ','',1,'69','','2015-05-19 20:54:04'),(68,'2015-06-15',0,12285.8,'30640065768','COFLEX','',1,'68','','2015-06-15 17:12:01'),(69,'2015-06-30',0,8663.04,'30500858628','MOLINOS RIO DE LA PLATA','',1,'75','','2015-07-01 15:44:41'),(70,'2015-06-04',0,31254.3,'30547174913','BERTOTO ','',1,'78','','2015-06-04 11:13:25'),(71,'2015-06-03',0,1727.44,'30714450928','pastorino','',1,'70','','2015-06-04 09:09:59'),(72,'2015-06-20',0,2461.5,'30714450928','pastorino','',1,'70','','2015-06-04 09:10:46'),(73,'2015-06-09',0,30000,'30641564628','pitilini','',1,'79','','2015-06-10 09:14:41'),(74,'2015-06-18',0,29000,'30673682622','dist rio','',1,'74','','2015-06-19 09:56:01'),(75,'2015-06-26',0,29000,'30673682622','dist rio','',1,'74','','2015-06-26 12:44:57'),(76,'2015-06-15',0,3408,'30673682622','dist rio','',1,'74','','2015-06-04 09:15:45'),(77,'2015-06-09',0,1522,'23256591359','multimateriales','',1,'77','','2015-06-10 09:15:08'),(78,'2015-06-12',0,76549.5,'30678186445','telecom ','',1,'73','','2015-06-12 10:06:30'),(79,'2015-07-01',0,20771.8,'20229231732','de la faba ignacio','',1,'81','0540','2015-06-15 12:21:56'),(80,'2015-07-23',0,11948.8,'33519138099','galpa arl','',1,'80','1130','2015-06-23 15:38:21'),(81,'2015-06-23',0,47482.4,'33563240119','ARAUCO','',1,'84','','2015-06-24 14:53:02'),(82,'2015-06-24',0,72238.3,'30664985469','LEVEAL','',1,'82','','2015-06-24 14:56:00'),(83,'2015-06-24',0,8079.79,'30521369570','VITCO','',1,'83','','2015-06-24 14:57:07'),(84,'2015-06-30',0,74568.6,'30547174913','Bertoto','',1,'85','','2015-06-30 16:15:36'),(85,'2015-06-30',0,25911.8,'30547174913','Bertoto','',1,'86','','2015-06-30 16:16:34');

/*Table structure for table `mediopago` */

DROP TABLE IF EXISTS `mediopago`;

CREATE TABLE `mediopago` (
  `idMedioPago` int(11) NOT NULL AUTO_INCREMENT,
  `fecha` date DEFAULT NULL,
  `importeSiva` float DEFAULT NULL,
  `importeTotal` float DEFAULT NULL,
  `cuitProveedor` varchar(13) DEFAULT NULL,
  `nombreProveedor` varchar(256) DEFAULT NULL,
  `descripcion` varchar(256) DEFAULT NULL,
  `idTipoMedio` int(11) DEFAULT NULL,
  `nroComprobante` varchar(12) DEFAULT NULL,
  `nroSerie` varchar(4) DEFAULT NULL,
  `fechaCreacion` datetime DEFAULT NULL,
  `idEstadoPago` int(11) DEFAULT NULL,
  PRIMARY KEY (`idMedioPago`),
  KEY `FK_comprobanteventa` (`idTipoMedio`),
  KEY `FK_mediopago_estadopago` (`idEstadoPago`),
  CONSTRAINT `FK_mediopago_estadopago` FOREIGN KEY (`idEstadoPago`) REFERENCES `estadopago` (`idEstadoPago`),
  CONSTRAINT `FK_mediopago_tipomedio` FOREIGN KEY (`idTipoMedio`) REFERENCES `tipomedio` (`idTipoMedio`)
) ENGINE=InnoDB AUTO_INCREMENT=80 DEFAULT CHARSET=utf8;

/*Data for the table `mediopago` */

insert  into `mediopago`(`idMedioPago`,`fecha`,`importeSiva`,`importeTotal`,`cuitProveedor`,`nombreProveedor`,`descripcion`,`idTipoMedio`,`nroComprobante`,`nroSerie`,`fechaCreacion`,`idEstadoPago`) values (4,'2015-01-07',214.88,1214.88,'1','INACAP','INACAP',1,'1','1','2015-02-12 16:32:09',1),(5,'2015-01-07',448.93,1489.43,'2','FAECYS','FAECYS',1,'2','1','2015-02-12 11:35:03',1),(9,'2015-01-02',524.57,524.57,'30-55449764-7','CITY MEDICAL SERVICE SA','SERVICIOS MEDICOS',1,'0003-0000115','','2015-01-19 08:33:54',1),(23,'2015-02-04',0,517.05,'3','Patente - FOB140','Fiorino',1,'dv51','008-','2015-02-04 12:42:22',1),(24,'2015-02-04',0,999.84,'3','Patente - GWB187','Renault clio',1,'DV-11','008-','2015-02-04 12:43:28',1),(25,'2015-02-04',0,8759.41,'3','Patente - MRW802','Volkwagen vento',1,'DV-35','008-','2015-02-04 12:47:00',1),(30,'2015-01-14',0,283.24,'30-71203015-8','LEONARDO ADROVER','',1,'1','0002','2015-02-04 13:00:32',1),(31,'2015-02-04',0,5899.11,'30-50006324-2','Instituto Mercantil','',1,'80082','1048','2015-02-04 16:00:04',1),(42,'2015-02-12',0,2527.33,'1','AFIP INTIMACION','',1,'5515','1117','2015-02-12 16:31:52',1),(45,'2014-11-21',0,29000,'3','AFIP','SUSS',1,'2','','2015-02-13 17:56:44',1),(46,'2015-02-05',0,7500,'1','DDR','Apple Ipad Air 16gb Retina A7 Wifi ',1,'1','','2015-02-18 17:19:11',1),(48,'2015-02-19',0,13957.3,'27238530658','Garcia','',1,'996','1','2015-03-03 10:49:53',1),(49,'2015-03-10',0,1176.25,'33692148229','Staples','',1,'346988','35','2015-03-03 10:58:10',1),(50,'2015-02-27',0,27086.8,'1','Iva Enero F.731','',1,'1/12','1','2015-03-03 11:01:34',1),(52,'2015-03-02',0,5705.27,'30708739746','Aceros Sud','',1,'22357','1','2015-03-03 12:04:29',1),(54,'2015-03-20',0,6896.53,'30684766690','LIT ALUMINIOS','',1,'73407','7052','2015-03-10 09:34:43',1),(55,'2015-03-02',0,3388,'30504029006','RESORTIL','',1,'0001-0000786','','2015-03-25 12:00:06',1),(56,'2015-03-02',0,285,'20-93590065-5','MENSAJERIA DN','',1,'0001-0000029','','2015-03-25 12:00:56',1),(57,'2015-03-18',0,4791,'30653252168','ASPREA','',1,'0001-0000214','000','2015-03-25 12:01:42',1),(58,'2015-03-10',0,1176.25,'33692148229','STAPLES','',1,'0035-0034698','','2015-03-25 12:02:45',1),(59,'2015-03-04',0,1964.49,'30538068841','FAMIQ','',1,'1006-0027534','7852','2015-03-25 12:05:43',1),(60,'2015-02-27',0,160.16,'30646127684','HNOS RUBINO','',1,'0004-0007941','','2015-03-25 12:07:00',1),(61,'2015-03-01',0,1918.36,'0','AUTONOMO DIEGO','',1,'00','','2015-03-26 12:08:50',1),(62,'2015-03-25',0,3660.91,'27-34533580-9','rulemanes san pedrito','',1,'0001-4010','1','2015-04-07 15:37:02',1),(63,'2015-03-05',0,4537.5,'27-23853065-8','Garcia','',1,'1004','','2015-04-07 15:46:59',1),(65,'2015-03-19',0,20541.8,'27238530658','Garcia','',1,'0001-1012','','2015-04-07 15:55:48',1),(66,'2015-04-01',0,2516.8,'30-70919902-8','maderera Belgrano','',1,'0001-4303','','2015-04-07 15:56:37',1),(67,'2015-05-06',0,8448.22,'23-93863266-9','Fundimia','',1,'6324','','2015-05-08 10:36:41',1),(68,'2015-04-01',0,369.73,'30685158341','chubb','',1,'44198','','2015-05-08 10:37:45',1),(69,'2015-05-05',0,7356.8,'33711305489','idea fabril','',1,'579','','2015-05-11 11:01:32',1),(70,'2015-05-07',0,2090.88,'30627718213','laapsa','',1,'10694','','2015-05-11 11:03:12',1),(71,'2015-05-05',0,1367.32,'30593015749','ZALOZE','',1,'29147','','2015-05-11 11:05:14',1),(72,'2015-05-06',0,1371.93,'30593015749','ZALOZE','',1,'29157','','2015-05-11 11:05:57',1),(73,'2015-05-11',0,1577.51,'30710795726','COMPLEMENT','',1,'14302','','2015-05-11 11:06:38',1),(74,'2015-05-08',0,1318.84,'30576303862','CANEDA','',1,'47127','','2015-05-11 14:28:39',1),(76,'2015-05-13',0,9240.21,'20112511521','ARGENSOLD','',1,'44198','','2015-05-18 12:10:30',1),(77,'2015-05-15',0,5445,'27345335809','rulemanes san pedrito','',1,'4111','','2015-05-19 09:14:56',1),(78,'2015-05-18',0,1136.41,'30538068841','famiq','',1,'1006-291438','','2015-05-19 09:16:37',1),(79,'2015-05-18',0,2577.92,'30538068841','famiq','',1,'1001-206204','','2015-05-19 09:18:06',1);

/*Table structure for table `movimiento` */

DROP TABLE IF EXISTS `movimiento`;

CREATE TABLE `movimiento` (
  `idMovimiento` int(11) NOT NULL AUTO_INCREMENT,
  `descripcion` varchar(128) DEFAULT NULL,
  `idTipoMovimiento` int(11) NOT NULL,
  `fechaPago` date NOT NULL,
  `importeIngreso` float DEFAULT NULL,
  `importeEgreso` float DEFAULT NULL,
  `fechaCreacion` datetime NOT NULL,
  `nroOrden` int(11) DEFAULT NULL,
  `idMovimientoOrigen` int(11) DEFAULT NULL,
  `idMedioCobro` int(11) DEFAULT NULL,
  `idMedioPago` int(11) DEFAULT NULL,
  `idRepeticion` int(11) DEFAULT NULL,
  `nroRepeticion` int(11) DEFAULT NULL,
  `esConciliado` tinyint(4) DEFAULT NULL,
  PRIMARY KEY (`idMovimiento`),
  KEY `FK_movimiento` (`idTipoMovimiento`),
  KEY `FK_movimiento_comprovanteventa` (`idMedioCobro`),
  KEY `FK_movimiento_comprobanteCpr` (`idMedioPago`),
  CONSTRAINT `FK_movimiento` FOREIGN KEY (`idTipoMovimiento`) REFERENCES `tipomovimiento` (`idTipoMovimiento`),
  CONSTRAINT `FK_movimiento_mediocobro` FOREIGN KEY (`idMedioCobro`) REFERENCES `mediocobro` (`idMedioCobro`),
  CONSTRAINT `FK_movimiento_mediopago` FOREIGN KEY (`idMedioPago`) REFERENCES `mediopago` (`idMedioPago`)
) ENGINE=InnoDB AUTO_INCREMENT=953 DEFAULT CHARSET=utf8;

/*Data for the table `movimiento` */

insert  into `movimiento`(`idMovimiento`,`descripcion`,`idTipoMovimiento`,`fechaPago`,`importeIngreso`,`importeEgreso`,`fechaCreacion`,`nroOrden`,`idMovimientoOrigen`,`idMedioCobro`,`idMedioPago`,`idRepeticion`,`nroRepeticion`,`esConciliado`) values (38,'Extraccion',2,'2015-01-02',NULL,1000,'2015-01-17 17:48:06',5910,NULL,NULL,NULL,NULL,NULL,NULL),(39,'Mapfre Argentina',2,'2015-01-02',NULL,826,'2015-01-17 17:49:32',3944,NULL,NULL,NULL,NULL,NULL,NULL),(40,'Sueldo+SAC  Marcelo',2,'2015-01-02',NULL,7892,'2015-01-17 17:52:35',226,NULL,NULL,NULL,NULL,NULL,NULL),(41,'Sueldo+SAC DDR',2,'2015-01-02',NULL,21000,'2015-01-17 17:53:31',175,NULL,NULL,NULL,NULL,NULL,NULL),(42,'Sueldo+SAC  Jose',2,'2015-01-02',NULL,12008,'2015-01-17 17:54:25',226,NULL,NULL,NULL,NULL,NULL,NULL),(43,'Sueldo+SAC GS',2,'2015-01-02',NULL,14695,'2015-01-17 17:55:14',226,NULL,NULL,NULL,NULL,NULL,NULL),(44,'Sueldo+SAC RB',2,'2015-01-02',NULL,9745,'2015-01-17 17:56:04',2147483647,NULL,NULL,NULL,NULL,NULL,NULL),(45,'Extraccion',1,'2015-01-02',278924,NULL,'2015-01-18 12:00:13',5910,NULL,NULL,NULL,NULL,NULL,NULL),(46,'Pago Cci 24hs Gravada Interbanking  - A Cbu 0170179740000030112261 ',2,'2015-01-02',NULL,342.17,'2015-01-18 10:43:58',40967,NULL,NULL,NULL,NULL,NULL,NULL),(47,'Imp Ley 25413 Deb 0,6% ',2,'2015-01-02',NULL,405.06,'2015-01-18 10:44:58',29590,NULL,NULL,NULL,NULL,NULL,NULL),(49,'Clearing Recibido 48 Hs',2,'2015-01-02',NULL,3033.99,'2015-01-18 10:46:44',78528232,NULL,NULL,NULL,NULL,NULL,NULL),(50,'Prosegur Activa 47625 -938,31',2,'2015-01-02',NULL,938.31,'2015-01-18 10:49:07',78481,NULL,NULL,NULL,NULL,NULL,NULL),(51,'Pago Electronico de Servicios Movistar 0100134754167',2,'2015-01-05',NULL,6766.46,'2015-01-18 11:24:37',425395,NULL,NULL,NULL,NULL,NULL,NULL),(52,'Caja Chica',2,'2015-01-05',NULL,4000,'2015-01-18 11:25:44',10001,NULL,NULL,NULL,NULL,NULL,NULL),(53,'Imp Ley 25413 Deb 0.6%',2,'2015-01-05',NULL,88.43,'2015-01-18 11:27:12',29598,NULL,NULL,NULL,NULL,NULL,NULL),(54,'RVG',2,'2015-01-06',NULL,23000,'2015-01-20 12:19:02',78528237,NULL,NULL,NULL,NULL,NULL,NULL),(55,'Dirección Gral D 6499407',2,'2015-01-06',NULL,594.71,'2015-01-18 11:30:13',57883,NULL,NULL,NULL,NULL,NULL,NULL),(56,'Imp Ley 25413 Deb 0.6%',2,'2015-01-06',NULL,141.57,'2015-01-18 11:31:45',29598,NULL,NULL,NULL,NULL,NULL,NULL),(57,'Amex',2,'2015-01-07',NULL,13500,'2015-01-18 11:32:33',78528240,NULL,NULL,NULL,NULL,NULL,NULL),(58,'Cablevision ',2,'2015-01-07',NULL,1494.36,'2015-01-18 11:34:48',316069,NULL,NULL,NULL,NULL,NULL,NULL),(59,'Vittal E833943',2,'2015-01-07',NULL,117.7,'2015-01-18 11:35:36',324210,NULL,NULL,NULL,NULL,NULL,NULL),(60,'Sueldo + SAC AV',2,'2015-01-07',NULL,15799.5,'2015-01-18 11:36:31',3213311,NULL,NULL,NULL,NULL,NULL,NULL),(61,'Imp Ley 25413 Deb 0.6%',2,'2015-01-07',NULL,185.48,'2015-01-18 11:37:30',29603,NULL,NULL,NULL,NULL,NULL,NULL),(62,'Cheque',2,'2015-01-08',NULL,1459.56,'2015-01-18 11:38:19',78528238,NULL,NULL,NULL,NULL,NULL,NULL),(63,'Solmec',2,'2015-01-08',NULL,1197.9,'2015-01-18 11:39:07',21419,NULL,NULL,NULL,NULL,NULL,NULL),(64,'Telefonica',2,'2015-01-08',NULL,162.2,'2015-01-18 11:39:40',23013,NULL,NULL,NULL,NULL,NULL,NULL),(65,'Telefonica',2,'2015-01-08',NULL,802.67,'2015-01-18 11:40:16',23053,NULL,NULL,NULL,NULL,NULL,NULL),(66,'Imp Ley 25413 Deb 0.6%',2,'2015-01-08',NULL,21.74,'2015-01-18 11:41:52',29608,NULL,NULL,NULL,NULL,NULL,NULL),(67,'Cheque',2,'2015-01-12',NULL,4897.06,'2015-01-18 11:42:50',78528221,NULL,NULL,NULL,NULL,NULL,NULL),(68,'Caja Chica',2,'2015-01-12',NULL,4000,'2015-01-18 11:43:37',78528244,NULL,NULL,NULL,NULL,NULL,NULL),(69,'Imp Ley 25413 Deb 0.6%',2,'2015-01-12',NULL,53.38,'2015-01-18 11:44:42',29611,NULL,NULL,NULL,NULL,NULL,NULL),(70,'Cheque Distribuidora Rio',1,'2015-01-13',6052.86,NULL,'2015-01-18 11:46:17',14000021,NULL,NULL,NULL,NULL,NULL,NULL),(71,'Comision Procesamiento Ch Dep Cfu',2,'2015-01-13',NULL,31.78,'2015-01-18 11:47:04',29613,NULL,NULL,NULL,NULL,NULL,NULL),(72,'Iva Tasa General',2,'2015-01-13',NULL,6.67,'2015-01-18 11:47:55',29614,NULL,NULL,NULL,NULL,NULL,NULL),(73,'Imp Ley 25413 Deb 0.6%',2,'2015-01-13',NULL,36.32,'2015-01-18 11:48:46',29615,NULL,NULL,NULL,NULL,NULL,NULL),(74,'Imp Ley 25413 Deb 0.6%',2,'2015-01-13',NULL,0.23,'2015-01-18 11:49:43',29616,NULL,NULL,NULL,NULL,NULL,NULL),(75,'Regimen De Recaudacion Sincreb Z ',2,'2015-01-13',NULL,302.64,'2015-01-18 11:51:21',29618,NULL,NULL,NULL,NULL,NULL,NULL),(76,'Cheque',2,'2015-01-14',NULL,725.77,'2015-01-18 11:51:56',78528224,NULL,NULL,NULL,NULL,NULL,NULL),(77,'Comision Envio inf \"c\" 4469',2,'2015-01-14',NULL,327.4,'2015-01-18 11:52:40',29619,NULL,NULL,NULL,NULL,NULL,NULL),(78,'Imp Ley 25413 Deb 0.6%',2,'2015-01-14',NULL,8.13,'2015-01-18 11:53:20',29620,NULL,NULL,NULL,NULL,NULL,NULL),(79,'Computadoras Repuestos',2,'2015-01-15',NULL,1150,'2015-01-18 11:54:02',5204,NULL,NULL,NULL,NULL,NULL,NULL),(80,'Almuerzo AOYPF',2,'2015-01-15',NULL,808.2,'2015-01-18 11:54:34',5263,NULL,NULL,NULL,NULL,NULL,NULL),(81,'Cheque',2,'2015-01-15',NULL,4174.5,'2015-01-18 11:55:15',78528247,NULL,NULL,NULL,NULL,NULL,NULL),(82,'Imp Ley 25413 Deb 0.6%',2,'2015-01-15',NULL,36.8,'2015-01-18 11:55:56',29624,NULL,NULL,NULL,NULL,NULL,NULL),(83,'AFIP ',2,'2015-01-16',NULL,4083.38,'2015-01-18 11:56:28',65521,NULL,NULL,NULL,NULL,NULL,NULL),(84,'AFIP',2,'2015-01-16',NULL,30746.3,'2015-01-18 11:56:55',65522,NULL,NULL,NULL,NULL,NULL,NULL),(85,'Imp Ley 25413 Deb 0.6%',2,'2015-01-16',NULL,208.98,'2015-01-18 11:57:41',29627,NULL,NULL,NULL,NULL,NULL,NULL),(86,'RVG',2,'2015-01-19',NULL,30000,'2015-01-18 11:58:27',78528225,NULL,NULL,NULL,NULL,NULL,NULL),(87,'Extraccion',1,'2015-01-01',1000,1000,'2015-01-18 12:01:10',5910,NULL,NULL,NULL,NULL,NULL,NULL),(88,'ZALOZE',2,'2015-02-06',NULL,1642.1,'2015-02-08 19:55:40',0,NULL,NULL,NULL,NULL,NULL,1),(92,'ENDURECIDO',2,'2015-01-13',NULL,726,'2015-01-19 09:49:37',0,NULL,NULL,NULL,NULL,NULL,NULL),(93,'BOLITAS',2,'2015-01-29',NULL,5644.65,'2015-01-19 09:52:08',0,NULL,NULL,NULL,NULL,NULL,NULL),(94,'LIT ALUMINIO',2,'2015-01-20',NULL,6951.92,'2015-02-07 08:35:00',78528243,NULL,NULL,NULL,NULL,NULL,NULL),(97,'MATAFUEGOS',2,'2015-01-29',NULL,1701,'2015-01-20 17:15:05',78528252,NULL,NULL,NULL,NULL,NULL,NULL),(99,'Imp Ley 25413 Deb 0.6%',2,'2015-01-19',NULL,180,'2015-01-21 12:25:23',0,NULL,NULL,NULL,NULL,NULL,NULL),(100,'NO SE',2,'2015-01-20',NULL,2359.5,'2015-01-21 12:28:18',78528225,NULL,NULL,NULL,NULL,NULL,NULL),(101,'Prosegur',2,'2015-01-20',NULL,954,'2015-01-21 12:29:30',21981,NULL,NULL,NULL,4,30,NULL),(102,'Prosegur',2,'2015-02-20',NULL,954,'2015-01-21 12:29:30',21981,NULL,NULL,NULL,4,29,NULL),(103,'Prosegur',2,'2015-03-20',NULL,954,'2015-01-21 12:29:30',21981,NULL,NULL,NULL,4,28,NULL),(104,'Prosegur',2,'2015-04-20',NULL,954,'2015-01-21 12:29:30',21981,NULL,NULL,NULL,4,27,NULL),(105,'Prosegur',2,'2015-05-04',NULL,954,'2015-05-04 10:05:37',21981,NULL,NULL,NULL,4,26,0),(106,'Prosegur',2,'2015-06-01',NULL,938.31,'2015-06-01 10:00:01',21981,NULL,NULL,NULL,4,25,0),(107,'Prosegur',2,'2015-07-20',NULL,954,'2015-01-21 12:29:30',21981,NULL,NULL,NULL,4,24,NULL),(108,'Prosegur',2,'2015-08-20',NULL,954,'2015-01-21 12:29:30',21981,NULL,NULL,NULL,4,23,NULL),(109,'Prosegur',2,'2015-09-20',NULL,954,'2015-01-21 12:29:30',21981,NULL,NULL,NULL,4,22,NULL),(110,'Prosegur',2,'2015-10-20',NULL,954,'2015-01-21 12:29:30',21981,NULL,NULL,NULL,4,21,NULL),(111,'Prosegur',2,'2015-11-20',NULL,954,'2015-01-21 12:29:30',21981,NULL,NULL,NULL,4,20,NULL),(112,'Prosegur',2,'2015-12-20',NULL,954,'2015-01-21 12:29:30',21981,NULL,NULL,NULL,4,19,NULL),(113,'Prosegur',2,'2016-01-20',NULL,954,'2015-01-21 12:29:30',21981,NULL,NULL,NULL,4,18,NULL),(114,'Prosegur',2,'2016-02-20',NULL,954,'2015-01-21 12:29:30',21981,NULL,NULL,NULL,4,17,NULL),(115,'Prosegur',2,'2016-03-20',NULL,954,'2015-01-21 12:29:30',21981,NULL,NULL,NULL,4,16,NULL),(116,'Prosegur',2,'2016-04-20',NULL,954,'2015-01-21 12:29:30',21981,NULL,NULL,NULL,4,15,NULL),(117,'Prosegur',2,'2016-05-20',NULL,954,'2015-01-21 12:29:30',21981,NULL,NULL,NULL,4,14,NULL),(118,'Prosegur',2,'2016-06-20',NULL,954,'2015-01-21 12:29:30',21981,NULL,NULL,NULL,4,13,NULL),(119,'Prosegur',2,'2016-07-20',NULL,954,'2015-01-21 12:29:30',21981,NULL,NULL,NULL,4,12,NULL),(120,'Prosegur',2,'2016-08-20',NULL,954,'2015-01-21 12:29:30',21981,NULL,NULL,NULL,4,11,NULL),(121,'Prosegur',2,'2016-09-20',NULL,954,'2015-01-21 12:29:30',21981,NULL,NULL,NULL,4,10,NULL),(122,'Prosegur',2,'2016-10-20',NULL,954,'2015-01-21 12:29:30',21981,NULL,NULL,NULL,4,9,NULL),(123,'Prosegur',2,'2016-11-20',NULL,954,'2015-01-21 12:29:30',21981,NULL,NULL,NULL,4,8,NULL),(124,'Prosegur',2,'2016-12-20',NULL,954,'2015-01-21 12:29:30',21981,NULL,NULL,NULL,4,7,NULL),(125,'Prosegur',2,'2017-01-20',NULL,954,'2015-01-21 12:29:30',21981,NULL,NULL,NULL,4,6,NULL),(126,'Prosegur',2,'2017-02-20',NULL,954,'2015-01-21 12:29:30',21981,NULL,NULL,NULL,4,5,NULL),(127,'Prosegur',2,'2017-03-20',NULL,954,'2015-01-21 12:29:30',21981,NULL,NULL,NULL,4,4,NULL),(128,'Prosegur',2,'2017-04-20',NULL,954,'2015-01-21 12:29:30',21981,NULL,NULL,NULL,4,3,NULL),(129,'Prosegur',2,'2017-05-20',NULL,954,'2015-01-21 12:29:30',21981,NULL,NULL,NULL,4,2,NULL),(130,'Prosegur',2,'2017-06-20',NULL,954,'2015-01-21 12:29:30',21981,NULL,NULL,NULL,4,1,NULL),(131,'Abogada',2,'2015-01-20',NULL,2079,'2015-01-21 12:31:07',7745964,NULL,NULL,NULL,NULL,NULL,NULL),(132,'Chiazza',1,'2015-01-20',3496.9,NULL,'2015-01-21 12:32:50',999540,NULL,NULL,NULL,NULL,NULL,NULL),(133,'Imp Ley 25413 Deb 06%',2,'2015-01-20',NULL,74.07,'2015-01-21 12:34:16',4633,NULL,NULL,NULL,NULL,NULL,NULL),(134,'Imp Ley 25413 Deb 0.6%',2,'2015-01-20',NULL,20.98,'2015-01-21 12:35:29',29636,NULL,NULL,NULL,NULL,NULL,NULL),(135,'Garcia',2,'2015-02-20',NULL,5000,'2015-02-23 10:27:36',78528253,NULL,NULL,NULL,NULL,NULL,1),(136,'Garcia',2,'2015-02-20',NULL,5000,'2015-01-21 12:41:43',78528254,NULL,NULL,NULL,NULL,NULL,NULL),(137,'Garcia',2,'2015-03-13',NULL,5000,'2015-07-02 16:42:12',78528255,NULL,NULL,NULL,NULL,NULL,0),(138,'cheque',2,'2015-01-21',NULL,2000,'2015-01-21 15:17:08',78528229,NULL,NULL,NULL,NULL,NULL,NULL),(139,'Sircreb',2,'2015-01-20',NULL,174.85,'2015-01-22 10:48:59',29639,NULL,NULL,NULL,NULL,NULL,NULL),(140,'AOM  Bunge',2,'2015-01-22',NULL,3000,'2015-01-22 10:47:32',0,NULL,NULL,NULL,NULL,NULL,NULL),(141,'ARGENTINA CARGO',2,'1915-02-21',NULL,10000,'2015-01-22 12:12:25',3912691,NULL,NULL,NULL,NULL,NULL,NULL),(142,'Argentina cargo',2,'2015-01-22',NULL,10000,'2015-01-23 09:36:44',0,NULL,NULL,NULL,NULL,NULL,NULL),(143,'Imp Ley 25413 Cred 0.6%',2,'2015-01-21',NULL,57.17,'2015-01-23 17:41:47',0,NULL,NULL,NULL,NULL,NULL,NULL),(144,'Imp Ley 25413 Cred 0.6%',2,'2015-01-22',NULL,41.36,'2015-01-23 17:42:28',0,NULL,NULL,NULL,NULL,NULL,NULL),(145,'Regimen De Recaudacion Sicreb Z ',2,'2015-01-21',NULL,476.45,'2015-01-23 17:43:32',0,NULL,NULL,NULL,NULL,NULL,NULL),(146,'Imp Ley 25413 Deb 0.6%',2,'2015-01-22',NULL,80.86,'2015-01-23 17:44:15',0,NULL,NULL,NULL,NULL,NULL,NULL),(147,'Caja Chica',2,'2015-01-23',NULL,3000,'2015-01-23 17:45:08',0,NULL,NULL,NULL,NULL,NULL,NULL),(148,'Telmex',2,'2015-01-23',NULL,24.68,'2015-01-23 17:45:49',0,NULL,NULL,NULL,NULL,NULL,NULL),(149,'Losi',1,'2015-01-23',1153.04,NULL,'2015-01-23 17:46:38',0,NULL,NULL,NULL,NULL,NULL,NULL),(150,'mariela',2,'2015-01-21',NULL,4719,'2015-01-23 18:00:39',0,NULL,NULL,NULL,NULL,NULL,NULL),(152,'Caja Chica',2,'2015-01-26',NULL,4000,'2015-01-27 08:48:33',0,NULL,NULL,NULL,NULL,NULL,NULL),(158,'SUELDO RAUL ',2,'2015-02-03',NULL,17644.1,'2015-02-03 16:44:02',3213311,NULL,NULL,NULL,5,10,NULL),(159,'SUELDO RAUL ',2,'2015-03-03',NULL,14305,'2015-03-05 14:03:29',3213311,NULL,NULL,NULL,5,9,1),(160,'SUELDO RAUL ',2,'2015-04-03',NULL,14305.7,'2015-03-31 09:59:56',3213311,NULL,NULL,NULL,5,8,0),(161,'SUELDO RAUL ',2,'2015-04-29',NULL,14305.7,'2015-04-29 18:16:17',3213311,NULL,NULL,NULL,5,7,0),(162,'SUELDO RAUL ',2,'2015-06-02',NULL,19170.3,'2015-06-04 11:05:16',3213311,NULL,NULL,NULL,5,6,0),(163,'SUELDO RAUL ',2,'2015-07-02',NULL,25107.9,'2015-07-02 15:35:23',3213311,NULL,NULL,NULL,5,5,1),(164,'SUELDO RAUL ',2,'2015-08-03',NULL,17644.1,'2015-02-03 16:44:02',3213311,NULL,NULL,NULL,5,4,NULL),(165,'SUELDO RAUL ',2,'2015-09-03',NULL,17644.1,'2015-02-03 16:44:02',3213311,NULL,NULL,NULL,5,3,NULL),(166,'SUELDO RAUL ',2,'2015-10-03',NULL,17644.1,'2015-02-03 16:44:02',3213311,NULL,NULL,NULL,5,2,NULL),(167,'SUELDO RAUL ',2,'2015-11-03',NULL,17644.1,'2015-02-03 16:44:02',3213311,NULL,NULL,NULL,5,1,NULL),(168,'SUELDO JOSE ',2,'2015-02-03',NULL,9006.08,'2015-02-03 16:44:41',3213311,NULL,NULL,NULL,6,10,NULL),(169,'SUELDO JOSE ',2,'2015-03-03',NULL,7899.81,'2015-02-27 12:58:54',3213311,NULL,NULL,NULL,6,9,1),(170,'SUELDO JOSE ',2,'2015-04-03',NULL,7899.81,'2015-03-31 09:55:47',3213311,NULL,NULL,NULL,6,8,0),(171,'SUELDO JOSE ',2,'2015-04-29',NULL,7899.81,'2015-04-29 17:04:01',3213311,NULL,NULL,NULL,6,7,0),(172,'SUELDO JOSE ',2,'2015-06-02',NULL,10516.4,'2015-06-04 11:05:35',3213311,NULL,NULL,NULL,6,6,0),(173,'SUELDO JOSE ',2,'2015-07-01',NULL,13795.7,'2015-07-02 15:35:41',3213311,NULL,NULL,NULL,6,5,1),(174,'SUELDO JOSE ',2,'2015-08-03',NULL,9006.08,'2015-02-03 16:44:41',3213311,NULL,NULL,NULL,6,4,NULL),(175,'SUELDO JOSE ',2,'2015-09-03',NULL,9006.08,'2015-02-03 16:44:41',3213311,NULL,NULL,NULL,6,3,NULL),(176,'SUELDO JOSE ',2,'2015-10-03',NULL,9006.08,'2015-02-03 16:44:41',3213311,NULL,NULL,NULL,6,2,NULL),(177,'SUELDO JOSE ',2,'2015-11-03',NULL,9006.08,'2015-02-03 16:44:41',3213311,NULL,NULL,NULL,6,1,NULL),(178,'SUELDO DIEGO',2,'2015-02-03',NULL,15306.7,'2015-02-03 16:45:28',3213311,NULL,NULL,NULL,7,10,NULL),(179,'SUELDO DIEGO',2,'2015-03-03',NULL,14000,'2015-02-23 12:25:00',3213311,NULL,NULL,NULL,7,9,0),(180,'SUELDO DIEGO',2,'2015-04-03',NULL,14000,'2015-03-31 09:57:04',3213311,NULL,NULL,NULL,7,8,0),(181,'SUELDO DIEGO',2,'2015-04-29',NULL,14000,'2015-04-29 18:16:56',3213311,NULL,NULL,NULL,7,7,0),(182,'SUELDO DIEGO',2,'2015-06-02',NULL,14000,'2015-06-04 11:05:54',3213311,NULL,NULL,NULL,7,6,0),(183,'SUELDO DIEGO',2,'2015-07-02',NULL,24750,'2015-07-02 15:36:12',3213311,NULL,NULL,NULL,7,5,1),(184,'SUELDO DIEGO',2,'2015-08-03',NULL,15306.7,'2015-02-03 16:45:28',3213311,NULL,NULL,NULL,7,4,NULL),(185,'SUELDO DIEGO',2,'2015-09-03',NULL,15306.7,'2015-02-03 16:45:28',3213311,NULL,NULL,NULL,7,3,NULL),(186,'SUELDO DIEGO',2,'2015-10-03',NULL,15306.7,'2015-02-03 16:45:28',3213311,NULL,NULL,NULL,7,2,NULL),(187,'SUELDO DIEGO',2,'2015-11-03',NULL,15306.7,'2015-02-03 16:45:28',3213311,NULL,NULL,NULL,7,1,NULL),(188,'SUELDO MARCELO',2,'2015-02-03',NULL,5571.87,'2015-02-03 16:46:08',3213311,NULL,NULL,NULL,8,10,NULL),(189,'SUELDO MARCELO',2,'2015-03-03',NULL,5201.4,'2015-02-27 12:58:18',3213311,NULL,NULL,NULL,8,9,1),(190,'SUELDO MARCELO',2,'2015-04-03',NULL,5201.4,'2015-03-31 09:57:46',3213311,NULL,NULL,NULL,8,8,0),(191,'SUELDO MARCELO',2,'2015-04-29',NULL,5201.4,'2015-04-29 17:01:23',3213311,NULL,NULL,NULL,8,7,0),(192,'SUELDO MARCELO',2,'2015-06-02',NULL,6948.69,'2015-06-04 11:06:16',3213311,NULL,NULL,NULL,8,6,0),(193,'SUELDO MARCELO',2,'2015-07-01',NULL,9059.96,'2015-07-02 15:36:39',3213311,NULL,NULL,NULL,8,5,1),(194,'SUELDO MARCELO',2,'2015-08-03',NULL,5571.87,'2015-02-03 16:46:08',3213311,NULL,NULL,NULL,8,4,NULL),(195,'SUELDO MARCELO',2,'2015-09-03',NULL,5571.87,'2015-02-03 16:46:08',3213311,NULL,NULL,NULL,8,3,NULL),(196,'SUELDO MARCELO',2,'2015-10-03',NULL,5571.87,'2015-02-03 16:46:08',3213311,NULL,NULL,NULL,8,2,NULL),(197,'SUELDO MARCELO',2,'2015-11-03',NULL,5571.87,'2015-02-03 16:46:08',3213311,NULL,NULL,NULL,8,1,NULL),(198,'SUELDO GABRIEL',2,'2015-02-03',NULL,25567.2,'2015-02-03 16:48:49',3213311,NULL,NULL,NULL,NULL,NULL,NULL),(199,'ROTHAR SISTEMA CUOTA 1',2,'2015-02-03',NULL,3500,'2015-02-03 16:50:33',31242,NULL,NULL,NULL,NULL,NULL,NULL),(200,'MORI',2,'2015-02-03',NULL,6500,'2015-02-03 16:51:00',31258,NULL,NULL,NULL,NULL,NULL,NULL),(201,'Cheque',1,'2015-02-05',6130.78,NULL,'2015-02-11 10:46:39',39500012,NULL,NULL,NULL,NULL,NULL,0),(202,'Clearing Recibido 48 Hs ',2,'2015-01-29',NULL,32713.8,'2015-02-07 10:19:31',78528234,NULL,NULL,NULL,NULL,NULL,NULL),(203,'Imp Ley 25413 Deb 0,6% ',2,'2015-02-06',NULL,15.6,'2015-02-07 18:00:44',0,NULL,NULL,NULL,NULL,NULL,NULL),(205,'Imp Ley 25413 Deb 0,6% ',2,'2015-02-06',NULL,35.54,'2015-02-07 18:01:50',0,NULL,NULL,NULL,NULL,NULL,NULL),(206,'Direccion Gral D 6499407 ',2,'2015-02-06',NULL,594.71,'2015-02-07 18:02:46',0,NULL,NULL,NULL,NULL,NULL,NULL),(207,'Iva Tasa General',2,'2015-02-06',NULL,9.63,'2015-02-07 18:03:19',0,NULL,NULL,NULL,NULL,NULL,NULL),(208,'Comision Procesamiento Ch Dep Cfu ',2,'2015-02-06',NULL,45.87,'2015-02-07 18:04:02',0,NULL,NULL,NULL,NULL,NULL,NULL),(210,'Valor Al Cobro Comp Elect Otra Loc ',1,'2015-02-06',5923.38,NULL,'2015-02-07 18:11:07',0,NULL,NULL,NULL,NULL,NULL,NULL),(211,'Regimen De Recaudacion Sircreb Z  - 30554497647 ',2,'2015-02-05',NULL,306.54,'2015-02-07 18:12:41',0,NULL,NULL,NULL,NULL,NULL,NULL),(212,'Imp Ley 25413 Cred 0,6% ',2,'2015-02-05',NULL,36.78,'2015-02-07 18:16:34',0,NULL,NULL,NULL,NULL,NULL,NULL),(213,'Imp Ley 25413 Cred 0,6% ',2,'2015-02-05',NULL,0.73,'2015-02-07 18:17:13',0,NULL,NULL,NULL,NULL,NULL,NULL),(214,'Vittal E833943 ',2,'2015-02-05',NULL,121.23,'2015-02-07 18:18:34',0,NULL,NULL,NULL,NULL,NULL,NULL),(215,'Imp Ley 25413 Deb 0,6% ',2,'2015-02-04',NULL,69.56,'2015-02-07 18:19:39',0,NULL,NULL,NULL,NULL,NULL,NULL),(216,'Staples Noviembre',2,'2015-02-04',NULL,1652.83,'2015-02-07 18:22:33',0,NULL,NULL,NULL,NULL,NULL,NULL),(217,'Telefonica',2,'2015-02-04',NULL,859.24,'2015-02-07 18:42:39',0,NULL,NULL,NULL,NULL,NULL,NULL),(218,'Solmec',2,'2015-02-04',NULL,2577.3,'2015-02-07 18:43:19',0,NULL,NULL,NULL,NULL,NULL,NULL),(219,'Chubb',2,'2015-02-04',NULL,369.13,'2015-02-07 18:45:26',0,NULL,NULL,NULL,NULL,NULL,NULL),(220,'Sueldo Manuel',2,'2015-02-03',NULL,4000,'2015-02-07 18:46:07',0,NULL,NULL,NULL,NULL,NULL,NULL),(221,'Cablevision S.a 69826302 ',2,'2015-02-04',NULL,1494.36,'2015-02-07 18:48:25',0,NULL,NULL,NULL,NULL,NULL,NULL),(222,'Clearing Recibido 48 Hs ',2,'2015-02-03',NULL,639.6,'2015-02-07 18:49:15',78528257,NULL,NULL,NULL,NULL,NULL,NULL),(223,'Imp Ley 25413 Deb 0,6% ',2,'2015-02-03',NULL,548.75,'2015-02-07 18:51:14',0,NULL,NULL,NULL,NULL,NULL,NULL),(224,'Canje Interno Recibido 24 Hs ',2,'2015-02-03',NULL,5644.65,'2015-02-07 18:55:13',78528248,NULL,NULL,NULL,NULL,NULL,NULL),(225,'Iva Tasa General ',2,'2015-02-03',NULL,3.15,'2015-02-07 18:56:03',0,NULL,NULL,NULL,NULL,NULL,NULL),(226,'Comision Uso De Cajero No Propio ',2,'2015-02-03',NULL,15,'2015-02-07 18:56:34',0,NULL,NULL,NULL,NULL,NULL,NULL),(227,'Regimen De Recaudacion Sircreb Z  - 30554497647',2,'2015-02-03',NULL,2370.7,'2015-02-07 19:00:57',0,NULL,NULL,NULL,NULL,NULL,NULL),(228,'Imp Ley 25413 Cred 0,6% ',2,'2015-02-02',NULL,284.48,'2015-02-09 10:20:30',0,NULL,NULL,NULL,NULL,NULL,1),(229,'Imp Ley 25413 Cred 0,6% ',2,'2015-02-02',NULL,68.1,'2015-02-07 19:02:17',0,NULL,NULL,NULL,NULL,NULL,NULL),(230,'Prosegur Activa 47625 ',2,'2015-02-02',NULL,938.31,'2015-02-07 19:03:18',0,NULL,NULL,NULL,NULL,NULL,NULL),(231,'Metrogas Sa 10783961500 ',2,'2015-02-02',NULL,62.15,'2015-02-07 19:03:53',0,NULL,NULL,NULL,NULL,NULL,NULL),(232,'Mapfre Argentina 610347 ',2,'2015-02-02',NULL,826.31,'2015-02-07 19:04:43',0,NULL,NULL,NULL,NULL,NULL,NULL),(233,'Clearing Recibido 48 Hs',2,'2015-02-02',NULL,9522.7,'2015-02-07 19:05:57',78528233,NULL,NULL,NULL,NULL,NULL,NULL),(234,'Imp Ley 25413 Deb 0,6% ',2,'2015-02-02',NULL,210.72,'2015-02-07 19:06:31',0,NULL,NULL,NULL,NULL,NULL,NULL),(235,'Iva Tasa General  - Mantenimiento Cuentas De Plan Sueldo/honorarios ',2,'2015-01-29',NULL,1.26,'2015-02-08 09:32:51',0,NULL,NULL,NULL,NULL,NULL,NULL),(237,'Comision Por Servicio De Cuenta  - Mantenimiento Cuentas De Plan Sueldo/honorarios ',2,'2015-01-29',NULL,6,'2015-02-08 09:34:08',0,NULL,NULL,NULL,NULL,NULL,NULL),(238,'Iva Tasa General ',2,'2015-01-29',NULL,26.88,'2015-02-08 09:34:42',0,NULL,NULL,NULL,NULL,NULL,NULL),(239,'Percepcion Ingresos Brutos Caba ',2,'2015-01-29',NULL,7.68,'2015-02-08 09:35:46',0,NULL,NULL,NULL,NULL,NULL,NULL),(240,'Comision Movs Mensuales Clearing ',2,'2015-01-29',NULL,128,'2015-02-08 09:37:44',0,NULL,NULL,NULL,NULL,NULL,NULL),(241,'Iva Tasa General ',2,'2015-01-29',NULL,88.2,'2015-02-08 09:38:24',0,NULL,NULL,NULL,NULL,NULL,NULL),(242,'Percepcion Ingresos Brutos Caba ',2,'2015-01-29',NULL,25.2,'2015-02-08 09:39:17',0,NULL,NULL,NULL,NULL,NULL,NULL),(243,'Comision Por Servicio De Cuenta ',2,'2015-01-29',NULL,420,'2015-02-08 09:40:08',0,NULL,NULL,NULL,NULL,NULL,NULL),(244,'Imp Ley 25413 Deb 0,6% ',2,'2015-01-29',NULL,21.5,'2015-02-08 09:40:38',0,NULL,NULL,NULL,NULL,NULL,NULL),(245,'Regimen De Recaudacion Sircreb Z  - 30554497647 ',2,'2015-01-29',NULL,3582.6,'2015-02-08 09:41:17',0,NULL,NULL,NULL,NULL,NULL,NULL),(246,'Imp Ley 25413 Cred 0,6% ',2,'2015-01-29',NULL,429.91,'2015-02-08 09:41:47',0,NULL,NULL,NULL,NULL,NULL,NULL),(247,'Imp Ley 25413 Deb 0,6% ',2,'2015-01-27',NULL,4.95,'2015-02-08 09:42:31',0,NULL,NULL,NULL,NULL,NULL,NULL),(248,'Aysa Sa 280192 ',2,'2015-01-27',NULL,345.94,'2015-02-08 09:43:07',0,NULL,NULL,NULL,NULL,NULL,NULL),(249,'Iva Tasa General ',2,'2015-01-27',NULL,79,'2015-02-08 09:43:36',0,NULL,NULL,NULL,NULL,NULL,NULL),(250,'Percepcion Ingresos Brutos Caba ',2,'2015-01-27',NULL,22.57,'2015-02-08 09:44:09',0,NULL,NULL,NULL,NULL,NULL,NULL),(251,'Comision Procesamiento Ch Dep Cfu ',2,'2015-01-27',NULL,376.17,'2015-02-08 09:44:53',0,NULL,NULL,NULL,NULL,NULL,NULL),(252,'Imp Ley 25413 Deb 0,6% ',2,'2015-01-26',NULL,71.18,'2015-02-08 09:45:38',0,NULL,NULL,NULL,NULL,NULL,NULL),(254,'Canje Interno Recibido 24 Hs ',2,'2015-01-26',NULL,909.68,'2015-02-08 09:47:20',78528235,NULL,NULL,NULL,NULL,NULL,NULL),(256,'Clearing Recibido 48 Hs ',2,'2015-01-26',NULL,6950.24,'2015-02-08 09:49:10',78528231,NULL,NULL,NULL,NULL,NULL,NULL),(257,'Regimen De Recaudacion Sircreb Z  - 30554497647 ',2,'2015-01-23',NULL,3.42,'2015-02-08 09:50:10',0,NULL,NULL,NULL,NULL,NULL,NULL),(258,'Imp Ley 25413 Deb 0,6% ',2,'2015-01-23',NULL,18.15,'2015-02-08 09:50:57',0,NULL,NULL,NULL,NULL,NULL,NULL),(259,'Imp Ley 25413 Deb 0,6% ',2,'2015-01-23',NULL,7.33,'2015-02-08 09:51:25',0,NULL,NULL,NULL,NULL,NULL,NULL),(260,'Pago A Proveedores Recibido  - Hector V Losi Y 30518242888 Fac 165-12868 ',1,'2015-01-23',68.32,NULL,'2015-02-08 09:51:58',0,NULL,NULL,NULL,NULL,NULL,NULL),(261,'Regimen De Recaudacion Sircreb Z  - 30554497647 ',2,'2015-02-06',NULL,296.17,'2015-02-08 09:53:34',0,NULL,NULL,NULL,NULL,NULL,NULL),(262,'AFIP Plan de pagos',2,'2015-02-15',NULL,4083.38,'2015-02-18 19:25:26',0,NULL,NULL,NULL,NULL,NULL,1),(263,'Afip Plan de Pagos',2,'2015-02-15',NULL,30746.5,'2015-02-11 15:23:06',0,NULL,NULL,NULL,NULL,NULL,0),(264,'Cardinal',1,'2015-02-09',13831.3,NULL,'2015-02-11 10:49:23',0,NULL,NULL,NULL,NULL,NULL,1),(265,'Comision Envio Inf \"c\" 4469',2,'2015-02-09',NULL,329.91,'2015-02-11 10:50:12',0,NULL,NULL,NULL,NULL,NULL,1),(266,'Sueldo Veron',2,'2015-02-10',NULL,12819.4,'2015-02-11 10:50:41',0,NULL,NULL,NULL,NULL,NULL,1),(267,'Imp Ley 25413 Cred 0,6% ',2,'2015-02-09',NULL,82.99,'2015-02-11 10:52:37',0,NULL,NULL,NULL,NULL,NULL,1),(268,'Imp Ley 25413 Deb 0,6% ',2,'2015-02-09',NULL,3.76,'2015-02-11 10:53:57',0,NULL,NULL,NULL,NULL,NULL,1),(269,'Amex',2,'2015-02-09',NULL,1700,'2015-02-11 10:54:34',0,NULL,NULL,NULL,NULL,NULL,1),(270,'Bulonera Atlas',2,'2015-02-10',NULL,2795.92,'2015-02-11 10:58:04',0,NULL,NULL,NULL,NULL,NULL,1),(271,'Bomeca',2,'2015-02-10',NULL,11858,'2015-02-11 10:58:51',0,NULL,NULL,NULL,NULL,NULL,1),(272,'Acero Sud',2,'2015-02-10',NULL,2841.03,'2015-02-11 10:59:33',0,NULL,NULL,NULL,NULL,NULL,1),(273,'Sicreb',2,'2015-02-11',NULL,691.57,'2015-02-11 11:00:14',0,NULL,NULL,NULL,NULL,NULL,1),(274,'CANEDA Pago Cci 24hs Gravada Interbanking  - A Cbu 0070062720000002129602 ',2,'2015-02-11',NULL,871.2,'2015-02-13 13:45:24',0,NULL,NULL,NULL,NULL,NULL,1),(275,'Imp Ley 25413 Deb 0,6% ',2,'2015-02-11',NULL,196.24,'2015-02-13 13:46:17',0,NULL,NULL,NULL,NULL,NULL,0),(276,'Imp Ley 25413 Deb 0,6% ',2,'2015-02-11',NULL,5.23,'2015-02-13 13:46:55',0,NULL,NULL,NULL,NULL,NULL,0),(277,'Comision Procesamiento Ch Dep Cfu ',2,'2015-02-11',NULL,19.95,'2015-02-13 13:48:05',0,NULL,NULL,NULL,NULL,NULL,0),(278,'',1,'2015-02-10',3800,NULL,'2015-02-13 13:48:16',0,NULL,26,NULL,NULL,NULL,NULL),(279,'Iva Tasa General ',2,'2015-02-12',NULL,4.19,'2015-02-13 13:49:16',0,NULL,NULL,NULL,NULL,NULL,1),(280,'Moto Mensajeria',2,'2015-02-11',NULL,405.35,'2015-02-13 13:56:35',0,NULL,NULL,NULL,NULL,NULL,1),(281,'Imp Ley 25413 Deb 0,6% ',2,'2015-02-11',NULL,8.3,'2015-02-13 13:57:02',0,NULL,NULL,NULL,NULL,NULL,0),(282,'Imp Ley 25413 Cred 0,6% ',2,'2015-02-12',NULL,22.8,'2015-02-13 13:57:29',0,NULL,NULL,NULL,NULL,NULL,1),(283,'Diego',2,'2015-02-13',NULL,2000,'2015-02-13 13:57:54',0,NULL,NULL,NULL,NULL,NULL,1),(284,'Regimen De Recaudacion Sircreb Z  - 30554497647 ',2,'2015-02-13',NULL,190,'2015-02-13 13:58:35',0,NULL,NULL,NULL,NULL,NULL,0),(285,'Famiq',2,'2015-02-18',NULL,2352.49,'2015-02-18 19:22:28',0,NULL,NULL,NULL,NULL,NULL,1),(286,'Alamino',1,'2015-02-18',12111,NULL,'2015-02-18 19:24:25',65922407,NULL,NULL,NULL,NULL,NULL,1),(287,'Imp Ley 25413 Deb 0,6% ',2,'2015-02-18',NULL,223.9,'2015-02-23 10:15:39',0,NULL,NULL,NULL,NULL,NULL,1),(288,'Imp Ley 25413 Deb 0,6% ',2,'2015-02-18',NULL,72.67,'2015-02-23 10:16:08',0,NULL,NULL,NULL,NULL,NULL,1),(289,'LAAPSA',2,'2015-02-20',NULL,1045.44,'2015-02-23 10:18:25',78528250,NULL,NULL,NULL,NULL,NULL,1),(290,'Comision Procesamiento Ch Dep Cfu',2,'2015-02-20',NULL,87.19,'2015-02-23 10:20:52',0,NULL,NULL,NULL,NULL,NULL,1),(291,'Iva Tasa General',2,'2015-02-20',NULL,18.31,'2015-02-23 10:21:47',0,NULL,NULL,NULL,NULL,NULL,1),(292,'Bertotto FC ',1,'2015-02-20',60083.6,NULL,'2015-02-23 10:22:34',0,NULL,NULL,NULL,NULL,NULL,1),(293,'SUELDO MORI',2,'2015-02-20',NULL,3800,'2015-02-23 10:24:28',0,NULL,NULL,NULL,NULL,NULL,1),(294,'Solarcom',2,'2015-02-20',NULL,955.9,'2015-02-23 10:24:59',0,NULL,NULL,NULL,NULL,NULL,1),(295,'Imp Ley 25413 Cred 0,6% ',2,'2015-02-20',NULL,35.44,'2015-02-23 10:25:35',0,NULL,NULL,NULL,NULL,NULL,1),(296,'Imp Ley 25413 Cred 0,6% ',2,'2015-02-20',NULL,460.15,'2015-02-23 10:26:06',0,NULL,NULL,NULL,NULL,NULL,1),(297,'Telmex Argentina-00171056 ',2,'2015-02-23',NULL,85.76,'2015-02-23 10:30:03',0,NULL,NULL,NULL,NULL,NULL,1),(298,'Regimen De Recaudacion Sircreb Z  - 30554497647 ',2,'2015-02-20',NULL,830.4,'2015-02-23 10:45:12',0,NULL,NULL,NULL,NULL,NULL,1),(299,'Iva Tasa General',2,'2015-02-23',NULL,4.04,'2015-02-23 10:46:58',0,NULL,NULL,NULL,NULL,NULL,1),(300,'Comision Procesamiento Ch Dep Cfu',2,'2015-02-23',NULL,19.25,'2015-02-23 10:47:33',0,NULL,NULL,NULL,NULL,NULL,1),(301,'Comision Procesamiento Ch Dep Cfu',2,'2015-02-23',NULL,19.25,'2015-02-23 10:48:03',0,NULL,NULL,NULL,NULL,NULL,1),(302,'Comision Procesamiento Ch Dep Cfu',2,'2015-02-23',NULL,159.58,'2015-02-23 10:48:31',0,NULL,NULL,NULL,NULL,NULL,1),(303,'Percepcion Ingresos Brutos Caba',2,'2015-02-23',NULL,9.57,'2015-02-23 10:49:09',0,NULL,NULL,NULL,NULL,NULL,1),(304,'Iva Tasa General ',2,'2015-02-23',NULL,33.51,'2015-02-23 10:49:42',0,NULL,NULL,NULL,NULL,NULL,1),(305,'Iva Tasa General ',2,'2015-02-23',NULL,4.04,'2015-02-23 10:50:26',0,NULL,NULL,NULL,NULL,NULL,1),(306,'',1,'2015-02-25',53194,NULL,'2015-02-23 10:50:46',5,NULL,13,NULL,NULL,NULL,NULL),(307,'',1,'2015-02-20',2706,NULL,'2015-02-23 10:50:59',0,NULL,23,NULL,NULL,NULL,NULL),(308,'',1,'2015-02-20',2910,NULL,'2015-02-23 10:51:07',0,NULL,24,NULL,NULL,NULL,NULL),(309,'Garcia',2,'2015-03-06',NULL,3811.5,'2015-02-23 11:37:28',78528262,NULL,NULL,NULL,NULL,NULL,0),(310,'Bulonera Atlas',2,'2015-03-02',NULL,482.53,'2015-02-23 11:38:06',78528261,NULL,NULL,NULL,NULL,NULL,0),(311,'ARGENSOL',2,'2015-02-25',NULL,2305.8,'2015-02-23 11:39:49',78528260,NULL,NULL,NULL,NULL,NULL,0),(312,'THERMAL',2,'2015-03-06',NULL,1127,'2015-02-23 11:40:34',78528259,NULL,NULL,NULL,NULL,NULL,0),(313,'GARCIA',2,'2015-03-10',NULL,3617.9,'2015-02-23 11:41:12',78528263,NULL,NULL,NULL,NULL,NULL,0),(315,'GARCIA',2,'2015-03-18',NULL,9520.03,'2015-02-23 11:42:09',78528264,NULL,NULL,NULL,NULL,NULL,0),(316,'GARCIA',2,'2015-03-21',NULL,2644.27,'2015-02-23 11:42:36',78528265,NULL,NULL,NULL,NULL,NULL,0),(317,'GARCIA',2,'2015-03-23',NULL,9326.55,'2015-02-24 14:57:34',78528266,NULL,NULL,NULL,NULL,NULL,0),(318,'SUELDO MANUEL',2,'2015-03-02',NULL,8000,'2015-02-23 12:26:08',0,NULL,NULL,NULL,NULL,NULL,0),(319,'SUELDO MORI',2,'2015-03-02',NULL,14000,'2015-02-23 12:26:44',0,NULL,NULL,NULL,NULL,NULL,0),(320,'ASPREA',2,'2015-02-23',NULL,3463.4,'2015-02-23 13:09:34',78528267,NULL,NULL,NULL,NULL,NULL,1),(321,'Caja Chica',2,'2015-02-23',NULL,3000,'2015-02-23 15:00:16',0,NULL,NULL,NULL,NULL,NULL,0),(322,'FORJADOS',2,'2015-03-20',NULL,5564.16,'2015-02-23 15:15:44',0,NULL,NULL,NULL,NULL,NULL,0),(323,'Regimen De Recaudacion Sircreb Z  - 30554497647 ',2,'2015-02-24',NULL,2940.53,'2015-02-24 14:59:24',0,NULL,NULL,NULL,NULL,NULL,1),(324,'Argentina Cargo',2,'2015-02-24',NULL,16922.6,'2015-02-24 15:00:34',0,NULL,NULL,NULL,NULL,NULL,1),(325,'SUELDO RAUL',2,'2015-02-24',NULL,2000,'2015-02-24 15:00:58',0,NULL,NULL,NULL,NULL,NULL,1),(326,'Imp Ley 25413 Cred 0,6% ',2,'2015-02-24',NULL,352.86,'2015-02-24 15:01:49',0,NULL,NULL,NULL,NULL,NULL,1),(327,'Imp Ley 25413 Deb 0,6% ',2,'2015-02-23',NULL,54.99,'2015-02-24 15:02:19',0,NULL,NULL,NULL,NULL,NULL,1),(328,'Thermal',2,'2015-03-14',NULL,920,'2015-02-24 15:04:53',0,NULL,NULL,NULL,NULL,NULL,0),(329,'Caneda',2,'2015-03-25',NULL,2499.32,'2015-02-26 14:41:22',78528270,NULL,NULL,NULL,NULL,NULL,1),(330,'VERDU PUTO',2,'2015-03-07',NULL,1897.28,'2015-02-26 14:42:28',78528271,NULL,NULL,NULL,NULL,NULL,0),(331,'Mariela',2,'2015-02-26',NULL,6050,'2015-02-26 15:19:40',0,NULL,NULL,NULL,NULL,NULL,0),(332,'Mori',2,'2015-02-26',NULL,4000,'2015-02-26 15:20:01',0,NULL,NULL,NULL,NULL,NULL,0),(333,'Movistar',2,'2015-02-26',NULL,5965.09,'2015-02-26 15:20:42',0,NULL,NULL,NULL,NULL,NULL,0),(334,'Efectivo Caja Chica',2,'2015-02-27',NULL,4000,'2015-02-27 12:02:59',78528272,NULL,NULL,NULL,NULL,NULL,0),(336,'Imp Ley 25413 Deb 0,6% ',2,'2015-02-27',NULL,100.13,'2015-02-27 12:36:06',0,NULL,NULL,NULL,NULL,NULL,1),(337,'Iva Tasa General  - Mantenimiento Cuentas De Plan Sueldo/honorarios ',2,'2015-02-27',NULL,1.26,'2015-02-27 12:36:42',0,NULL,NULL,NULL,NULL,NULL,1),(338,'Comision Por Servicio De Cuenta  - Mantenimiento Cuentas De Plan Sueldo/honorarios ',2,'2015-02-27',NULL,6,'2015-02-27 12:39:43',0,NULL,NULL,NULL,NULL,NULL,1),(339,'Iva Tasa General ',2,'2015-02-27',NULL,21.84,'2015-02-27 12:41:58',0,NULL,NULL,NULL,NULL,NULL,1),(340,'Percepcion Ingresos Brutos Caba 6.24',2,'2015-02-27',NULL,6.24,'2015-02-27 12:46:21',0,NULL,NULL,NULL,NULL,NULL,1),(341,'Comision Movs Mensuales Clearing ',2,'2015-02-27',NULL,104,'2015-02-27 12:47:39',0,NULL,NULL,NULL,NULL,NULL,1),(342,'Iva Tasa General ',2,'2015-02-27',NULL,88.2,'2015-02-27 12:48:17',0,NULL,NULL,NULL,NULL,NULL,1),(343,'Percepcion Ingresos Brutos Caba ',2,'2015-02-27',NULL,25.2,'2015-02-27 12:52:38',0,NULL,NULL,NULL,NULL,NULL,1),(344,'Comision Por Servicio De Cuenta ',2,'2015-02-27',NULL,420,'2015-02-27 12:54:58',0,NULL,NULL,NULL,NULL,NULL,1),(345,'Imp Ley 25413 Deb 0,6% ',2,'2015-02-27',NULL,39.95,'2015-02-27 12:55:50',0,NULL,NULL,NULL,NULL,NULL,1),(346,'Iva Tasa General ',2,'2015-02-27',NULL,6.3,'2015-02-27 12:56:32',0,NULL,NULL,NULL,NULL,NULL,0),(347,'Comision Uso De Cajero No Propio ',2,'2015-02-27',NULL,30,'2015-02-27 12:57:02',0,NULL,NULL,NULL,NULL,NULL,1),(348,'Idea fabril',2,'2015-02-25',NULL,6621.2,'2015-03-03 10:40:29',0,NULL,NULL,NULL,NULL,NULL,1),(350,'Pago  FC 30',1,'2015-02-28',47118.9,NULL,'2015-03-04 16:32:06',5,NULL,19,NULL,NULL,NULL,NULL),(351,'',1,'2015-03-03',40000,NULL,'2015-03-04 16:32:26',0,NULL,22,NULL,NULL,NULL,NULL),(352,'FAMIQ',2,'2015-04-20',NULL,1964.49,'2015-04-23 12:38:52',78528273,NULL,NULL,NULL,NULL,NULL,0),(353,'ACERO SUD',2,'2015-04-05',NULL,5705.27,'2015-03-05 13:31:57',78528274,NULL,NULL,NULL,NULL,NULL,0),(354,'GARCIA',2,'2015-03-25',NULL,8633.75,'2015-03-05 13:38:18',78528277,NULL,NULL,NULL,NULL,NULL,0),(355,'GARCIA',2,'2015-04-15',NULL,8633.75,'2015-04-20 13:19:31',78528278,NULL,NULL,NULL,NULL,NULL,0),(356,'GARCIA',2,'2015-04-20',NULL,8633.75,'2015-04-23 12:40:35',78528279,NULL,NULL,NULL,NULL,NULL,0),(357,'Imp Ley 25413 Cred 0.6%',2,'2015-03-04',NULL,522.71,'2015-03-05 13:56:54',29823,NULL,NULL,NULL,NULL,NULL,1),(358,'Imp Ley 25413 Cred 0.6%',2,'2015-03-04',NULL,10.96,'2015-03-05 13:57:31',29822,NULL,NULL,NULL,NULL,NULL,1),(359,'Cablevision ',2,'2015-03-04',NULL,1494.36,'2015-03-05 13:58:07',49708,NULL,NULL,NULL,NULL,NULL,1),(360,'Iva Tasa General',2,'2015-03-04',NULL,25.2,'2015-03-05 13:58:46',29820,NULL,NULL,NULL,NULL,NULL,1),(361,'Percepcion ingresos brutos caba',2,'2015-03-04',NULL,7.2,'2015-03-05 13:59:37',29819,NULL,NULL,NULL,NULL,NULL,1),(362,'Comision procesamiento Ch DFep Cfu',2,'2015-03-04',NULL,120,'2015-03-05 14:00:22',29818,NULL,NULL,NULL,NULL,NULL,1),(363,'Iva Tasa General',2,'2015-03-04',NULL,29.69,'2015-03-05 14:01:05',0,NULL,NULL,NULL,NULL,NULL,1),(364,'Percepcion ingresos brutos',2,'2015-03-04',NULL,8.48,'2015-03-05 14:01:48',0,NULL,NULL,NULL,NULL,NULL,0),(365,'Comision procesamiento ch Cfu',2,'2015-03-04',NULL,141.36,'2015-03-05 14:02:35',0,NULL,NULL,NULL,NULL,NULL,1),(366,'Impuesto Ley',2,'2015-03-04',NULL,136.73,'2015-03-05 14:04:00',0,NULL,NULL,NULL,NULL,NULL,1),(367,'Bulonera Atlas',2,'2015-03-03',NULL,482.53,'2015-03-05 14:15:32',78528261,NULL,NULL,NULL,NULL,NULL,1),(368,'Imp Ley 25413 Deb 0,6% ',2,'2015-03-03',NULL,23.92,'2015-03-05 14:16:07',0,NULL,NULL,NULL,NULL,NULL,1),(369,'Edesur ',2,'2015-03-03',NULL,962.19,'2015-03-05 14:17:17',0,NULL,NULL,NULL,NULL,NULL,1),(370,'Edesur',2,'2015-03-03',NULL,577.16,'2015-03-05 14:17:42',0,NULL,NULL,NULL,NULL,NULL,1),(371,'Mapfre',2,'2015-03-02',NULL,986.15,'2015-03-05 14:18:15',0,NULL,NULL,NULL,NULL,NULL,1),(372,'Regimen De Recaudacion Sircreb Z  - 30554497647 ',2,'2015-03-02',NULL,523.75,'2015-03-05 14:18:43',0,NULL,NULL,NULL,NULL,NULL,1),(373,'Imp Ley 25413 Cred 0,6% ',2,'2015-02-27',NULL,62.85,'2015-03-05 14:19:31',0,NULL,NULL,NULL,NULL,NULL,1),(374,'Imp Ley 25413 Cred 0,6% ',2,'2015-02-27',NULL,127.59,'2015-03-05 14:20:00',0,NULL,NULL,NULL,NULL,NULL,1),(375,'LAAPSA',2,'2015-03-26',NULL,726,'2015-03-05 14:20:37',78528246,NULL,NULL,NULL,NULL,NULL,1),(376,'DE LA FABA',1,'2015-02-27',10475,NULL,'2015-03-05 14:23:02',0,NULL,NULL,NULL,NULL,NULL,0),(377,'Small Casting',2,'2015-03-29',NULL,12159,'2015-03-09 13:02:51',78528281,NULL,NULL,NULL,NULL,NULL,0),(378,'Dalman',2,'2015-03-20',NULL,1939.63,'2015-03-09 13:08:27',78528282,NULL,NULL,NULL,NULL,NULL,0),(379,'Regimen De Recaudaciones Sircreb Z',2,'2015-03-04',NULL,4355.94,'2015-03-10 13:55:41',0,NULL,NULL,NULL,NULL,NULL,1),(380,'SUELDO TATI',2,'2015-03-09',NULL,10393.7,'2015-03-10 13:56:52',0,NULL,NULL,NULL,9,3,0),(381,'SUELDO TATI',2,'2015-04-09',NULL,10475.7,'2015-04-09 16:08:36',0,NULL,NULL,NULL,9,2,0),(382,'SUELDO TATI',2,'2015-04-29',NULL,10475.7,'2015-04-29 17:03:01',0,NULL,NULL,NULL,9,1,0),(383,'Imp Ley 25413 Deb 0.6%',2,'2015-03-05',NULL,194.89,'2015-03-10 13:57:56',0,NULL,NULL,NULL,NULL,NULL,1),(384,'Direccion Gral D ',2,'2015-03-05',NULL,594.71,'2015-03-10 13:58:33',0,NULL,NULL,NULL,NULL,NULL,1),(385,'Imp Ley 25413',2,'2015-03-06',NULL,3.57,'2015-03-10 14:00:24',0,NULL,NULL,NULL,NULL,NULL,1),(386,'Intereses por descubierto',2,'2015-03-06',NULL,11.27,'2015-03-10 14:00:56',0,NULL,NULL,NULL,NULL,NULL,1),(387,'Iva reducido 10.5%',2,'2015-03-06',NULL,1.18,'2015-03-10 14:01:27',0,NULL,NULL,NULL,NULL,NULL,1),(388,'Sellado',2,'2015-03-06',NULL,0.23,'2015-03-10 14:01:46',0,NULL,NULL,NULL,NULL,NULL,0),(389,'Telefonica',2,'2015-03-09',NULL,162.02,'2015-03-10 14:03:11',0,NULL,NULL,NULL,NULL,NULL,0),(390,'Telefonica',2,'2015-03-09',NULL,855.05,'2015-03-10 14:03:41',0,NULL,NULL,NULL,NULL,NULL,0),(391,'Caja Chica',2,'2015-03-09',NULL,300,'2015-03-10 14:06:36',0,NULL,NULL,NULL,NULL,NULL,0),(392,'Solmec',2,'2015-03-09',NULL,1718.23,'2015-03-10 14:07:13',0,NULL,NULL,NULL,NULL,NULL,1),(393,'Imp Ley 25413 Deb 0.6%',2,'2015-03-09',NULL,103.52,'2015-03-10 14:07:47',0,NULL,NULL,NULL,NULL,NULL,1),(394,'Bulonera Atlas',2,'2015-03-09',NULL,2305.8,'2015-03-10 14:10:09',78528260,NULL,NULL,NULL,NULL,NULL,1),(395,'Ale ROthar',2,'2015-03-09',NULL,3500,'2015-03-10 14:10:39',0,NULL,NULL,NULL,NULL,NULL,1),(396,'Caja Chica',2,'2015-03-09',NULL,4000,'2015-03-10 14:11:00',0,NULL,NULL,NULL,NULL,NULL,0),(397,'LIT ALUMINIO',2,'2015-04-24',NULL,6896.53,'2015-04-27 10:30:56',78528283,NULL,NULL,NULL,NULL,NULL,0),(398,'centro flet',2,'2015-04-14',NULL,1318.99,'2015-04-20 13:55:01',78528285,NULL,NULL,NULL,NULL,NULL,0),(399,'Dominios',2,'2015-03-13',NULL,320,'2015-03-13 12:35:31',0,NULL,NULL,NULL,NULL,NULL,0),(400,'Viaticos',2,'2015-03-13',NULL,1254,'2015-03-13 12:37:50',0,NULL,NULL,NULL,NULL,NULL,0),(401,'Mariela Cacciatori',2,'2015-03-13',NULL,6050,'2015-03-13 12:38:26',0,NULL,NULL,NULL,NULL,NULL,0),(402,'Imp Ley 25413 Cred 0.6%',2,'2015-03-12',NULL,259.45,'2015-03-13 12:39:41',0,NULL,NULL,NULL,NULL,NULL,0),(403,'Imp Ley 25413 Deb 0.6%',2,'2015-03-12',NULL,5.85,'2015-03-13 12:40:17',0,NULL,NULL,NULL,NULL,NULL,1),(404,'Deposito Efvo Online Tas Suc 0099',2,'2015-03-12',NULL,55,'2015-03-13 12:40:58',0,NULL,NULL,NULL,NULL,NULL,1),(405,'Iva tasa General',2,'2015-03-12',NULL,29.77,'2015-03-13 12:41:30',0,NULL,NULL,NULL,NULL,NULL,1),(406,'Percepcion Ingresos Brutos Caba',2,'2015-03-12',NULL,8.5,'2015-03-13 12:42:16',0,NULL,NULL,NULL,NULL,NULL,1),(407,'Comision Procesamiento Ch Dep Fu',2,'2015-03-12',NULL,141.74,'2015-03-13 12:48:15',0,NULL,NULL,NULL,NULL,NULL,1),(408,'',1,'2015-02-27',26998.9,NULL,'2015-03-13 12:48:57',44,NULL,28,NULL,NULL,NULL,NULL),(409,'Anticipo Brazo de carga',1,'2015-03-27',12180.7,NULL,'2015-03-13 12:49:08',43,NULL,29,NULL,NULL,NULL,NULL),(410,'Tubo de descarga',1,'2015-03-23',16188.1,NULL,'2015-03-13 12:49:20',41,NULL,31,NULL,NULL,NULL,NULL),(411,'',1,'2015-03-10',1718.2,NULL,'2015-03-13 12:49:35',33,NULL,38,NULL,NULL,NULL,NULL),(412,'',1,'2015-03-10',2009.82,NULL,'2015-03-13 12:49:53',33,NULL,39,NULL,NULL,NULL,NULL),(413,'Regimen de recaudacion Sircreb Z',2,'2015-03-11',NULL,795.44,'2015-03-13 12:52:06',0,NULL,NULL,NULL,NULL,NULL,0),(414,'Imp Ley 25413',2,'2015-03-11',NULL,95.45,'2015-03-13 12:52:41',0,NULL,NULL,NULL,NULL,NULL,0),(415,'Imp Ley 25413',2,'2015-03-11',NULL,6.77,'2015-03-13 12:53:08',0,NULL,NULL,NULL,NULL,NULL,0),(416,'Imp Ley',2,'2015-03-11',NULL,72.21,'2015-03-13 12:53:36',0,NULL,NULL,NULL,NULL,NULL,1),(417,'Comision Envio Inf ',2,'2015-03-11',NULL,333.91,'2015-03-13 12:54:11',0,NULL,NULL,NULL,NULL,NULL,0),(418,'afip',2,'2015-03-15',NULL,30746.3,'2015-03-16 11:50:14',0,NULL,NULL,NULL,10,2,0),(419,'Afip',2,'2015-04-16',NULL,30746.3,'2015-04-20 13:14:38',0,NULL,NULL,NULL,10,1,0),(420,'aFIP',2,'2015-03-16',NULL,4083,'2015-03-16 11:51:32',0,NULL,NULL,NULL,11,2,0),(421,'aFIP',2,'2015-04-16',NULL,4083,'2015-03-16 11:51:32',0,NULL,NULL,NULL,11,1,0),(422,'Pagina Web',2,'2015-03-16',NULL,3000,'2015-03-16 11:54:52',0,NULL,NULL,NULL,NULL,NULL,0),(423,'Regimen De Recaudacion Sircreb Z - 30554497647',2,'2015-03-16',NULL,440.74,'2015-03-16 11:56:52',0,NULL,NULL,NULL,NULL,NULL,0),(424,'Imp Ley 25413 Deb 0,6%',2,'2015-03-16',NULL,108.51,'2015-03-16 11:57:21',0,NULL,NULL,NULL,NULL,NULL,0),(425,'Imp Ley 25413 Cred 0,6%',2,'2015-03-16',NULL,52.89,'2015-03-16 11:57:51',0,NULL,NULL,NULL,NULL,NULL,0),(426,'',1,'2015-03-18',39868.4,NULL,'2015-03-16 12:00:11',0,NULL,21,NULL,NULL,NULL,NULL),(427,'BOMECA',2,'2015-04-02',NULL,9486.4,'2015-03-17 09:53:09',78528286,NULL,NULL,NULL,NULL,NULL,0),(428,'SEC',2,'2015-04-21',NULL,5556.5,'2015-04-23 12:43:57',78528287,NULL,NULL,NULL,NULL,NULL,0),(429,'SEC',2,'2015-05-08',NULL,5556.6,'2015-05-08 12:24:37',78528288,NULL,NULL,NULL,NULL,NULL,0),(430,'Imp Ley 25413 Deb 0,6%',2,'2015-03-16',NULL,233.33,'2015-03-17 10:23:52',0,NULL,NULL,NULL,NULL,NULL,1),(432,'Comision Procesamiento Ch Dep Cfu',2,'2015-03-16',NULL,119.61,'2015-03-17 10:43:22',0,NULL,NULL,NULL,NULL,NULL,0),(434,'Percepcion Ingresos Brutos Caba',2,'2015-03-16',NULL,7.18,'2015-03-17 10:44:22',0,NULL,NULL,NULL,NULL,NULL,0),(435,'Iva Tasa General',2,'2015-03-16',NULL,25.12,'2015-03-17 10:44:48',0,NULL,NULL,NULL,NULL,NULL,0),(436,'Anticipo Luqi',1,'2015-03-16',15639.4,NULL,'2015-03-17 10:45:37',0,NULL,NULL,NULL,NULL,NULL,0),(437,'Component',2,'2015-04-17',NULL,1470.54,'2015-04-20 13:06:04',78528290,NULL,NULL,NULL,NULL,NULL,0),(438,'Famiq',2,'2015-04-21',NULL,1699.98,'2015-04-23 12:42:59',78528289,NULL,NULL,NULL,NULL,NULL,0),(439,'MOnitores',2,'2015-03-18',NULL,3760,'2015-03-18 11:16:53',0,NULL,NULL,NULL,NULL,NULL,0),(440,'ZALOZE',2,'2015-04-20',NULL,1347.42,'2015-04-23 12:41:35',78528291,NULL,NULL,NULL,NULL,NULL,0),(441,'ARGENSOL',2,'2015-05-05',NULL,3731.28,'2015-05-05 16:43:14',78528292,NULL,NULL,NULL,NULL,NULL,0),(442,'art',1,'2015-03-20',15613.5,NULL,'2015-03-20 15:12:13',0,NULL,NULL,NULL,NULL,NULL,0),(443,'',1,'2015-03-20',34187.9,NULL,'2015-03-20 15:12:35',44,NULL,36,NULL,NULL,NULL,NULL),(444,'CANEDA',2,'2015-04-28',NULL,1698.2,'2015-05-04 09:25:10',78528293,NULL,NULL,NULL,NULL,NULL,0),(445,'CAJA CHICA',2,'2015-03-25',NULL,4000,'2015-03-25 11:25:57',78528294,NULL,NULL,NULL,NULL,NULL,0),(446,'Therman',2,'2015-04-30',NULL,1123.12,'2015-03-30 10:08:22',78528298,NULL,NULL,NULL,NULL,NULL,0),(448,'Asprea',2,'2015-05-05',NULL,4791.6,'2015-05-05 09:26:18',78528296,NULL,NULL,NULL,NULL,NULL,0),(451,'Rodillo',2,'2015-04-15',NULL,3660,'2015-04-20 13:20:08',78528295,NULL,NULL,NULL,NULL,NULL,0),(452,'',1,'2015-03-27',54142.7,NULL,'2015-03-30 10:32:19',44,NULL,37,NULL,NULL,NULL,NULL),(461,'Imp Ley 25413 CRED 0.6%',2,'2015-03-17',NULL,333.05,'2015-03-30 12:07:46',0,NULL,NULL,NULL,NULL,NULL,0),(462,'Imp Ley 25413 Deb',2,'2015-03-17',NULL,0.91,'2015-03-30 12:08:14',0,NULL,NULL,NULL,NULL,NULL,0),(463,'Regimen de Recaudacion Sicreb Z ',2,'2015-03-17',NULL,2775.39,'2015-03-30 12:11:57',0,NULL,NULL,NULL,NULL,NULL,0),(464,'Caja Chica',2,'2015-03-18',NULL,3000,'2015-03-30 12:12:20',0,NULL,NULL,NULL,NULL,NULL,0),(465,'Amex',2,'2015-03-18',NULL,2800,'2015-03-30 12:14:49',78528284,NULL,NULL,NULL,NULL,NULL,0),(466,'Com movimientos otra sucursal',2,'2015-03-18',NULL,54.74,'2015-03-30 12:15:36',0,NULL,NULL,NULL,NULL,NULL,1),(467,'Iva Tasa general',2,'2015-03-18',NULL,11.5,'2015-03-30 12:17:06',0,NULL,NULL,NULL,NULL,NULL,0),(468,'Raul Negro',2,'2015-03-18',NULL,2000,'2015-03-30 12:17:39',0,NULL,NULL,NULL,NULL,NULL,0),(469,'Imp Ley 25413 Cred 0.6%',2,'2015-03-18',NULL,64.4,'2015-03-30 12:20:00',0,NULL,NULL,NULL,NULL,NULL,1),(470,'Imp Ley 25413 Deb 0.6%',2,'2015-03-18',NULL,92.13,'2015-03-30 12:21:17',0,NULL,NULL,NULL,NULL,NULL,0),(471,'Regimen de recaudacion Sincreb',2,'2015-03-18',NULL,537.43,'2015-03-30 12:22:10',0,NULL,NULL,NULL,NULL,NULL,0),(472,'Imp Ley 25413 Cred',2,'2015-03-19',NULL,93.68,'2015-03-30 12:22:58',0,NULL,NULL,NULL,NULL,NULL,0),(473,'Imp Ley 25413 Deb ',2,'2015-03-19',NULL,60.34,'2015-03-30 12:23:30',0,NULL,NULL,NULL,NULL,NULL,0),(474,'Regimen de recaudacion Sincreb Z',2,'2015-03-19',NULL,780.68,'2015-03-30 12:25:01',0,NULL,NULL,NULL,NULL,NULL,0),(475,'Caja Chica',2,'2015-03-20',NULL,4000,'2015-03-30 12:25:47',0,NULL,NULL,NULL,NULL,NULL,0),(476,'Imp Ley 25413 Deb 0.6%',2,'2015-03-20',NULL,62.03,'2015-03-30 12:29:26',0,NULL,NULL,NULL,NULL,NULL,0),(477,'Comision procesamiento Ch Dep Cfu',2,'2015-03-25',NULL,179.49,'2015-03-30 12:30:09',0,NULL,NULL,NULL,NULL,NULL,0),(478,'Percepcion Ingresos brutos CABA',2,'2015-03-25',NULL,10.77,'2015-03-30 12:30:40',0,NULL,NULL,NULL,NULL,NULL,0),(479,'Iva tasa general',2,'2015-03-25',NULL,37.69,'2015-03-30 12:31:22',0,NULL,NULL,NULL,NULL,NULL,0),(480,'Telmex argentina ',2,'2015-03-25',NULL,78.65,'2015-03-30 12:31:55',0,NULL,NULL,NULL,NULL,NULL,0),(481,'Imp Ley 25413 Cred',2,'2015-03-25',NULL,145.24,'2015-03-30 12:32:27',0,NULL,NULL,NULL,NULL,NULL,0),(482,'Imp Ley Deb',2,'2015-03-25',NULL,205.13,'2015-03-30 12:34:56',0,NULL,NULL,NULL,NULL,NULL,0),(483,'Regimen de recaudacion Sircreb',2,'2015-03-25',NULL,1709.4,'2015-03-30 12:35:26',0,NULL,NULL,NULL,NULL,NULL,0),(484,'Comision uso de cajero no propio',2,'2015-03-26',NULL,15,'2015-03-30 12:35:59',0,NULL,NULL,NULL,NULL,NULL,0),(485,'Iva Tasa General',2,'2015-03-26',NULL,3.15,'2015-03-30 12:36:25',0,NULL,NULL,NULL,NULL,NULL,0),(486,'Chequeras',2,'2015-03-26',NULL,80,'2015-03-30 12:36:46',0,NULL,NULL,NULL,NULL,NULL,0),(487,'Iva Tasa General',2,'2015-03-26',NULL,16.8,'2015-03-30 12:37:19',0,NULL,NULL,NULL,NULL,NULL,0),(488,'Imp Ley 25413',2,'2015-03-26',NULL,35.82,'2015-03-30 12:37:51',0,NULL,NULL,NULL,NULL,NULL,0),(489,'Comision procesamiento Ch Dep Cfu',2,'2015-03-30',NULL,284.25,'2015-03-30 12:38:54',0,NULL,NULL,NULL,NULL,NULL,1),(490,'Percepcion Infresos BRutos CABA',2,'2015-03-30',NULL,17.06,'2015-03-30 12:40:23',0,NULL,NULL,NULL,NULL,NULL,0),(491,'iva tasa general',2,'2015-03-30',NULL,59.69,'2015-03-30 12:40:47',0,NULL,NULL,NULL,NULL,NULL,0),(492,'comision por servicios de cuenta',2,'2015-03-30',NULL,420,'2015-03-30 12:41:14',0,NULL,NULL,NULL,NULL,NULL,0),(493,'Percepcion Ingresos Brutos CABA',2,'2015-03-30',NULL,25.2,'2015-03-30 12:43:27',0,NULL,NULL,NULL,NULL,NULL,1),(494,'Iva Tasa General',2,'2015-03-30',NULL,88.2,'2015-03-30 12:43:49',0,NULL,NULL,NULL,NULL,NULL,1),(495,'Comision Movs Mensuales Clearing',2,'2015-03-30',NULL,128,'2015-03-30 12:44:18',0,NULL,NULL,NULL,NULL,NULL,1),(496,'Percepcion Ingresos Brutos CABA',2,'2015-03-30',NULL,7.68,'2015-03-30 12:44:57',0,NULL,NULL,NULL,NULL,NULL,0),(497,'Iva Tasa General',2,'2015-03-30',NULL,26.88,'2015-03-30 12:45:22',0,NULL,NULL,NULL,NULL,NULL,1),(498,'Com Movimintos otra Sucursal',2,'2015-03-30',NULL,13,'2015-03-30 12:45:50',0,NULL,NULL,NULL,NULL,NULL,0),(499,'IVA tasa',2,'2015-03-30',NULL,2.73,'2015-03-30 12:46:22',0,NULL,NULL,NULL,NULL,NULL,0),(500,'Comision ',2,'2015-03-30',NULL,6,'2015-03-30 12:46:50',0,NULL,NULL,NULL,NULL,NULL,0),(501,'Iva',2,'2015-03-30',NULL,1.26,'2015-03-30 12:47:18',0,NULL,NULL,NULL,NULL,NULL,0),(502,'Caja Chica',2,'2015-03-30',NULL,3000,'2015-03-30 14:04:17',0,NULL,NULL,NULL,NULL,NULL,0),(503,'Raul Negro anticipado',2,'2015-03-30',NULL,2000,'2015-03-30 14:04:36',0,NULL,NULL,NULL,NULL,NULL,0),(504,'SUELDO MANUEL',2,'2015-04-03',NULL,7985.56,'2015-03-31 10:07:33',0,NULL,NULL,NULL,13,3,0),(505,'SUELDO MANUEL',2,'2015-04-29',NULL,7985.56,'2015-04-29 16:59:31',0,NULL,NULL,NULL,13,2,0),(506,'SUELDO MANUEL',2,'2015-06-02',NULL,10462.1,'2015-06-04 11:06:33',0,NULL,NULL,NULL,13,1,0),(507,'SUELDO  MORI',2,'2015-04-03',NULL,14000,'2015-03-31 10:08:56',0,NULL,NULL,NULL,14,3,0),(509,'SUELDO  MORI',2,'2015-06-02',NULL,9000,'2015-06-04 11:06:48',0,NULL,NULL,NULL,14,1,0),(510,'Alamino',1,'2015-04-06',28714,NULL,'2015-04-06 11:51:22',0,NULL,NULL,NULL,NULL,NULL,0),(511,'Caja chica',2,'2015-04-06',NULL,4000,'2015-04-06 11:59:26',78528299,NULL,NULL,NULL,NULL,NULL,0),(512,'Klimger',2,'2015-04-06',NULL,892.75,'2015-04-06 11:59:56',0,NULL,NULL,NULL,NULL,NULL,0),(513,'Mexx',2,'2015-04-06',NULL,2025,'2015-04-09 16:41:50',0,NULL,NULL,NULL,NULL,NULL,0),(514,'Pallet',2,'2015-04-06',NULL,2516,'2015-04-06 12:03:42',0,NULL,NULL,NULL,NULL,NULL,0),(515,'extraccion',2,'2015-04-08',NULL,6923.89,'2015-04-08 12:01:25',0,NULL,NULL,NULL,NULL,NULL,0),(516,'Imp Ley 25416 Deb 0,6%',2,'2015-04-07',NULL,91.15,'2015-04-08 12:02:23',0,NULL,NULL,NULL,NULL,NULL,0),(517,'Imp Ley 25413',2,'2015-04-06',NULL,172.29,'2015-04-08 12:03:14',0,NULL,NULL,NULL,NULL,NULL,0),(518,'Imp Ley 25413',2,'2015-04-06',NULL,127.37,'2015-04-08 12:03:57',0,NULL,NULL,NULL,NULL,NULL,0),(520,'Bertotto',1,'2015-04-08',57321.9,NULL,'2015-04-09 15:37:01',0,NULL,NULL,NULL,NULL,NULL,0),(521,'vital',2,'2015-04-09',NULL,128.61,'2015-04-09 15:47:23',0,NULL,NULL,NULL,NULL,NULL,0),(522,'Rothar',2,'2015-04-09',NULL,4000,'2015-04-09 15:48:00',0,NULL,NULL,NULL,15,3,0),(523,'Rothar',2,'2015-05-04',NULL,4500,'2015-05-04 11:48:55',0,NULL,NULL,NULL,15,2,0),(524,'Rothar',2,'2015-06-08',NULL,4500,'2015-06-10 09:19:31',0,NULL,NULL,NULL,15,1,0),(525,'Imp Ley DEb 0.6%',2,'2015-04-08',NULL,343.93,'2015-04-09 15:48:47',0,NULL,NULL,NULL,NULL,NULL,0),(526,'Imp Ley Cre 0.6%',2,'2015-04-09',NULL,186.02,'2015-04-09 15:49:58',0,NULL,NULL,NULL,NULL,NULL,0),(527,'Patente GWB',2,'2015-04-09',NULL,407.02,'2015-04-09 16:06:17',0,NULL,NULL,NULL,NULL,NULL,0),(528,'Patente GWB',2,'2015-04-09',NULL,368.06,'2015-04-09 16:07:00',0,NULL,NULL,NULL,NULL,NULL,0),(529,'Patente GWB',2,'2015-04-09',NULL,350.67,'2015-04-09 16:07:31',0,NULL,NULL,NULL,NULL,NULL,0),(530,'Patente GWB',2,'2015-04-09',NULL,333.28,'2015-04-09 16:07:54',0,NULL,NULL,NULL,NULL,NULL,0),(531,'Patente GWB',2,'2015-04-09',NULL,373.41,'2015-04-09 16:08:15',0,NULL,NULL,NULL,NULL,NULL,0),(532,'Cauciones',2,'2015-04-08',NULL,2772.96,'2015-04-09 16:09:24',0,NULL,NULL,NULL,NULL,NULL,0),(533,'Movistar',2,'2015-04-08',NULL,3127.46,'2015-04-09 16:09:59',0,NULL,NULL,NULL,16,3,0),(534,'Movistar',2,'2015-05-08',NULL,3383.82,'2015-05-08 12:38:55',83928075,NULL,NULL,NULL,16,2,0),(535,'Movistar',2,'2015-06-12',NULL,3301,'2015-06-12 15:45:21',0,NULL,NULL,NULL,16,1,0),(536,'Imp Ley 25413 Deb 0.6%',2,'2015-03-30',NULL,36.5,'2015-04-09 16:11:38',0,NULL,NULL,NULL,NULL,NULL,0),(537,'Imp Ley 25413 Cred 0.6%',2,'2015-04-08',NULL,324.86,'2015-04-09 16:12:12',0,NULL,NULL,NULL,NULL,NULL,0),(538,'Regimen de Recaudacion Sircreb ',2,'2015-04-08',NULL,2707.13,'2015-04-09 16:13:31',0,NULL,NULL,NULL,NULL,NULL,0),(539,'Aysa',2,'2015-04-08',NULL,345.94,'2015-04-09 16:14:02',0,NULL,NULL,NULL,NULL,NULL,0),(540,'Direccion General ',2,'2015-04-08',NULL,594.71,'2015-04-09 16:14:58',0,NULL,NULL,NULL,NULL,NULL,0),(541,'Nitro',2,'2015-04-21',NULL,13766.2,'2015-04-23 12:45:46',78528276,NULL,NULL,NULL,NULL,NULL,0),(542,'Maderera',2,'2015-04-14',NULL,2516.8,'2015-04-20 13:54:20',78528300,NULL,NULL,NULL,NULL,NULL,0),(543,'Caja Chica',2,'2015-04-08',NULL,4000,'2015-04-09 16:43:04',78528301,NULL,NULL,NULL,NULL,NULL,0),(544,'Garcia',2,'2015-04-29',NULL,11499.7,'2015-04-09 16:44:00',0,NULL,NULL,NULL,NULL,NULL,0),(545,'Garcia',2,'2015-05-09',NULL,11499.7,'2015-04-09 16:44:42',78528303,NULL,NULL,NULL,NULL,NULL,0),(546,'Garcia',2,'2015-05-21',NULL,11499.7,'2015-05-21 11:01:01',78528304,NULL,NULL,NULL,NULL,NULL,0),(547,'Atlas',2,'2015-04-24',NULL,4008.85,'2015-04-09 16:46:58',78528305,NULL,NULL,NULL,NULL,NULL,0),(548,'Garcia',2,'2015-04-30',NULL,11499.7,'2015-06-22 12:10:31',78528302,NULL,NULL,NULL,NULL,NULL,0),(549,'Pierlucca',1,'2015-04-13',66140,NULL,'2015-07-02 14:55:02',5,NULL,40,NULL,NULL,NULL,1),(550,'ANTICIPO POR BRAZO DE CARGA',1,'2015-03-11',10890,NULL,'2015-04-20 12:30:30',5,NULL,41,NULL,NULL,NULL,NULL),(551,'GALPA',1,'2015-04-20',8519.11,NULL,'2015-04-23 12:22:53',5,NULL,44,NULL,NULL,NULL,0),(552,'Caja Chica',2,'2015-04-17',NULL,4000,'2015-04-20 12:34:04',78528315,NULL,NULL,NULL,NULL,NULL,0),(553,'Nitrophyl',2,'2015-06-18',NULL,4663.48,'2015-06-19 09:42:18',78528314,NULL,NULL,NULL,NULL,NULL,0),(554,'Davonis',2,'2015-04-24',NULL,1491.65,'2015-04-27 10:25:08',78528313,NULL,NULL,NULL,NULL,NULL,0),(555,'anulado',2,'2015-04-17',NULL,0.01,'2015-04-20 12:36:45',78528312,NULL,NULL,NULL,NULL,NULL,0),(556,'Aceite',2,'2015-04-20',NULL,1235,'2015-04-23 12:24:12',78528311,NULL,NULL,NULL,NULL,NULL,0),(557,'ANULADO',2,'2015-04-17',NULL,0.01,'2015-04-20 12:42:09',78528310,NULL,NULL,NULL,NULL,NULL,0),(558,'RODAN',2,'2015-04-30',NULL,1324,'2015-06-22 12:11:23',78528309,NULL,NULL,NULL,NULL,NULL,0),(559,'CAJA CHICA',2,'2015-04-14',NULL,7000,'2015-04-20 12:43:57',78528308,NULL,NULL,NULL,NULL,NULL,0),(560,'BULONERA ATLAS',2,'2015-04-24',NULL,640,'2015-04-20 12:44:38',78528307,NULL,NULL,NULL,NULL,NULL,0),(561,'AFIP',2,'2015-04-15',NULL,3200,'2015-04-20 13:21:22',78528306,NULL,NULL,NULL,NULL,NULL,0),(562,'Imp Ley 25413 Deb 0,6%',2,'2015-04-20',NULL,24,'2015-04-20 12:53:50',30031,NULL,NULL,NULL,NULL,NULL,0),(563,'Imp Ley 25413 Deb 0,6% ',2,'2015-04-16',NULL,262.51,'2015-04-20 12:56:12',30029,NULL,NULL,NULL,NULL,NULL,0),(564,'Comision Envio Inf C 4469',2,'2015-04-16',NULL,337.8,'2015-04-20 12:57:21',30027,NULL,NULL,NULL,NULL,NULL,0),(565,'Amex',2,'2015-04-16',NULL,2708.35,'2015-04-20 12:58:11',13739,NULL,NULL,NULL,NULL,NULL,0),(566,'Emetec',2,'2015-04-16',NULL,1300,'2015-04-20 13:04:37',13697,NULL,NULL,NULL,NULL,NULL,0),(567,'Inacap',2,'2015-04-16',NULL,214.88,'2015-04-20 13:07:19',79760511,NULL,NULL,NULL,NULL,NULL,0),(568,'Argentina Cargo',2,'2015-04-16',NULL,5790.31,'2015-04-20 13:08:30',10412,NULL,NULL,NULL,NULL,NULL,0),(569,'TELEFONICA',2,'2015-04-16',NULL,2.44,'2015-04-20 13:13:44',112152232,NULL,NULL,NULL,NULL,NULL,0),(570,'TELEFONICA',2,'2015-04-16',NULL,895.73,'2015-04-20 13:14:13',11144582,NULL,NULL,NULL,NULL,NULL,0),(571,'Regimen de recaudaciones sircreb Z ',2,'2015-04-15',NULL,286.67,'2015-04-20 13:16:27',30020,NULL,NULL,NULL,NULL,NULL,0),(572,'Imp Ley 2513 Cred 0,6%',2,'2015-04-15',NULL,34.4,'2015-04-20 13:17:49',30018,NULL,NULL,NULL,NULL,NULL,0),(573,'Imp Ley 25413 Deb 0,6%',2,'2015-04-15',NULL,98.11,'2015-04-20 13:18:36',30017,NULL,NULL,NULL,NULL,NULL,0),(574,'GRAPA',1,'2015-04-15',5733.46,NULL,'2015-04-20 13:23:01',124365570,NULL,NULL,NULL,NULL,NULL,0),(575,'Regimen de recaudaciones Sincreb Z',2,'2015-04-14',NULL,857.65,'2015-04-20 13:29:29',30016,NULL,NULL,NULL,NULL,NULL,0),(576,'Imp Ley 25413 Cred 0,6%',2,'2015-04-14',NULL,102.92,'2015-04-20 13:32:08',30011,NULL,NULL,NULL,NULL,NULL,0),(577,'Imp Ley 25413 Deb 0,6%',2,'2015-04-14',NULL,256.13,'2015-04-20 13:35:49',30010,NULL,NULL,NULL,NULL,NULL,0),(578,'Anulacion Imp Ley ',1,'2015-04-14',51.8,NULL,'2015-04-20 13:36:59',30009,NULL,NULL,NULL,NULL,NULL,0),(579,'MARIELA CACCIATORI',2,'2015-04-14',NULL,6050,'2015-04-20 13:37:57',14286578,NULL,NULL,NULL,NULL,NULL,0),(580,'COMISIONES VTAS DDR',2,'2015-04-14',NULL,6611.69,'2015-04-20 13:38:45',14274370,NULL,NULL,NULL,NULL,NULL,0),(581,'COMISIONES VTAS GM',2,'2015-04-14',NULL,6611.69,'2015-04-20 13:39:29',48200,NULL,NULL,NULL,NULL,NULL,0),(582,'',1,'2015-04-14',4519.71,NULL,'2015-04-20 13:40:29',51,NULL,52,NULL,NULL,NULL,NULL),(583,'',1,'2015-04-14',12718.9,NULL,'2015-04-20 13:40:37',5,NULL,45,NULL,NULL,NULL,NULL),(584,'IVA TASA GENERAL',2,'2015-04-14',NULL,48.62,'2015-04-20 13:42:58',30001,NULL,NULL,NULL,NULL,NULL,0),(585,'PERCEPCION IIBB',2,'2015-04-14',NULL,13.89,'2015-04-20 13:43:33',30000,NULL,NULL,NULL,NULL,NULL,0),(586,'COMISION MOVIMIENTOS OTRA SUCURSAL',2,'2015-04-14',NULL,231.53,'2015-04-20 13:45:17',29999,NULL,NULL,NULL,NULL,NULL,0),(587,'REGIMEN RECUDACION SORCREB Z',2,'2015-04-14',NULL,3652.86,'2015-04-20 13:46:18',300002,NULL,NULL,NULL,NULL,NULL,0),(588,'SUSS',2,'2015-04-13',NULL,23359.5,'2015-04-20 13:55:59',43193,NULL,NULL,NULL,NULL,NULL,0),(589,'',1,'2015-04-13',6907.26,NULL,'2015-04-20 13:57:10',39,NULL,33,NULL,NULL,NULL,NULL),(590,'Imp Ley 25413 Cred 0,6%',2,'2015-04-13',NULL,438.34,'2015-04-20 14:15:05',29995,NULL,NULL,NULL,NULL,NULL,0),(591,'Imp Ley 25413',2,'2015-04-13',NULL,187.56,'2015-04-20 14:15:39',29994,NULL,NULL,NULL,NULL,NULL,0),(592,'Canje Cheque',2,'2015-04-13',NULL,7900,'2015-04-20 14:16:05',36738,NULL,NULL,NULL,NULL,NULL,0),(593,'Imp Ley 25413',2,'2015-04-10',NULL,0.86,'2015-04-20 14:17:01',29989,NULL,NULL,NULL,NULL,NULL,0),(594,'seguro casa peti',2,'2015-04-10',NULL,142.52,'2015-04-20 14:18:19',29987,NULL,NULL,NULL,NULL,NULL,0),(595,'IMP LEY ',2,'2015-04-09',NULL,24.77,'2015-04-20 14:18:58',4633,NULL,NULL,NULL,NULL,NULL,0),(596,'Ale Rothar',2,'2015-04-09',NULL,4000,'2015-04-20 14:19:36',23690,NULL,NULL,NULL,NULL,NULL,0),(597,'CARDINAL',1,'2015-04-20',32906.6,NULL,'2015-04-23 12:25:31',54,NULL,47,NULL,NULL,NULL,0),(598,'Distribuidora RIO',1,'2015-04-21',35652,NULL,'2015-04-23 12:25:02',5,NULL,43,NULL,NULL,NULL,0),(599,'MARTINEZ SOSA',2,'2015-04-08',NULL,954,'2015-04-20 14:37:40',13542,NULL,NULL,NULL,NULL,NULL,0),(600,'Imp Ley 25413',2,'2015-04-20',NULL,71,'2015-04-23 12:58:47',30037,NULL,NULL,NULL,NULL,NULL,0),(601,'Imp ley',2,'2015-04-20',NULL,248.55,'2015-04-23 13:01:04',30038,NULL,NULL,NULL,NULL,NULL,0),(602,'Regimen De Recaudacion Sircreb Z',2,'2015-04-20',NULL,2071.29,'2015-04-23 13:01:49',30046,NULL,NULL,NULL,NULL,NULL,0),(603,'Comision procesamiento ',2,'2015-04-20',NULL,187.18,'2015-04-23 13:02:36',30043,NULL,NULL,NULL,NULL,NULL,0),(604,'Percepcion ingresos brutos',2,'2015-04-20',NULL,11.23,'2015-04-23 13:04:56',30044,NULL,NULL,NULL,NULL,NULL,0),(605,'Iva Tasa General',2,'2015-04-20',NULL,39.31,'2015-04-23 13:06:32',30045,NULL,NULL,NULL,NULL,NULL,0),(606,'Bomeca',2,'2015-05-19',NULL,15972,'2015-05-19 08:44:39',78528316,NULL,NULL,NULL,NULL,NULL,0),(607,'RR Forja',2,'2015-05-22',NULL,11929.9,'2015-04-23 13:57:25',78528317,NULL,NULL,NULL,NULL,NULL,0),(608,'RR Forjads',2,'2015-06-05',NULL,11929.9,'2015-06-10 09:18:52',78528318,NULL,NULL,NULL,NULL,NULL,0),(609,'Imp Ley 25413',2,'2015-04-22',NULL,10.7,'2015-04-23 14:04:52',30051,NULL,NULL,NULL,NULL,NULL,0),(610,'Regimen de recaudaciones Sircreb Z',2,'2015-04-22',NULL,1782.64,'2015-04-23 14:05:58',30050,NULL,NULL,NULL,NULL,NULL,0),(611,'Imp Ley 25413',2,'2015-04-22',NULL,148.08,'2015-04-23 14:06:33',30049,NULL,NULL,NULL,NULL,NULL,0),(612,'Imp Ley',2,'2015-04-21',NULL,213.92,'2015-04-23 14:07:27',30048,NULL,NULL,NULL,NULL,NULL,0),(613,'Acero Sud',2,'2015-05-27',NULL,7515,'2015-05-27 09:13:57',78528319,NULL,NULL,NULL,NULL,NULL,0),(614,'Caja Chica',2,'2015-04-27',NULL,4000,'2015-04-28 12:26:06',78528320,NULL,NULL,NULL,NULL,NULL,0),(615,'Valvula',1,'2015-04-27',7690,NULL,'2015-05-04 09:22:32',42,NULL,30,NULL,NULL,NULL,0),(616,'anticipo brazos',1,'2015-04-28',13567.5,NULL,'2015-04-24 10:22:09',64,NULL,54,NULL,NULL,NULL,NULL),(617,'FC 63 PASTORINO',1,'2015-04-28',750,NULL,'2015-04-24 10:22:16',63,NULL,55,NULL,NULL,NULL,NULL),(618,'FC 63 Pastorino',1,'2015-04-28',10000,NULL,'2015-04-24 10:22:23',63,NULL,56,NULL,NULL,NULL,NULL),(619,'FC 63 Pastorino',1,'2015-04-28',1250,NULL,'2015-04-24 10:22:33',63,NULL,57,NULL,NULL,NULL,NULL),(620,'',1,'2015-04-24',36492,NULL,'2015-04-24 15:55:29',55,NULL,48,NULL,NULL,NULL,NULL),(621,'',1,'2015-04-24',25410,NULL,'2015-04-24 15:55:39',60,NULL,49,NULL,NULL,NULL,NULL),(622,'',1,'2015-04-24',28421.5,NULL,'2015-04-24 15:56:11',59,NULL,50,NULL,NULL,NULL,NULL),(623,'caja chica',2,'2015-04-24',NULL,3000,'2015-04-24 15:57:15',0,NULL,NULL,NULL,NULL,NULL,0),(624,'Ser',2,'2015-04-23',NULL,2879.45,'2015-04-27 10:18:57',47782,NULL,NULL,NULL,NULL,NULL,0),(625,'Imp Ley 25413',2,'2015-04-23',NULL,17.28,'2015-04-27 10:19:37',30053,NULL,NULL,NULL,NULL,NULL,0),(626,'Imp Ley 25413',2,'2015-04-23',NULL,576.93,'2015-04-27 10:21:00',30057,NULL,NULL,NULL,NULL,NULL,0),(627,'Imp Ley',2,'2015-04-24',NULL,18,'2015-04-27 10:21:33',30058,NULL,NULL,NULL,NULL,NULL,0),(628,'IVA Tasa General',2,'2015-04-27',NULL,19.25,'2015-04-27 10:35:03',30068,NULL,NULL,NULL,NULL,NULL,0),(629,'Iva Tasa General',2,'2015-04-27',NULL,4.04,'2015-04-27 10:35:40',30069,NULL,NULL,NULL,NULL,NULL,0),(630,'Comision procesamiento',2,'2015-04-27',NULL,30,'2015-04-27 10:36:29',30070,NULL,NULL,NULL,NULL,NULL,0),(631,'Iva Tasa General',2,'2015-04-27',NULL,6.3,'2015-04-27 11:18:22',30071,NULL,NULL,NULL,NULL,NULL,0),(632,'Comision procesamiento',2,'2015-04-27',NULL,19.25,'2015-04-27 11:19:49',30072,NULL,NULL,NULL,NULL,NULL,0),(633,'Iva Tasa General',2,'2015-04-27',NULL,4.04,'2015-04-27 11:20:22',30073,NULL,NULL,NULL,NULL,NULL,0),(634,'Comision procesamiento',2,'2015-04-27',NULL,115.52,'2015-04-27 11:20:56',30074,NULL,NULL,NULL,NULL,NULL,0),(635,'Percepcion Ingresos brutos',2,'2015-04-27',NULL,6.92,'2015-04-27 11:21:33',30075,NULL,NULL,NULL,NULL,NULL,0),(636,'Iva Tasa General',2,'2015-04-27',NULL,24.22,'2015-04-27 11:22:07',30076,NULL,NULL,NULL,NULL,NULL,0),(637,'Comision movimientos otra sucursal',2,'2015-04-27',NULL,127.72,'2015-04-27 11:22:53',30077,NULL,NULL,NULL,NULL,NULL,0),(638,'Percepcion Ingresos brutos',2,'2015-04-27',NULL,7.66,'2015-04-28 12:32:37',30078,NULL,NULL,NULL,NULL,NULL,0),(639,'iva tasa general',2,'2015-04-27',NULL,26.82,'2015-04-27 11:24:26',30079,NULL,NULL,NULL,NULL,NULL,0),(640,'Regimen  Sircreb Z',2,'2015-04-24',NULL,4807.79,'2015-04-28 12:42:27',30080,NULL,NULL,NULL,NULL,NULL,0),(641,'Debito Directo',2,'2015-04-27',NULL,89.38,'2015-04-27 11:25:34',30375,NULL,NULL,NULL,NULL,NULL,0),(642,'Raul Negro',2,'2015-04-27',NULL,2000,'2015-04-27 11:25:51',0,NULL,NULL,NULL,NULL,NULL,0),(643,'Resortil',2,'2015-05-07',NULL,3388,'2015-05-07 08:58:29',78528321,NULL,NULL,NULL,NULL,NULL,0),(644,'IMP LEY 25413',2,'2015-04-27',NULL,145.97,'2015-04-28 12:36:07',30084,NULL,NULL,NULL,NULL,NULL,0),(645,'IMP LEY 25413',2,'2015-04-27',NULL,199.55,'2015-04-28 12:37:36',30085,NULL,NULL,NULL,NULL,NULL,0),(646,'Regimen sircreb Z',2,'2015-04-27',NULL,1662.88,'2015-04-28 12:46:02',30087,NULL,NULL,NULL,NULL,NULL,0),(647,'imp ley 25413',2,'2015-04-28',NULL,23.41,'2015-04-29 16:39:32',30089,NULL,NULL,NULL,NULL,NULL,0),(648,'pago cci cbu - 01509315102000',2,'2015-04-28',NULL,539.93,'2015-04-29 16:41:11',14355,NULL,NULL,NULL,NULL,NULL,0),(649,'comisión por servicio de cuenta',2,'2015-04-29',NULL,420,'2015-04-29 16:42:33',30090,NULL,NULL,NULL,NULL,NULL,0),(650,'percepcion ingresos brutos',2,'2015-04-29',NULL,25.2,'2015-04-29 16:43:37',30091,NULL,NULL,NULL,NULL,NULL,0),(651,'iva tasa gral',2,'2015-04-29',NULL,88.2,'2015-04-29 16:44:50',30092,NULL,NULL,NULL,NULL,NULL,0),(652,'comisión mov mensuales',2,'2015-04-29',NULL,192,'2015-04-29 16:45:33',30093,NULL,NULL,NULL,NULL,NULL,0),(653,'percepción ingresos brutos',2,'2015-04-29',NULL,11.52,'2015-04-29 16:46:17',30094,NULL,NULL,NULL,NULL,NULL,0),(654,'iva tasa general',2,'2015-04-29',NULL,40.32,'2015-04-29 16:46:59',30095,NULL,NULL,NULL,NULL,NULL,0),(655,'movimiento otra sucursal',2,'2015-04-29',NULL,26,'2015-04-29 16:47:39',30096,NULL,NULL,NULL,NULL,NULL,0),(656,'iva tasa general',2,'2015-04-29',NULL,5.46,'2015-04-29 16:51:21',30097,NULL,NULL,NULL,NULL,NULL,0),(657,'anticipo brazos',1,'2015-04-30',45922.4,NULL,'2015-04-29 18:11:29',63,NULL,53,NULL,NULL,NULL,NULL),(658,'imp ley 25413',2,'2015-04-29',NULL,364.05,'2015-05-04 10:00:18',30105,NULL,NULL,NULL,NULL,NULL,0),(659,'imp ley 25413',2,'2015-04-29',NULL,275.53,'2015-05-04 10:00:37',30106,NULL,NULL,NULL,NULL,NULL,0),(660,'imp ley 25413',2,'2015-04-29',NULL,167.69,'2015-05-04 10:00:55',30111,NULL,NULL,NULL,NULL,NULL,0),(661,'SUELDO MORI',2,'2015-04-30',NULL,14000,'2015-05-04 09:37:27',31462,NULL,NULL,NULL,17,5,0),(664,'SUELDO MORI',2,'2015-07-30',NULL,14000,'2015-05-04 09:37:27',31462,NULL,NULL,NULL,17,2,0),(665,'SUELDO MORI',2,'2015-08-30',NULL,14000,'2015-05-04 09:37:27',31462,NULL,NULL,NULL,17,1,0),(668,'mapfre',2,'2015-06-01',NULL,986.14,'2015-06-01 10:00:34',4081,NULL,NULL,NULL,18,9,0),(669,'mapfre',2,'2015-07-04',NULL,986.14,'2015-05-04 10:06:59',4081,NULL,NULL,NULL,18,8,0),(670,'mapfre',2,'2015-08-04',NULL,986.14,'2015-05-04 10:06:59',4081,NULL,NULL,NULL,18,7,0),(671,'mapfre',2,'2015-09-04',NULL,986.14,'2015-05-04 10:06:59',4081,NULL,NULL,NULL,18,6,0),(672,'mapfre',2,'2015-10-04',NULL,986.14,'2015-05-04 10:06:59',4081,NULL,NULL,NULL,18,5,0),(673,'mapfre',2,'2015-11-04',NULL,986.14,'2015-05-04 10:06:59',4081,NULL,NULL,NULL,18,4,0),(674,'mapfre',2,'2015-12-04',NULL,986.14,'2015-05-04 10:06:59',4081,NULL,NULL,NULL,18,3,0),(675,'mapfre',2,'2016-01-04',NULL,986.14,'2015-05-04 10:06:59',4081,NULL,NULL,NULL,18,2,0),(676,'mapfre',2,'2016-02-04',NULL,986.14,'2015-05-04 10:06:59',4081,NULL,NULL,NULL,18,1,0),(677,'Mapfre',2,'2015-05-04',NULL,986.14,'2015-05-04 10:07:36',4081,NULL,NULL,NULL,19,10,0),(679,'Mapfre',2,'2015-07-04',NULL,986.14,'2015-05-04 10:07:36',4081,NULL,NULL,NULL,19,8,0),(680,'Mapfre',2,'2015-08-04',NULL,986.14,'2015-05-04 10:07:36',4081,NULL,NULL,NULL,19,7,0),(681,'Mapfre',2,'2015-09-04',NULL,986.14,'2015-05-04 10:07:36',4081,NULL,NULL,NULL,19,6,0),(682,'Mapfre',2,'2015-10-04',NULL,986.14,'2015-05-04 10:07:36',4081,NULL,NULL,NULL,19,5,0),(683,'Mapfre',2,'2015-11-04',NULL,986.14,'2015-05-04 10:07:36',4081,NULL,NULL,NULL,19,4,0),(684,'Mapfre',2,'2015-12-04',NULL,986.14,'2015-05-04 10:07:36',4081,NULL,NULL,NULL,19,3,0),(685,'Mapfre',2,'2016-01-04',NULL,986.14,'2015-05-04 10:07:36',4081,NULL,NULL,NULL,19,2,0),(686,'Mapfre',2,'2016-02-04',NULL,986.14,'2015-05-04 10:07:36',4081,NULL,NULL,NULL,19,1,0),(689,'mapfre',2,'2015-07-04',NULL,986.14,'2015-05-04 10:08:31',3903,NULL,NULL,NULL,20,8,0),(690,'mapfre',2,'2015-08-04',NULL,986.14,'2015-05-04 10:08:31',3903,NULL,NULL,NULL,20,7,0),(691,'mapfre',2,'2015-09-04',NULL,986.14,'2015-05-04 10:08:31',3903,NULL,NULL,NULL,20,6,0),(692,'mapfre',2,'2015-10-04',NULL,986.14,'2015-05-04 10:08:31',3903,NULL,NULL,NULL,20,5,0),(693,'mapfre',2,'2015-11-04',NULL,986.14,'2015-05-04 10:08:31',3903,NULL,NULL,NULL,20,4,0),(694,'mapfre',2,'2015-12-04',NULL,986.14,'2015-05-04 10:08:31',3903,NULL,NULL,NULL,20,3,0),(695,'mapfre',2,'2016-01-04',NULL,986.14,'2015-05-04 10:08:31',3903,NULL,NULL,NULL,20,2,0),(696,'mapfre',2,'2016-02-04',NULL,986.14,'2015-05-04 10:08:31',3903,NULL,NULL,NULL,20,1,0),(698,'MARTINEZ SOSA',2,'2015-05-04',NULL,954,'2015-05-04 11:50:25',0,NULL,NULL,NULL,NULL,NULL,0),(699,'MARIELA CACCIOTA',2,'2015-05-04',NULL,6050,'2015-05-04 11:51:03',0,NULL,NULL,NULL,NULL,NULL,0),(700,'DISEÑO AVISOS',2,'2015-05-04',NULL,500,'2015-05-04 11:51:31',0,NULL,NULL,NULL,NULL,NULL,0),(701,'solmec',2,'2015-05-04',NULL,3872,'2015-05-05 16:30:39',37407,NULL,NULL,NULL,NULL,NULL,0),(702,'FC PASTORINO',1,'2015-04-30',2000,NULL,'2015-05-05 16:32:04',63,NULL,58,NULL,NULL,NULL,NULL),(703,'poberaj',1,'2015-05-04',1118.04,NULL,'2015-05-05 16:32:51',11144288,NULL,NULL,NULL,NULL,NULL,0),(704,'imp ley 25413',2,'2015-05-04',NULL,6.71,'2015-05-05 16:33:23',30121,NULL,NULL,NULL,NULL,NULL,0),(705,'imp ley 25413',2,'2015-05-04',NULL,130.08,'2015-05-05 16:33:50',30122,NULL,NULL,NULL,NULL,NULL,0),(706,'pastorino',1,'2015-05-05',2000,NULL,'2015-05-05 16:35:09',11144288,NULL,NULL,NULL,NULL,NULL,0),(707,'procesamiento cheque',2,'2015-05-05',NULL,19.25,'2015-05-05 16:37:12',30125,NULL,NULL,NULL,NULL,NULL,0),(708,'iva tasa gral',2,'2015-05-05',NULL,4.04,'2015-05-05 16:37:46',30126,NULL,NULL,NULL,NULL,NULL,0),(709,'Mapfre Horacio',2,'2015-05-05',NULL,904.1,'2015-05-05 16:38:28',6637,NULL,NULL,NULL,21,12,0),(710,'Mapfre Horacio',2,'2015-06-05',NULL,904.1,'2015-06-10 09:20:32',6637,NULL,NULL,NULL,21,11,0),(711,'Mapfre Horacio',2,'2015-07-05',NULL,904.1,'2015-05-05 16:38:28',6637,NULL,NULL,NULL,21,10,0),(712,'Mapfre Horacio',2,'2015-08-05',NULL,904.1,'2015-05-05 16:38:28',6637,NULL,NULL,NULL,21,9,0),(713,'Mapfre Horacio',2,'2015-09-05',NULL,904.1,'2015-05-05 16:38:28',6637,NULL,NULL,NULL,21,8,0),(714,'Mapfre Horacio',2,'2015-10-05',NULL,904.1,'2015-05-05 16:38:28',6637,NULL,NULL,NULL,21,7,0),(715,'Mapfre Horacio',2,'2015-11-05',NULL,904.1,'2015-05-05 16:38:28',6637,NULL,NULL,NULL,21,6,0),(716,'Mapfre Horacio',2,'2015-12-05',NULL,904.1,'2015-05-05 16:38:28',6637,NULL,NULL,NULL,21,5,0),(717,'Mapfre Horacio',2,'2016-01-05',NULL,904.1,'2015-05-05 16:38:28',6637,NULL,NULL,NULL,21,4,0),(718,'Mapfre Horacio',2,'2016-02-05',NULL,904.1,'2015-05-05 16:38:28',6637,NULL,NULL,NULL,21,3,0),(719,'Mapfre Horacio',2,'2016-03-05',NULL,904.1,'2015-05-05 16:38:28',6637,NULL,NULL,NULL,21,2,0),(720,'Mapfre Horacio',2,'2016-04-05',NULL,904.1,'2015-05-05 16:38:28',6637,NULL,NULL,NULL,21,1,0),(721,'cablavision',2,'2015-05-05',NULL,1494.36,'2015-05-05 16:39:46',73785,NULL,NULL,NULL,22,12,0),(722,'cablavision',2,'2015-06-04',NULL,1766.14,'2015-06-04 10:24:14',73785,NULL,NULL,NULL,22,11,0),(723,'cablavision',2,'2015-07-05',NULL,1494.36,'2015-05-05 16:39:46',73785,NULL,NULL,NULL,22,10,0),(724,'cablavision',2,'2015-08-05',NULL,1494.36,'2015-05-05 16:39:46',73785,NULL,NULL,NULL,22,9,0),(725,'cablavision',2,'2015-09-05',NULL,1494.36,'2015-05-05 16:39:46',73785,NULL,NULL,NULL,22,8,0),(726,'cablavision',2,'2015-10-05',NULL,1494.36,'2015-05-05 16:39:46',73785,NULL,NULL,NULL,22,7,0),(727,'cablavision',2,'2015-11-05',NULL,1494.36,'2015-05-05 16:39:46',73785,NULL,NULL,NULL,22,6,0),(728,'cablavision',2,'2015-12-05',NULL,1494.36,'2015-05-05 16:39:46',73785,NULL,NULL,NULL,22,5,0),(729,'cablavision',2,'2016-01-05',NULL,1494.36,'2015-05-05 16:39:46',73785,NULL,NULL,NULL,22,4,0),(730,'cablavision',2,'2016-02-05',NULL,1494.36,'2015-05-05 16:39:46',73785,NULL,NULL,NULL,22,3,0),(731,'cablavision',2,'2016-03-05',NULL,1494.36,'2015-05-05 16:39:46',73785,NULL,NULL,NULL,22,2,0),(732,'cablavision',2,'2016-04-05',NULL,1494.36,'2015-05-05 16:39:46',73785,NULL,NULL,NULL,22,1,0),(733,'edesur',2,'2015-05-05',NULL,902.03,'2015-05-05 16:40:12',79130,NULL,NULL,NULL,NULL,NULL,0),(734,'edesur',2,'2015-05-05',NULL,1268.02,'2015-05-05 16:40:44',79131,NULL,NULL,NULL,NULL,NULL,0),(735,'regimen  sircreb Z',2,'2015-05-04',NULL,55.9,'2015-05-05 16:41:55',30131,NULL,NULL,NULL,NULL,NULL,0),(736,'ZALOZE',2,'2015-06-11',NULL,2739.25,'2015-06-11 08:51:22',78528323,NULL,NULL,NULL,NULL,NULL,0),(737,'COMPLEMENT',2,'2015-06-04',NULL,1577.52,'2015-06-04 10:03:58',78528324,NULL,NULL,NULL,NULL,NULL,0),(738,'SMALL CASTING',2,'2015-06-10',NULL,12602.3,'2015-06-10 09:29:07',78528325,NULL,NULL,NULL,NULL,NULL,0),(739,'GARCIA',2,'2015-06-18',NULL,14578.5,'2015-06-18 11:27:55',78528326,NULL,NULL,NULL,NULL,NULL,0),(740,'GARCIA',2,'2015-06-23',NULL,14578.5,'2015-06-23 09:45:50',78528327,NULL,NULL,NULL,NULL,NULL,0),(741,'FUNDIMIA',2,'2015-06-16',NULL,14578.5,'2015-06-16 16:10:55',78528328,NULL,NULL,NULL,NULL,NULL,0),(742,'CANEDA',2,'2015-06-02',NULL,4083.45,'2015-06-02 11:07:32',78528329,NULL,NULL,NULL,NULL,NULL,0),(743,'ANTICIPO BRAZO DE CARGA',1,'2015-05-07',13736.6,NULL,'2015-05-13 17:15:11',67,NULL,59,NULL,NULL,NULL,1),(744,'IMP LEY 25413',2,'2015-05-05',NULL,12,'2015-05-08 12:26:11',30133,NULL,NULL,NULL,NULL,NULL,0),(745,'IMP LEY 25413',2,'2015-05-05',NULL,79.03,'2015-05-08 12:26:47',30134,NULL,NULL,NULL,NULL,NULL,0),(746,'REGIMEN SIRCREB Z',2,'2015-05-05',NULL,100,'2015-05-08 12:27:32',30136,NULL,NULL,NULL,NULL,NULL,0),(747,'DIRECCION GRAL D 6499407',2,'2015-05-06',NULL,594.71,'2015-05-08 12:30:07',83729,NULL,NULL,NULL,NULL,NULL,0),(748,'PAGO DEUDA RAPIPAGO',2,'2015-05-06',NULL,1145.55,'2015-05-08 12:32:50',10133455,NULL,NULL,NULL,NULL,NULL,0),(749,'IMP LEY 25413',2,'2015-05-06',NULL,72.71,'2015-05-08 12:34:14',30140,NULL,NULL,NULL,NULL,NULL,0),(750,'VITTAL',2,'2015-05-07',NULL,132.47,'2015-05-08 12:35:02',46400,NULL,NULL,NULL,NULL,NULL,0),(751,'CHEQUE CAJA CHICA',2,'2015-05-07',NULL,5000,'2015-05-08 12:35:52',78528330,NULL,NULL,NULL,NULL,NULL,0),(752,'IMP LEY 25413',2,'2015-05-07',NULL,82.42,'2015-05-08 12:36:24',30145,NULL,NULL,NULL,NULL,NULL,0),(753,'IMP LEY 25413',2,'2015-05-07',NULL,51.12,'2015-05-08 12:37:05',30146,NULL,NULL,NULL,NULL,NULL,0),(754,'Fischetti',2,'2015-05-13',NULL,522.17,'2015-05-13 14:20:37',78528331,NULL,NULL,NULL,NULL,NULL,0),(755,'Laapsa',2,'2015-06-15',NULL,2090.88,'2015-06-19 09:45:12',78528333,NULL,NULL,NULL,NULL,NULL,0),(756,'Caja Chica',2,'2015-05-13',NULL,3000,'2015-05-13 14:22:53',78528332,NULL,NULL,NULL,NULL,NULL,0),(757,'CANJE DE CHEQUE',2,'2015-05-11',NULL,6010,'2015-05-18 15:07:48',26550,NULL,NULL,NULL,NULL,NULL,0),(758,'Comision Envio inf \"c\" 4469',2,'2015-05-11',NULL,340.16,'2015-05-13 17:22:40',30150,NULL,NULL,NULL,NULL,NULL,0),(759,'Imp Ley 25413',2,'2015-05-11',NULL,107.1,'2015-05-13 17:23:23',30152,NULL,NULL,NULL,NULL,NULL,0),(760,'Caja Chica',2,'2015-05-11',NULL,3000,'2015-05-13 17:24:49',78528332,NULL,NULL,NULL,NULL,NULL,0),(761,'Mexx',2,'2015-05-13',NULL,3190,'2015-05-18 15:05:05',49147,NULL,NULL,NULL,NULL,NULL,0),(762,'Viaticos',2,'2015-05-13',NULL,1265.22,'2015-05-18 15:06:01',49165,NULL,NULL,NULL,NULL,NULL,0),(763,'THERMAL',2,'2015-06-17',NULL,881.36,'2015-06-18 11:30:08',78528334,NULL,NULL,NULL,NULL,NULL,0),(764,'ARGENSOLD',2,'2015-06-01',NULL,726.42,'2015-06-02 11:27:19',78528334,NULL,NULL,NULL,NULL,NULL,0),(765,'Amex',2,'2015-05-18',NULL,3768.24,'2015-05-18 10:37:44',78528336,NULL,NULL,NULL,NULL,NULL,0),(766,'argensold',2,'2015-06-05',NULL,4689.54,'2015-05-15 11:20:07',78528337,NULL,NULL,NULL,NULL,NULL,0),(767,'rulemanes san pedrito',2,'2015-06-09',NULL,5445,'2015-06-10 09:24:55',78528338,NULL,NULL,NULL,NULL,NULL,0),(768,'IMP LEY 25413',2,'2015-05-13',NULL,44.73,'2015-05-18 15:09:43',30156,NULL,NULL,NULL,NULL,NULL,0),(769,'CHEQUE CANJE',1,'2015-05-14',6010,NULL,'2015-05-18 15:10:19',11210240,NULL,NULL,NULL,NULL,NULL,0),(770,'IMP LEY 25413',2,'2015-05-14',NULL,36.06,'2015-05-18 15:11:02',30158,NULL,NULL,NULL,NULL,NULL,0),(771,'REGIMEN SIRCREB Z',2,'2015-05-14',NULL,300.5,'2015-05-18 15:12:30',30159,NULL,NULL,NULL,NULL,NULL,0),(772,'IMP LEY 25413',2,'2015-05-15',NULL,1.8,'2015-05-18 15:13:18',30160,NULL,NULL,NULL,NULL,NULL,0),(773,'ESCOBILLONES/CABEZAL PRINTER RAUL/VIATICOS MORI',2,'2015-05-18',NULL,1709,'2015-05-19 09:01:40',17377,NULL,NULL,NULL,NULL,NULL,0),(774,'TELEFONICA',2,'2015-05-18',NULL,1145,'2015-05-18 15:16:22',15338,NULL,NULL,NULL,NULL,NULL,0),(775,'AFIP',2,'2015-05-18',NULL,30746.3,'2015-05-18 15:17:54',68902,NULL,NULL,NULL,NULL,NULL,0),(776,'famiq',2,'2015-06-22',NULL,3714.33,'2015-06-22 09:26:57',78528340,NULL,NULL,NULL,NULL,NULL,0),(777,'IMP LEY 25413',2,'2015-05-18',NULL,224.21,'2015-05-19 10:07:20',30165,NULL,NULL,NULL,NULL,NULL,0),(778,'',1,'2015-05-19',107392,NULL,'2015-05-19 20:54:40',69,NULL,67,NULL,NULL,NULL,NULL),(779,'GARCIA',2,'2015-06-30',NULL,14576.5,'2015-07-01 15:43:18',78528342,NULL,NULL,NULL,NULL,NULL,0),(780,'COMISARIO GUARAGLIA',2,'2015-06-30',NULL,5000,'2015-05-20 16:53:06',78528341,NULL,NULL,NULL,NULL,NULL,0),(781,'imp ley 25413',2,'2015-05-19',NULL,373.12,'2015-05-21 11:03:07',30170,NULL,NULL,NULL,NULL,NULL,0),(782,'imp ley 25413',2,'2015-05-19',NULL,95.83,'2015-05-21 11:03:38',30171,NULL,NULL,NULL,NULL,NULL,0),(783,'regimen  sircreb z',2,'2015-05-19',NULL,3109.31,'2015-05-21 11:13:40',30172,NULL,NULL,NULL,NULL,NULL,0),(784,'comisión diego',2,'2015-05-20',NULL,9467.76,'2015-05-21 11:06:33',11422934,NULL,NULL,NULL,NULL,NULL,0),(785,'raul baul',2,'2015-05-20',NULL,2000,'2015-05-21 11:07:05',11422951,NULL,NULL,NULL,NULL,NULL,0),(786,'comisión manuel',2,'2015-05-20',NULL,1922.87,'2015-05-21 11:08:18',33139,NULL,NULL,NULL,NULL,NULL,0),(787,'solmec',2,'2015-05-20',NULL,3872,'2015-05-21 11:08:47',33140,NULL,NULL,NULL,NULL,NULL,0),(788,'staples',2,'2015-05-20',NULL,1176.25,'2015-05-21 11:09:18',33142,NULL,NULL,NULL,NULL,NULL,0),(789,'comisión mori',2,'2015-05-20',NULL,9467.76,'2015-05-21 11:10:49',33143,NULL,NULL,NULL,NULL,NULL,0),(790,'adelanto veron',2,'2015-05-20',NULL,1500,'2015-05-21 11:11:24',17072625,NULL,NULL,NULL,NULL,NULL,0),(791,'imp ley 25413',2,'2015-05-20',NULL,195.11,'2015-05-21 11:12:09',30180,NULL,NULL,NULL,NULL,NULL,0),(792,'imp ley 25413',2,'2015-05-20',NULL,644.35,'2015-05-21 11:12:56',30181,NULL,NULL,NULL,NULL,NULL,0),(793,'leveal',1,'2015-05-19',30959.3,NULL,'2015-05-21 11:15:26',72,NULL,63,NULL,NULL,NULL,0),(794,'fundicion español',2,'2015-06-22',NULL,6379.73,'2015-06-22 09:26:36',78528343,NULL,NULL,NULL,NULL,NULL,0),(795,'fundición español',2,'2015-06-22',NULL,8943.11,'2015-05-22 09:28:52',78528344,NULL,NULL,NULL,NULL,NULL,0),(796,'PMS',2,'2015-06-24',NULL,1548.8,'2015-07-01 17:44:01',78528345,NULL,NULL,NULL,NULL,NULL,0),(797,'imp ley 25413',2,'2015-05-21',NULL,69,'2015-05-27 09:15:22',30183,NULL,NULL,NULL,NULL,NULL,0),(798,'impr ley 25413',2,'2015-05-22',NULL,71.58,'2015-05-27 09:15:56',30185,NULL,NULL,NULL,NULL,NULL,0),(799,'telmex',2,'2015-05-26',NULL,59.68,'2015-05-27 09:17:58',32133,NULL,NULL,NULL,NULL,NULL,0),(800,'imp ley 25413',2,'2015-05-26',NULL,0.36,'2015-05-27 09:17:23',30187,NULL,NULL,NULL,NULL,NULL,0),(803,'imp ley 25413',2,'2015-05-27',NULL,45.09,'2015-06-01 10:01:22',30189,NULL,NULL,NULL,NULL,NULL,0),(804,'comisión por servicio de cuenta',2,'2015-05-27',NULL,420,'2015-06-01 10:02:55',30190,NULL,NULL,NULL,NULL,NULL,0),(805,'percepcion de ingresos brutos',2,'2015-05-28',NULL,25.2,'2015-06-01 10:03:37',30191,NULL,NULL,NULL,NULL,NULL,0),(806,'iva tasa gral',2,'2015-05-28',NULL,88.2,'2015-06-01 10:16:24',30192,NULL,NULL,NULL,NULL,NULL,0),(807,'comisión movimientos mensuales',2,'2015-05-28',NULL,96,'2015-06-01 10:17:06',30193,NULL,NULL,NULL,NULL,NULL,0),(808,'iva tasa gral',2,'2015-05-28',NULL,20.16,'2015-06-01 10:17:56',30194,NULL,NULL,NULL,NULL,NULL,0),(809,'imp ley 25413',2,'2015-05-28',NULL,3.9,'2015-06-01 10:18:28',30195,NULL,NULL,NULL,NULL,NULL,0),(810,'aysa',2,'2015-05-29',NULL,345.94,'2015-06-01 10:19:21',39180,NULL,NULL,NULL,NULL,NULL,0),(811,'imp ley 25413',2,'2015-05-28',NULL,2.08,'2015-06-01 10:19:49',30197,NULL,NULL,NULL,NULL,NULL,0),(812,'COMISION CHEQUERAS',2,'2015-06-01',NULL,80,'2015-06-02 11:31:47',30201,NULL,NULL,NULL,NULL,NULL,0),(813,'IVA TASA GRAL',2,'2015-06-01',NULL,16.8,'2015-06-02 11:32:14',30202,NULL,NULL,NULL,NULL,NULL,0),(814,'COMISION CHEQUERA',2,'2015-06-01',NULL,80,'2015-06-02 11:32:42',30203,NULL,NULL,NULL,NULL,NULL,0),(815,'IVA TASA GRAL',2,'2015-06-01',NULL,16.8,'2015-06-02 11:33:18',30204,NULL,NULL,NULL,NULL,NULL,0),(816,'CERTIFICACION DE FIRMAS',2,'2015-06-01',NULL,140,'2015-06-02 11:33:55',1,NULL,NULL,NULL,NULL,NULL,0),(817,'INGRESOS BRUTOS CABA',2,'2015-06-01',NULL,8.4,'2015-06-02 11:34:25',1,NULL,NULL,NULL,NULL,NULL,0),(818,'IVA TASA GRAL',2,'2015-06-01',NULL,29.4,'2015-06-02 11:34:55',1,NULL,NULL,NULL,NULL,NULL,0),(820,'CAJA CHICA',2,'2015-06-01',NULL,4000,'2015-06-02 11:36:05',78528349,NULL,NULL,NULL,NULL,NULL,0),(821,'IMP LEY 25413',2,'2015-06-01',NULL,42.14,'2015-06-02 11:36:54',30209,NULL,NULL,NULL,NULL,NULL,0),(822,'BOMECA',2,'2015-07-02',NULL,10444.4,'2015-06-02 11:52:02',78528350,NULL,NULL,NULL,NULL,NULL,0),(823,'famiq',2,'2015-07-03',NULL,1713.57,'2015-06-03 09:01:14',78528351,NULL,NULL,NULL,NULL,NULL,0),(824,'bertoto',1,'2015-06-04',31254.3,NULL,'2015-06-04 11:17:24',78,NULL,70,NULL,NULL,NULL,0),(825,'',1,'2015-06-04',6400,NULL,'2015-06-04 09:17:44',74,NULL,65,NULL,NULL,NULL,NULL),(826,'Pastorino',1,'2015-06-11',59750,NULL,'2015-06-16 16:01:36',70,NULL,66,NULL,NULL,NULL,1),(827,'',1,'2015-06-03',1727.44,NULL,'2015-06-04 09:18:11',70,NULL,71,NULL,NULL,NULL,NULL),(828,'sueldo veron',2,'2015-06-02',NULL,13538.1,'2015-06-04 11:07:13',3213311,NULL,NULL,NULL,NULL,NULL,0),(829,'imp ley 25413',2,'2015-06-02',NULL,526.31,'2015-06-04 09:54:10',30218,NULL,NULL,NULL,NULL,NULL,0),(830,'comision cheque procesamiento',2,'2015-06-03',NULL,411.35,'2015-06-04 09:55:13',30220,NULL,NULL,NULL,NULL,NULL,0),(831,'ingresos brutos',2,'2015-06-03',NULL,24.68,'2015-06-04 09:55:48',30221,NULL,NULL,NULL,NULL,NULL,0),(832,'iva tasa gral',2,'2015-06-03',NULL,86.38,'2015-06-04 09:57:24',30222,NULL,NULL,NULL,NULL,NULL,0),(833,'imp ley 25413',2,'2015-06-03',NULL,3.14,'2015-06-04 09:58:03',30224,NULL,NULL,NULL,NULL,NULL,0),(834,'imp ley 25413',2,'2015-06-03',NULL,407.26,'2015-06-04 09:59:11',30225,NULL,NULL,NULL,NULL,NULL,0),(835,'rulemanes dalman',2,'2015-06-04',NULL,1536.7,'2015-06-04 10:05:05',78528339,NULL,NULL,NULL,NULL,NULL,0),(836,'vittal',2,'2015-06-04',NULL,136.45,'2015-06-04 10:09:05',61406,NULL,NULL,NULL,NULL,NULL,0),(837,'regimen sircreb z',2,'2015-06-03',NULL,3393.87,'2015-06-04 10:09:39',30230,NULL,NULL,NULL,NULL,NULL,0),(838,'caneda',2,'2015-06-11',NULL,1318.84,'2015-06-11 08:51:43',78528352,NULL,NULL,NULL,NULL,NULL,0),(839,'JL Metales',2,'2015-06-11',NULL,732.05,'2015-06-11 08:53:06',78528353,NULL,NULL,NULL,NULL,NULL,0),(840,'',1,'2015-06-09',30000,NULL,'2015-06-10 09:15:16',79,NULL,73,NULL,NULL,NULL,NULL),(841,'',1,'2015-06-09',1522,NULL,'2015-06-10 09:15:24',77,NULL,77,NULL,NULL,NULL,NULL),(842,'imp ley 25413',2,'2015-06-04',NULL,50.47,'2015-06-10 09:17:29',30231,NULL,NULL,NULL,NULL,NULL,0),(843,'imp ley 25413',2,'2015-06-04',NULL,187.53,'2015-06-10 09:18:12',30232,NULL,NULL,NULL,NULL,NULL,0),(844,'metrogas',2,'2015-06-05',NULL,66.2,'2015-06-10 09:21:36',62289,NULL,NULL,NULL,NULL,NULL,0),(845,'direccion gral d',2,'2015-06-05',NULL,594.71,'2015-06-10 09:22:28',95246,NULL,NULL,NULL,NULL,NULL,0),(846,'imp ley 25413',2,'2015-06-05',NULL,80.97,'2015-06-10 09:23:04',30237,NULL,NULL,NULL,NULL,NULL,0),(847,'imp ley 25413',2,'2015-06-08',NULL,27,'2015-06-10 09:23:33',30239,NULL,NULL,NULL,NULL,NULL,0),(848,'comisión procesamiento cheque',2,'2015-06-09',NULL,90,'2015-06-10 09:25:42',30243,NULL,NULL,NULL,NULL,NULL,0),(849,'iva tasa gral',2,'2015-06-09',NULL,18.9,'2015-06-10 09:26:25',30244,NULL,NULL,NULL,NULL,NULL,0),(850,'imp ley 25413',2,'2015-06-09',NULL,189.13,'2015-06-10 09:27:09',30245,NULL,NULL,NULL,NULL,NULL,0),(851,'imp ley 25413',2,'2015-06-09',NULL,33.32,'2015-06-10 09:27:38',30246,NULL,NULL,NULL,NULL,NULL,0),(852,'fischetti',2,'2015-06-10',NULL,522.17,'2015-06-10 09:30:38',78528331,NULL,NULL,NULL,NULL,NULL,0),(853,'regimen sircreb z',2,'2015-06-09',NULL,1576.1,'2015-06-10 09:31:09',30249,NULL,NULL,NULL,NULL,NULL,0),(854,'Thermal',2,'2015-06-29',NULL,2628.99,'2015-07-01 15:41:10',78528347,NULL,NULL,NULL,NULL,NULL,0),(855,'lit aluminios',2,'2015-06-28',NULL,6951.92,'2015-06-10 09:33:54',78528348,NULL,NULL,NULL,NULL,NULL,0),(858,'Garcia',2,'2015-07-06',NULL,13409.5,'2015-06-10 09:36:30',78528354,NULL,NULL,NULL,NULL,NULL,0),(859,'Garcia',2,'2015-07-15',NULL,13409.5,'2015-06-10 09:37:01',78528355,NULL,NULL,NULL,NULL,NULL,0),(860,'Garcia',2,'2015-07-20',NULL,13409.5,'2015-06-18 11:26:07',78528356,NULL,NULL,NULL,NULL,NULL,0),(861,'PMS',2,'2015-06-25',NULL,680,'2015-07-01 15:27:07',78528357,NULL,NULL,NULL,NULL,NULL,0),(862,'contrapunta',2,'2015-06-23',NULL,3778.54,'2015-06-23 09:45:25',78528358,NULL,NULL,NULL,NULL,NULL,0),(863,'granalladora',2,'2015-06-09',NULL,411.4,'2015-06-10 09:39:13',78528359,NULL,NULL,NULL,NULL,NULL,0),(865,'COMISION  DDR',2,'2015-06-11',NULL,11130,'2015-06-16 16:16:11',0,NULL,NULL,NULL,NULL,NULL,0),(866,'COMISION TOPA',2,'2015-06-11',NULL,1854.99,'2015-06-11 12:06:01',0,NULL,NULL,NULL,NULL,NULL,0),(867,'COMISION MORI',2,'2015-06-11',NULL,11130,'2015-06-16 16:16:34',0,NULL,NULL,NULL,NULL,NULL,1),(868,'impresora 3d',2,'2015-06-10',NULL,1190,'2015-06-11 17:08:50',36885,NULL,NULL,NULL,NULL,NULL,0),(869,'sueldo Mori',2,'2015-06-10',NULL,2500,'2015-06-11 17:09:20',36907,NULL,NULL,NULL,NULL,NULL,0),(870,'Martinez Sosa',2,'2015-06-10',NULL,954,'2015-06-11 17:09:48',36906,NULL,NULL,NULL,NULL,NULL,0),(871,'sueldo Diego',2,'2015-06-10',NULL,2500,'2015-06-11 17:10:14',3113311,NULL,NULL,NULL,NULL,NULL,0),(872,'imp ley 25413',2,'2015-06-10',NULL,155.01,'2015-06-11 17:10:49',30225,NULL,NULL,NULL,NULL,NULL,0),(873,'Caja Chica',2,'2015-06-10',NULL,4000,'2015-06-11 17:11:41',78528361,NULL,NULL,NULL,NULL,NULL,0),(874,'antena',1,'2015-06-11',76549.5,NULL,'2015-06-16 16:14:52',73,NULL,78,NULL,NULL,NULL,0),(875,'TIENDA LA ROSA',2,'2015-06-12',NULL,1800,'2015-06-12 15:44:41',0,NULL,NULL,NULL,NULL,NULL,0),(876,'Abogado Estudio',2,'2015-06-15',NULL,2400,'2015-06-15 15:25:50',0,NULL,NULL,NULL,NULL,NULL,0),(877,'Honorarios  Estudio Mariela',2,'2015-06-15',NULL,6050,'2015-06-15 15:26:15',0,NULL,NULL,NULL,NULL,NULL,0),(878,'comisión envió info',2,'2015-06-11',NULL,344,'2015-06-15 16:48:13',30263,NULL,NULL,NULL,NULL,NULL,0),(879,'imp ley 25413',2,'2015-06-11',NULL,175.49,'2015-06-15 16:48:52',30264,NULL,NULL,NULL,NULL,NULL,0),(880,'imp ley 25413',2,'2015-06-11',NULL,459.3,'2015-06-15 16:50:05',30265,NULL,NULL,NULL,NULL,NULL,0),(881,'regimen sirvreb z',2,'2015-06-11',NULL,3827.48,'2015-06-15 16:51:14',30266,NULL,NULL,NULL,NULL,NULL,0),(882,'deposito',1,'2015-06-11',40,NULL,'2015-06-15 16:51:51',30267,NULL,NULL,NULL,NULL,NULL,0),(883,'imp ley 25413',2,'2015-06-12',NULL,0.24,'2015-06-15 17:00:37',30270,NULL,NULL,NULL,NULL,NULL,0),(884,'imp ley 25413',2,'2015-06-12',NULL,53.57,'2015-06-15 17:01:50',30271,NULL,NULL,NULL,NULL,NULL,0),(885,'',1,'2015-05-08',12285.8,NULL,'2015-06-15 17:03:37',68,NULL,68,NULL,NULL,NULL,NULL),(886,'SUSS',2,'2015-06-16',NULL,31422.1,'2015-06-16 16:18:26',0,NULL,NULL,NULL,23,6,1),(887,'SUSS',2,'2015-07-16',NULL,31422.1,'2015-06-16 16:18:26',0,NULL,NULL,NULL,23,5,1),(888,'SUSS',2,'2015-08-16',NULL,31422.1,'2015-06-16 16:18:26',0,NULL,NULL,NULL,23,4,1),(889,'SUSS',2,'2015-09-16',NULL,31422.1,'2015-06-16 16:18:26',0,NULL,NULL,NULL,23,3,1),(890,'SUSS',2,'2015-10-16',NULL,31422.1,'2015-06-16 16:18:26',0,NULL,NULL,NULL,23,2,1),(891,'SUSS',2,'2015-11-16',NULL,31422.1,'2015-06-16 16:18:26',0,NULL,NULL,NULL,23,1,1),(892,'sueldo Veron',2,'2015-07-03',NULL,18386.4,'2015-06-30 16:02:01',0,NULL,NULL,NULL,NULL,NULL,0),(893,'HONORARIOS MORI',2,'2015-07-02',NULL,24750,'2015-07-02 15:35:07',0,NULL,NULL,NULL,NULL,NULL,1),(894,'regimen sircerb z',2,'2015-06-12',NULL,2,'2015-06-19 09:43:17',30274,NULL,NULL,NULL,NULL,NULL,0),(895,'multicadenas',2,'2015-06-15',NULL,1240.25,'2015-06-19 09:45:47',78528362,NULL,NULL,NULL,NULL,NULL,0),(896,'imp ley 25413',2,'2015-06-15',NULL,73.71,'2015-06-19 09:46:24',30279,NULL,NULL,NULL,NULL,NULL,0),(897,'imp ley 25413',2,'2015-06-15',NULL,70.7,'2015-06-19 09:46:54',30280,NULL,NULL,NULL,NULL,NULL,0),(898,'regimen sircreb z',2,'2015-06-15',NULL,614.29,'2015-06-19 09:47:58',30283,NULL,NULL,NULL,NULL,NULL,0),(899,'imp ley 25413',2,'2015-06-16',NULL,297.68,'2015-06-19 09:49:05',30285,NULL,NULL,NULL,NULL,NULL,0),(900,'caja chica',2,'2015-06-17',NULL,4000,'2015-06-19 09:49:55',78528368,NULL,NULL,NULL,NULL,NULL,0),(901,'imp ley 25413',2,'2015-06-17',NULL,29.29,'2015-06-19 09:50:38',30288,NULL,NULL,NULL,NULL,NULL,0),(902,'comision cheque',2,'2015-06-18',NULL,87,'2015-06-19 09:51:12',30293,NULL,NULL,NULL,NULL,NULL,0),(903,'iva tasa gral',2,'2015-06-18',NULL,18.27,'2015-06-19 09:51:51',30294,NULL,NULL,NULL,NULL,NULL,0),(904,'comision cheque',2,'2015-06-18',NULL,19.25,'2015-06-19 09:52:27',30295,NULL,NULL,NULL,NULL,NULL,0),(905,'iva tasa gral',2,'2015-06-18',NULL,4.04,'2015-06-19 09:52:53',30296,NULL,NULL,NULL,NULL,NULL,0),(906,'imp ley 25413',2,'2015-06-18',NULL,194.45,'2015-06-19 09:54:09',30297,NULL,NULL,NULL,NULL,NULL,0),(907,'imp ley 25413',2,'2015-06-18',NULL,116.21,'2015-06-19 09:54:46',30298,NULL,NULL,NULL,NULL,NULL,0),(908,'regimen sircreb z',2,'2015-06-19',NULL,1620.4,'2015-06-19 09:55:21',30300,NULL,NULL,NULL,NULL,NULL,0),(909,'dist rio',1,'2015-06-18',3408,NULL,'2015-06-19 09:56:41',74,NULL,76,NULL,NULL,NULL,0),(910,'',1,'2015-06-18',29000,NULL,'2015-06-19 09:56:11',74,NULL,74,NULL,NULL,NULL,NULL),(911,'telmex',2,'2015-06-22',NULL,38.66,'2015-06-22 09:27:34',49424,NULL,NULL,NULL,NULL,NULL,0),(912,'emetec',2,'2015-06-24',NULL,3760,'2015-06-24 15:12:41',78528372,NULL,NULL,NULL,NULL,NULL,0),(913,'maderera',2,'2015-07-01',NULL,2597.87,'2015-06-22 11:31:25',78528373,NULL,NULL,NULL,NULL,NULL,0),(914,'OBRA SOCIAL JUNIO 2014',2,'2015-06-23',NULL,7793.1,'2015-06-23 13:59:07',0,NULL,NULL,NULL,NULL,NULL,0),(915,'viaticos Cargil Vitco Arauco Bunge',2,'2015-06-24',NULL,3000,'2015-06-23 18:59:23',0,NULL,NULL,NULL,NULL,NULL,0),(916,'AMEX',2,'2015-06-25',NULL,4377.21,'2015-07-01 15:27:39',78528376,NULL,NULL,NULL,NULL,NULL,0),(917,'',1,'2015-06-24',8079.79,NULL,'2015-06-24 14:57:21',83,NULL,83,NULL,NULL,NULL,NULL),(918,'',1,'2015-06-26',29000,NULL,'2015-06-26 12:45:06',74,NULL,75,NULL,NULL,NULL,NULL),(919,'SUELDO JUAN MANUEL JERNANDEZ',2,'2015-07-02',NULL,11819.2,'2015-07-02 15:37:27',0,NULL,NULL,NULL,NULL,NULL,1),(920,'ELTA rado del bombero',2,'2015-07-16',NULL,1475,'2015-07-02 15:49:27',78528383,NULL,NULL,NULL,NULL,NULL,0),(921,'comision cheque',2,'2015-06-25',NULL,87,'2015-07-01 15:34:02',30321,NULL,NULL,NULL,NULL,NULL,0),(922,'iva tasa gral',2,'2015-06-25',NULL,18.27,'2015-07-01 15:34:27',30322,NULL,NULL,NULL,NULL,NULL,0),(923,'caja chica',2,'2015-07-25',NULL,3000,'2015-07-01 15:31:31',78528377,NULL,NULL,NULL,NULL,NULL,0),(924,'imp ley 25413',2,'2015-06-25',NULL,174,'2015-07-01 15:32:14',30324,NULL,NULL,NULL,NULL,NULL,0),(925,'imp  ley 25413',2,'2015-06-25',NULL,48.97,'2015-07-01 15:32:53',30325,NULL,NULL,NULL,NULL,NULL,0),(926,'regimen sircreb z',2,'2015-06-25',NULL,1450,'2015-07-01 15:34:47',30326,NULL,NULL,NULL,NULL,NULL,0),(927,'imp ley 25413',2,'2015-06-26',NULL,8.7,'2015-07-01 15:35:28',30327,NULL,NULL,NULL,NULL,NULL,0),(928,'comision cuenta',2,'2015-07-26',NULL,420,'2015-07-01 15:35:55',30328,NULL,NULL,NULL,NULL,NULL,0),(929,'ingresos brutos',2,'2015-06-26',NULL,25.2,'2015-07-01 15:36:30',30329,NULL,NULL,NULL,NULL,NULL,0),(930,'iva tasa gral',2,'2015-06-29',NULL,88.2,'2015-07-01 15:37:27',30330,NULL,NULL,NULL,NULL,NULL,0),(931,'comision mov mensuales',2,'2015-06-29',NULL,200,'2015-07-01 15:38:26',30331,NULL,NULL,NULL,NULL,NULL,0),(932,'iva tasa gral',2,'2015-06-29',NULL,12,'2015-07-01 15:39:03',30332,NULL,NULL,NULL,NULL,NULL,0),(933,'ingresos brutos caba',2,'2015-06-29',NULL,42,'2015-07-01 15:39:33',30333,NULL,NULL,NULL,NULL,NULL,0),(934,'control e informe bcra',2,'2015-06-29',NULL,345.87,'2015-07-01 15:40:17',30334,NULL,NULL,NULL,NULL,NULL,0),(935,'imp ley 25413',2,'2015-06-29',NULL,22.57,'2015-07-01 15:41:40',30336,NULL,NULL,NULL,NULL,NULL,0),(936,'molinos',1,'2015-06-30',8663.04,NULL,'2015-07-01 15:47:36',75,NULL,69,NULL,NULL,NULL,0),(937,'IdeaFabril',2,'2015-06-19',NULL,7356.8,'2015-07-01 18:15:04',78528363,NULL,NULL,NULL,NULL,NULL,0),(938,'ADELANTO JUAN MANUEL FERNANDEZ',2,'2015-07-01',NULL,2000,'2015-07-02 15:37:58',0,NULL,NULL,NULL,NULL,NULL,1),(939,'bulonera atlas',2,'2015-07-02',NULL,1555.91,'2015-07-02 16:05:26',78528364,NULL,NULL,NULL,NULL,NULL,0),(940,'small castings',2,'2015-07-07',NULL,7547.1,'2015-07-02 16:07:35',78528366,NULL,NULL,NULL,NULL,NULL,0),(941,'small casting',2,'2015-07-17',NULL,7547.1,'2015-07-02 16:08:07',78528367,NULL,NULL,NULL,NULL,NULL,0),(943,'PMS',2,'2015-07-03',NULL,822.8,'2015-07-02 16:10:24',78528369,NULL,NULL,NULL,NULL,NULL,0),(944,'GARCIA',2,'2015-07-14',NULL,4557.46,'2015-07-02 16:13:11',78528370,NULL,NULL,NULL,NULL,NULL,0),(945,'GARCIA',2,'2015-07-31',NULL,9520.03,'2015-07-02 16:14:48',78528371,NULL,NULL,NULL,NULL,NULL,0),(946,'THERMAL',2,'2015-07-21',NULL,2752.69,'2015-07-02 16:15:40',78528374,NULL,NULL,NULL,NULL,NULL,0),(947,'TIENDA LA ROSA',2,'2015-07-23',NULL,5705.03,'2015-07-02 16:16:44',78528375,NULL,NULL,NULL,NULL,NULL,0),(948,'ACERO SUD',2,'2015-07-29',NULL,13071.6,'2015-07-02 16:17:24',78528378,NULL,NULL,NULL,NULL,NULL,0),(949,'GALENO',2,'2015-07-05',NULL,19988.1,'2015-07-02 16:18:08',78528379,NULL,NULL,NULL,NULL,NULL,0),(950,'GALENO',2,'2015-08-05',NULL,19988.1,'2015-07-02 16:19:05',78528380,NULL,NULL,NULL,NULL,NULL,0),(951,'GALENO',2,'2015-09-05',NULL,19988.1,'2015-07-02 16:19:35',78528381,NULL,NULL,NULL,NULL,NULL,0),(952,'GALENO',2,'2015-10-05',NULL,19988.1,'2015-07-02 16:20:35',78528382,NULL,NULL,NULL,NULL,NULL,0);

/*Table structure for table `movimientosaldomes` */

DROP TABLE IF EXISTS `movimientosaldomes`;

CREATE TABLE `movimientosaldomes` (
  `mes` int(11) NOT NULL,
  `anio` int(11) NOT NULL,
  `saldo` decimal(10,2) DEFAULT NULL,
  `fechaCarga` datetime DEFAULT NULL,
  PRIMARY KEY (`mes`,`anio`)
) ENGINE=InnoDB DEFAULT CHARSET=utf8;

/*Data for the table `movimientosaldomes` */

insert  into `movimientosaldomes`(`mes`,`anio`,`saldo`,`fechaCarga`) values (1,2015,'141267.53','0000-00-00 00:00:00'),(1,2016,'-6310.88','0000-00-00 00:00:00'),(1,2017,'-954.00','0000-00-00 00:00:00'),(2,2015,'-29637.69','0000-00-00 00:00:00'),(2,2016,'-6310.88','0000-00-00 00:00:00'),(2,2017,'-954.00','0000-00-00 00:00:00'),(3,2015,'-7647.56','0000-00-00 00:00:00'),(3,2016,'-3352.46','0000-00-00 00:00:00'),(3,2017,'-954.00','0000-00-00 00:00:00'),(4,2015,'-11472.69','0000-00-00 00:00:00'),(4,2016,'-3352.46','0000-00-00 00:00:00'),(4,2017,'-954.00','0000-00-00 00:00:00'),(5,2015,'-17455.57','0000-00-00 00:00:00'),(5,2016,'-954.00','0000-00-00 00:00:00'),(5,2017,'-954.00','0000-00-00 00:00:00'),(6,2015,'-100024.39','0000-00-00 00:00:00'),(6,2016,'-954.00','0000-00-00 00:00:00'),(6,2017,'-954.00','0000-00-00 00:00:00'),(7,2015,'-314349.27','0000-00-00 00:00:00'),(7,2016,'-954.00','0000-00-00 00:00:00'),(8,2015,'-119249.86','0000-00-00 00:00:00'),(8,2016,'-954.00','0000-00-00 00:00:00'),(9,2015,'-105249.86','0000-00-00 00:00:00'),(9,2016,'-954.00','0000-00-00 00:00:00'),(10,2015,'-105249.86','0000-00-00 00:00:00'),(10,2016,'-954.00','0000-00-00 00:00:00'),(11,2015,'-85261.72','0000-00-00 00:00:00'),(11,2016,'-954.00','0000-00-00 00:00:00'),(12,2015,'-6310.88','0000-00-00 00:00:00'),(12,2016,'-954.00','0000-00-00 00:00:00');

/*Table structure for table `necesidadpedido` */

DROP TABLE IF EXISTS `necesidadpedido`;

CREATE TABLE `necesidadpedido` (
  `idNecesidadPedido` int(11) NOT NULL AUTO_INCREMENT,
  `idOrdenPedido` int(11) DEFAULT NULL,
  `idProducto` int(11) unsigned DEFAULT NULL,
  `idParte` int(11) unsigned DEFAULT NULL,
  `cantidad` int(11) DEFAULT NULL,
  PRIMARY KEY (`idNecesidadPedido`),
  KEY `FK_necesidadpedido_pedido` (`idOrdenPedido`),
  KEY `FK_necesidadpedido_producto` (`idProducto`),
  KEY `FK_necesidadpedido_parte` (`idParte`),
  CONSTRAINT `FK_necesidadpedido_parte` FOREIGN KEY (`idParte`) REFERENCES `parte` (`idParte`),
  CONSTRAINT `FK_necesidadpedido_pedido` FOREIGN KEY (`idOrdenPedido`) REFERENCES `ordenpedido` (`idOrdenPedido`),
  CONSTRAINT `FK_necesidadpedido_producto` FOREIGN KEY (`idProducto`) REFERENCES `producto` (`idProducto`)
) ENGINE=InnoDB AUTO_INCREMENT=19 DEFAULT CHARSET=latin1;

/*Data for the table `necesidadpedido` */

insert  into `necesidadpedido`(`idNecesidadPedido`,`idOrdenPedido`,`idProducto`,`idParte`,`cantidad`) values (1,1,20,2301,2),(2,1,20,1854,6),(3,1,20,2302,2),(4,1,20,2303,2),(5,1,20,2305,2),(6,1,20,2306,2),(7,1,20,2307,2),(8,1,20,2308,2),(9,1,23,2327,4),(10,1,23,2317,4),(11,1,23,2318,4),(12,1,23,2319,4),(13,1,23,2320,8),(14,1,23,2321,8),(15,1,23,2322,672),(16,1,23,2323,8),(17,1,23,2324,8),(18,1,23,2325,8);

/*Table structure for table `ordenpedido` */

DROP TABLE IF EXISTS `ordenpedido`;

CREATE TABLE `ordenpedido` (
  `idOrdenPedido` int(11) NOT NULL AUTO_INCREMENT,
  `idCliente` int(11) DEFAULT NULL,
  `fechaPedido` date DEFAULT NULL,
  `fechaEntrega` date DEFAULT NULL,
  `idEstadoPedido` int(11) DEFAULT NULL,
  `nroPedido` int(11) DEFAULT NULL,
  `costoTotal` double DEFAULT NULL,
  `precioTotal` double DEFAULT NULL,
  `margenTotal` double DEFAULT NULL,
  PRIMARY KEY (`idOrdenPedido`),
  KEY `FK_ordenpedido_cliente` (`idCliente`),
  KEY `FK_ordenpedido_estadoPedido` (`idEstadoPedido`),
  CONSTRAINT `FK_ordenpedido_cliente` FOREIGN KEY (`idCliente`) REFERENCES `cliente` (`idCliente`),
  CONSTRAINT `FK_ordenpedido_estadoPedido` FOREIGN KEY (`idEstadoPedido`) REFERENCES `ordenpedido_estado` (`idEstadoOrdenPedido`)
) ENGINE=InnoDB AUTO_INCREMENT=2 DEFAULT CHARSET=latin1;

/*Data for the table `ordenpedido` */

insert  into `ordenpedido`(`idOrdenPedido`,`idCliente`,`fechaPedido`,`fechaEntrega`,`idEstadoPedido`,`nroPedido`,`costoTotal`,`precioTotal`,`margenTotal`) values (1,100,'2015-06-01','2015-06-30',1,1,5000,6630,NULL);

/*Table structure for table `ordenpedido_estado` */

DROP TABLE IF EXISTS `ordenpedido_estado`;

CREATE TABLE `ordenpedido_estado` (
  `idEstadoOrdenPedido` int(11) NOT NULL AUTO_INCREMENT,
  `descripcion` varchar(64) DEFAULT NULL,
  PRIMARY KEY (`idEstadoOrdenPedido`)
) ENGINE=InnoDB AUTO_INCREMENT=5 DEFAULT CHARSET=latin1;

/*Data for the table `ordenpedido_estado` */

insert  into `ordenpedido_estado`(`idEstadoOrdenPedido`,`descripcion`) values (1,'Pedido'),(2,'En proceso'),(3,'Terminada'),(4,'Entregado');

/*Table structure for table `ordenpedidodetalle` */

DROP TABLE IF EXISTS `ordenpedidodetalle`;

CREATE TABLE `ordenpedidodetalle` (
  `idOrdenPedidoDetalle` int(11) NOT NULL AUTO_INCREMENT,
  `idOrdenPedido` int(11) NOT NULL,
  `idProducto` int(11) unsigned DEFAULT NULL,
  `cantidad` int(11) DEFAULT NULL,
  `costo` double DEFAULT NULL,
  `precio` double DEFAULT NULL,
  `margen` double DEFAULT NULL,
  `costoUnitario` double DEFAULT NULL,
  PRIMARY KEY (`idOrdenPedidoDetalle`),
  KEY `FK_ordenpedidodetalle_producto` (`idProducto`),
  KEY `FK_ordenpedidodetalle` (`idOrdenPedido`),
  CONSTRAINT `FK_ordenpedidodetalle` FOREIGN KEY (`idOrdenPedido`) REFERENCES `ordenpedido` (`idOrdenPedido`),
  CONSTRAINT `FK_ordenpedidodetalle_producto` FOREIGN KEY (`idProducto`) REFERENCES `producto` (`idProducto`)
) ENGINE=InnoDB AUTO_INCREMENT=3 DEFAULT CHARSET=latin1;

/*Data for the table `ordenpedidodetalle` */

insert  into `ordenpedidodetalle`(`idOrdenPedidoDetalle`,`idOrdenPedido`,`idProducto`,`cantidad`,`costo`,`precio`,`margen`,`costoUnitario`) values (1,1,20,2,1000,1300,30,500),(2,1,23,4,4000,5200,30,1000);

/*Table structure for table `parte` */

DROP TABLE IF EXISTS `parte`;

CREATE TABLE `parte` (
  `idParte` int(10) unsigned NOT NULL AUTO_INCREMENT,
  `descripcion` varchar(128) DEFAULT NULL,
  `codigo` varchar(24) DEFAULT NULL,
  `esParteFinal` tinyint(1) DEFAULT NULL,
  PRIMARY KEY (`idParte`)
) ENGINE=InnoDB AUTO_INCREMENT=2334 DEFAULT CHARSET=latin1;

/*Data for the table `parte` */

insert  into `parte`(`idParte`,`descripcion`,`codigo`,`esParteFinal`) values (1,'BOMBA MANUAL PARA ACEITE','20',0),(2,'VENTEO LIBRE 2\"(SIN VALVULA)','23',0),(3,'VALVUL.SEGURID.CON MANGUERA 3/4\"','66',0),(10,'BOMBA PARA CORRIENTE ALTERNA','452',0),(11,'ARO DE PASO DE HOMBRE EN AL 20\"','475',0),(12,'ARO DE PASO DE HOMBRE EN AL 20\"','475',0),(14,'PISTOLA/GRASA (ALTA PRESION)','740',0),(25,'SENSOR DE SOBRELLENADO ROM','1050',0),(80,'BOMBA COMPLTA PARA ACEITE 5:2','84934',0),(109,'CONEX. GIRAT AL. 2 MOVIM 4\"','365040',0),(115,'LLAVE DE SEGURIDAD PARA PHOENIX+','752008',0),(245,'BOMBA DE 12V CON MEDIDOR 50 LPM','1211BL',0),(248,'LLAVE DE APERTURA DE K801','13-0017',0),(436,'CONEXION BASE FE 3\" ROSCA/ANSI151','3858FO-0302',0),(439,'CONEX. GIRAT ACERO INOX. 4\" VITON','3940-0402',0),(441,'CONEX. GIRAT BASE DE SS. 4\" VITON','3958FO-0402',0),(443,'VALVULA HORIZONTAL 4\"DE AL.NAC.','417K-0402',0),(787,'CONEC.KAMLOK ROSC.HEMBRA AL.1/2\"','633D050AT',0),(830,'CONEC.KAMLOK R.HEMB.POLIP.1-1/2\"','633D150PT',0),(950,'ADAPTADOR/MANGUERA ACERO FUND.1\"','633F100SF',0),(1153,'VALVUL.DE SEGURIDAD RECONECTABLE','66REC',0),(1158,'VALVULA BREAKAWAY DE 1\"','66V-1300',0),(1341,'BOMBA DE 12 V','B12V',0),(1421,'BARRA DE CIERRE PARA 60T 3\"','C3189RAT',0),(1426,'BRAZO DE CARGA DE 4\"','C32RF-001',1),(1428,'BRAZO DE CARGA DE 3\"','C32RF-003',1),(1429,'BRAZO DE CARGA 2\"EN AL Y ACERO','C32RF-0202',1),(1430,'BRAZO DE CARGA 4\" 3 MOVIMIENTOS','C32RF-0400',1),(1431,'BRAZO DE CARGA DE SS DE 4\" DE 3 MOVIMIENTOS','C32RF-SS-0400',1),(1697,'BOMBA 220V DE ALTO CAUDAL','FR7701',0),(1849,'ARAND. PLANA P/TAPA VALV.417K 4\"','H3520MA',0),(1854,'TORNILLO','H3802M',0),(1857,'SUBCONJ.BARRA DE ACCION./1000RC','H3856',0),(1876,'VASTAGO DE ACERO INOXIDABLE/1291','H4457RE',0),(2225,'TORNILLO ALLEN M6 X 30 MM DE INOX.','SOG-TORM630',0),(2257,'VALV. ESFERICA PASO TOTAL ROSCADA NPT DE 1/2\"','V050FPFE-NPT',0),(2298,'CONEXIÓN INTERMEDIA','3640',0),(2300,'VENTEO LIBRE 2\"(SIN VALVULA)','23',NULL),(2301,'VALVULA ROMPE VACIO 1/2\"ALUMINIO','476SA-0150',1),(2302,'CUERPO DE LA VALVULA 476SA050','H6749A',NULL),(2303,'TAPA VALVULA 476SA050','H10389RA',NULL),(2305,'OBTURADOR DE LA VALVULA 476SA050','H10391RA',NULL),(2306,'RESORTE PARA VALVULA 476SA-0151','H6753M',NULL),(2307,'DISCO DE VITON VALVULA 476SA050 FLUORADO','H10390M-F',NULL),(2308,'TUERCA RAPIDA PARA VALV. 476SA','H30046RA',NULL),(2309,'ANILLO VITON/CONEX.GIRAT.2955','H1087M',NULL),(2311,'ÑKLJKLÑJHKÑ','E36DI',0),(2313,'99','99',0),(2314,'fsdfdfasd','888',0),(2316,'99','99',0),(2317,'CODO DOBLE PISTA HEMBRA 4\" HIERRO NODULAR','E36DIT',0),(2318,'CODO PISTA MACHO CON ROSCA HEMBRA 4\" HIERRO NODULAR','D590DIT',0),(2319,'RECTO PISTA MACHO CON BRIDA ANSI 150 4\" HIERRO NODULAR','D597DIT',0),(2320,'O RING DE VITON FLUORADO 4\"','H793MF',0),(2321,'FIELTRO','H6765F',0),(2322,'BOLILLA DE ACERO DE 3/8','H6712M',1),(2323,'TAPON PARA BOLILLERO DE CONEXION GIRATORIA DE DELRIN','H6766A-DR',0),(2324,'ALEMITE PARA BOLILLERO DE CONEXION GIRATORIA','H6713M',0),(2325,'CHAVETA','H6727M',0),(2326,'TAPON PARA BOLILLERO DE CONEXIÓN GIRATORIA DE BRONCE','H6766A-DRB',0),(2327,'CONEXION GIRATORIA BASE DE 4','3858FO-0402',1),(2328,'CODO PISTA HEMBRA CON BRIDA TTMA 4\" ALUMINIO','E237ABT',0),(2329,'CODO PISTA MACHO BRIDA TTMA 4\" ALUMINIO','D1181ABT',0),(2330,'O RING DE VITON FLUORADO 4\"','H793MF',0),(2331,'BOLILLA DE ACERO DE 10 MILIMETROS','H6712M-10MM',0),(2332,'CONEXIÓN GIRATORIA BRIDADA 4','3640FT-0402',1),(2333,'VALVULA HORIZONTAL DE 4\" ALUMINIO','417K-0402',0);

/*Table structure for table `parte_estadoparte` */

DROP TABLE IF EXISTS `parte_estadoparte`;

CREATE TABLE `parte_estadoparte` (
  `idEstadoParte` int(11) NOT NULL AUTO_INCREMENT,
  `descripcion` varchar(64) DEFAULT NULL,
  `duracion` int(11) DEFAULT NULL,
  PRIMARY KEY (`idEstadoParte`)
) ENGINE=InnoDB DEFAULT CHARSET=latin1;

/*Data for the table `parte_estadoparte` */

/*Table structure for table `parte_temp` */

DROP TABLE IF EXISTS `parte_temp`;

CREATE TABLE `parte_temp` (
  `idParteTemp` int(11) NOT NULL AUTO_INCREMENT,
  `descripcionTemp` varchar(128) DEFAULT NULL,
  `codigoTemp` varchar(24) DEFAULT NULL,
  `esParteFinalTemp` tinyint(4) DEFAULT NULL,
  PRIMARY KEY (`idParteTemp`)
) ENGINE=InnoDB AUTO_INCREMENT=2299 DEFAULT CHARSET=latin1;

/*Data for the table `parte_temp` */

insert  into `parte_temp`(`idParteTemp`,`descripcionTemp`,`codigoTemp`,`esParteFinalTemp`) values (1,'BOMBA MANUAL PARA ACEITE','20',0),(2,'VENTEO LIBRE 2\"(SIN VALVULA)','23',0),(3,'VALVUL.SEGURID.CON MANGUERA 3/4\"','66',0),(4,'LLAVE EXTRACTORA DE VALVULA','89',0),(5,'BOMBA MAN.ROT.T.SUCC.TELES.Y ADP','113',0),(6,'TAPA DE PLASTICO REFORZADO 4\"','116',0),(7,'BOMBA DE DIAFRAGMA 12 VOLTS','412',0),(8,'BOMBA/LUBRICANTES RELACION 3:2','424',0),(9,'BOMBA DIAFRAGMA/PICO Y MANGUERA','450',0),(10,'BOMBA PARA CORRIENTE ALTERNA','452',0),(11,'ARO DE PASO DE HOMBRE EN AL 20\"','475',0),(12,'ARO DE PASO DE HOMBRE EN AL 20\"','475',0),(13,'VALVULA PARA VENTEO DE GASES 2\"','523',0),(14,'PISTOLA/GRASA (ALTA PRESION)','740',0),(15,'PISTOLA/ENGRASE (ALTA PRESION)','780',0),(16,'ACOP.RAPIDO HEMB./AIRE REFORZADO','815',0),(17,'MEDIDOR MECANICO PARA ACEITES','873',0),(18,'TAPA PARA ADAPTADOR A.P.I. 4\"','874',0),(19,'PISTOLA/ENGRASE C/MEDIDOR MECAN.','881',0),(20,'PISTOLA C/MEDIDOR MECANICO/ACEIT','899',0),(21,'BOMBA LUBRICANTES RELACION. 50:2','926',0),(22,'PISTOLA CON MEDIDOR ELECTRONICO','967',0),(23,'SENSOR DER REMANENTE ROM','1000',0),(24,'TUBO DE DESCARGA CON MANIJA 1\"','1041',0),(25,'SENSOR DE SOBRELLENADO ROM','1050',0),(26,'SENSOR DE OPTICO DE SOBRELLENADO','1110',0),(27,'ARO DE PASO DE HOMBRE DE SS 20\"','1175',0),(28,'PICO DE CORTE AUTOMATICO 1-1/2\"','1290',0),(29,'REPUESTO DE SENSOR 1111','1300',0),(30,'BOMBA MANUAL PARA ACEITE','1325',0),(31,'REPUESTO DE SENSOR OPTIC.1050ROM','1350',0),(32,'TESTER OPTICO LIBERTY','1391',0),(33,'VISOR DE FLUJO VISIFLO BR.3/4\"','1431',0),(34,'TERMINADOR PARA SENSORES OPTICOS','1910',0),(35,'VALVULA DE VENTEO NEUMATICA 3\"','1986',0),(36,'TUBO DESCARGA CON MANIJA 1-1/2\"','2041',0),(37,'CABLE PARA SENSOR OPTICO (30 M.)','2100',0),(38,'BULON PARA PUESTA A TIERRA','2800',0),(39,'BULON PARA PUESTA A TIERRA','2850',0),(40,'BULON DE PUESTA A TIERRA','2900',0),(41,'MONITOR ROM PARA 6 CISTERNAS','3200',0),(42,'MONITOR ROM PARA 6 CISTERNAS','3202',0),(43,'MONITOR ROM 8 CISTERNAS 12V','3208',0),(44,'CARRETEL CON MANGUERA / ACEITES','3389',0),(45,'CARRETEL CON MANGUERA / GRASA','3391',0),(46,'CARR.DECOR./AGUA/MANG.Y PISTOLA','3392',0),(47,'CARR.DEC./AIRE/MAN.Y PICO/INFLAR','3393',0),(48,'CARR.DEC./AC./MAN.Y PIST./MEDID.','3394',0),(49,'COBERTOR PARA I43183T','3553',0),(50,'TOMACORRIENTE OPTICO','4100',0),(51,'SUCCIONADOR DE ACEITE USADO','4110',0),(52,'PISTON NEUMATICO PARA VAL.VA2122','5042',0),(53,'ACOPLE RAPIDO HEMBRA PARA AIRE','5862',0),(54,'CONECTOR/SENSOR OPTICO LIB.1301','7110',0),(55,'ANILLO DE VITON 5\"PARA VA2112','7266',0),(56,'NIPLE DE 1/4\" X 1/2\"','10198',0),(57,'MANOMETRO DE PRESION DIFERENCIAL','10678',0),(58,'ACOP.RAPIDO MACHO/AIRE REFORZADO','11659',0),(59,'ACOPLE RAPIDO MACHO PARA AIRE','13329',0),(60,'TORNILLOS','50060',0),(61,'SENAL AUDIBLE PARA SITESENTINEL','62005',0),(62,'JUEGO ACOPLES RAPIDOS HIDRAULICO','68887',0),(63,'MANGUERA DE 3\'X 1/4\" PARA AIRE','72036',0),(64,'MANG./ACEITES (MEDIA PRESION) 5\'','73060',0),(65,'MANG./GRASA (ALTA PRES.) 7\'X1/4\"','75084',0),(66,'CODO DE 1/4\" PARA LUBRICANTES','80202',0),(67,'MEDIDOR DE PRESION DE AIRE','80423',0),(68,'CONEX.GIR.1/2\" 27TAPER X 1/4\"NPT','81387',0),(69,'COBERTOR PARA TAMBORES DE GRASA','81523',0),(70,'BOMBA PARA ACEITE 50:2','82054',0),(71,'CARRETEL','82206',0),(72,'CARRETEL BASICO PARA AGUA O AIRE','83408',0),(73,'CARRETEL ECONOMICO/AIRE Y AGUA','83409',0),(74,'CARRETEL PARA SERVICIO PESADO','84275',0),(75,'CARRO PARA TAMBORES DE 200 LITR.','84377',0),(76,'CARRETEL','84691',0),(77,'BANDEJA RECOLECTORA DE ACEITE','84700',0),(78,'BOMBA DE ALTO CAUDAL/LUBRICANTES','84829',0),(79,'BOMBA NEUMATICA DE DIAFRAGMA','84842',0),(80,'BOMBA COMPLTA PARA ACEITE 5:2','84934',0),(81,'KIT COBERTOR DE BOMBA','84935',0),(82,'CARR./GRASA DE CAJA/MAN.Y PIST.','85052',0),(83,'CAR./AC.C/MAN.Y PIST.C/PRED.3867','85058',0),(84,'CARRETEL ECONOMICO PARA ACEITE','85348',0),(85,'FRENO DE MANGUERA','85516',0),(86,'FRENO DE MANGUERA','85517',0),(87,'PLACA DE COMUNICACION PV251','200227',0),(88,'CABLE DE CONEXION PARA RS233','201311',0),(89,'CABLE PARA MODEM','201313',0),(90,'CABLE PARA MODEM','201449',0),(91,'CABLE PARA MODEM(INCL.EN 207052)','201456',0),(92,'CABLE PARA PC','201478',0),(93,'CERRADURA CON LLAVE','204007',0),(94,'LLAVE ELECTRONICA (CHIPKEY)','204120',0),(95,'PEDESTAL PARA K801','204137',0),(96,'MODEM INTERNO 212A','204301',0),(97,'BOTON CON LUZ PARA SITESENTINEL','205028',0),(98,'IMPRESORA EXTERNA PARA K801','207048',0),(99,'IMPRESORA EXTERNA','207050',0),(100,'MODEM EXTERNO CON CABLE','207052',0),(101,'CAJA PARA CONEXIONES','208035',0),(102,'CONTROLADOR/SITESENTINEL MOD.III','208044',0),(103,'BOMBA PARA ACEITE 3:2','282133',0),(104,'COLLAR DE 4\"','300221',0),(105,'TAPA DE 4\"','302001',0),(106,'EQ. DETEC. FUGAS PETROSENTRY','303000',0),(107,'SENSOR DE DEPOSITO','303205',0),(108,'SENSOR INTERSTICIAL','303206',0),(109,'CONEX. GIRAT AL. 2 MOVIM 4\"','365040',0),(110,'FLOTADOR/INDIC.NIVEL PRODUCTO 4\"','503075',0),(111,'PUERTA DEL CONTROLADOR SITESENT.','521074',0),(112,'REGULADOR DE PRESION','600004',0),(113,'FILTRO DE AIRE','600103',0),(114,'LUBRICADOR DE AIRE','600203',0),(115,'LLAVE DE SEGURIDAD PARA PHOENIX+','752008',0),(116,'DSN COLOR 20X30 QF CANARY','2240100',0),(117,'DISC DSN COL.20X30 FLAT ICE PINK','2240300',0),(118,'DISC DSN C.20X30 FLAT RASPBERRY','2240710',0),(119,'DSN COLOR 20X30 QF STRAWBERRY','2240900',0),(120,'DSN COLOR 20X30 QF ORANGE','2241400',0),(121,'DSN COLOR 20X30 QF PANSY','2241500',0),(122,'DSN COLOR 20X30 QF APPLE GREEN','2241600',0),(123,'DSN COLOR 20X30 QF BRIGHT BLUE','2241700',0),(124,'DSN COLOR 20X30 QF LAVENDER','2242200',0),(125,'DISC DSN COLOR 20X30 QF CYANBLUE','2242900',0),(126,'DSN COLOR 20X30 QF PLUM','2245100',0),(127,'DSN COLOR 20X30 QF PERYWYNKLE','2245300',0),(128,'DSN COLOR 20X30 QF ROYAL BLUE','2245500',0),(129,'DSN COLOR 20X30 QF FRENCH VANILA','2248600',0),(130,'PRINT LAME BAG L VOG LAV./ORCHID','4530620',0),(131,'CRY.1 SIDE 20X30 SF WHITE','5130000',0),(132,'CRY. 1 SIDE 20X30 SF LAVENDER','5132200',0),(133,'CRY.1 SIDE 20X30 SF PURPLE','5132400',0),(134,'CRY.1 SIDE 20X30 SF BLACK','5133400',0),(135,'CRY. 1 SIDE 20X30 SF NAVY BLUE','5135200',0),(136,'SENSOR/HIDROCAR.EN LIQUIDO 183CM','30320706',0),(137,'SENSOR/HIDROCAR.EN LIQUIDO 305CM','30320710',0),(138,'SENSOR/HIDROCAR.EN LIQUIDO 457CM','30320715',0),(139,'ADAPTAD.ROSCA HEMBRA BR.FUN.1/2\"','.633A050BF',0),(140,'TRANSFORMADOR DE 240 VOLTS','07-0036',0),(141,'TECLADO AUTOADHESIVO','09-4007R',0),(142,'COMANDO DIST./BRAZO CARGA 4\"','1000RC-0400',0),(143,'COMANDO ADISTANCIA/B.DE C. 2\"','1000RC200',0),(144,'CONTROL REMOTO DE 3\"','1000RC-300',0),(145,'COLLAR/BALANZA DE TORSION DE 2\"','1000T200',0),(146,'COLLAR PARA BALANZA DE 3\"','1000T300',0),(147,'COLLAR/BALANZA DE TORSION DE 4\"','1000T450T',0),(148,'ABRAZADERA PARA CANO DE 2\"','1000T-6100',0),(149,'VALVULA NEUMATICA DE 3 VIAS','100-1',0),(150,'SELLO DEL EJE PRINCIPAL','100-16',0),(151,'ACOPLADOR API 4\"','1004D2-0402',0),(152,'KIT CONVERS.A 1004D2 JUNT.VITON','1004D2CK-0402',0),(153,'KIT DE SELLOS DE BUNA','1004D2SRK-401',0),(154,'KIT DE SELLOS DE VITON','1004D2SRK-402',0),(155,'KIT DE SELLOS Y JUNTAS DE VITON','1004DSRK-0402',0),(156,'KIT DE SELLOS BUNA/ACOP.1004D','1004DSRK-401',0),(157,'ACOPLADOR API 4\'POR EL FONDO','100400',0),(158,'KIT DE SELLOS DE VITON/ACOPL.API','1004SRK-0402',0),(159,'CONECTOR API','1005E-P176',0),(160,'PALETA DE CARBON','100-6',0),(161,'PERNO GUIA/RESORTE DE LA PALETA','100-60',0),(162,'RESORTE DE LA PALETA','100-7',0),(163,'VALVULA DE RETENCION','100-9A',0),(164,'MEDIA ABRAZADERA HIERRO 2\" C/OREJA FUNDIDA','100T-61001F',0),(165,'MEDIA ABRAZADERA HIERRO 2\" C/OREJA REC.','100T-61001REC',0),(166,'MEDIA ABRAZADERA HIERRO 2\" SIMPLE FUNDIDA','100T-61002F',0),(167,'MEDIA ABRAZADERA HIERRO 2\" SIMPLE REC.','100T-61002REC',0),(168,'CARRETEL 1\" SIN MANGUERA','1010-19-18',0),(169,'ELIMINADOR DE AIRE','101-A',0),(170,'CAJA DE VEREDA CON TAPA 12\"','104A',0),(171,'CAJA DE CARTON PARA 104A','104A-EMB',0),(172,'C.DE VEREDA 12\"/POZO INSPECCION','104AOW',0),(173,'VALVULA CHOQUE 1 1/2\"BAJ PERFIL','10BFCP5726',0),(174,'VAL.EMERG.1-1/2\"BAJO PERF.ROSC.M','10BFP-571L',0),(175,'VALVULA.CHOQUE CONTEN.SECUNDARIA','10RFSCP-5726',0),(176,'REPUESTO/LA VALVULA 10BFP','10RFTP-575L',0),(177,'VALVULA DE SEGURIDAD/DISPENSER','10RM',0),(178,'CAJA DE VEREDA HERMETICA DE 18\"','11018WT',0),(179,'CAJA VEREDA/ACCESO A SUMP RISER','110-36',0),(180,'PROTECTOR PARA SENSOR 1111','1110-PR-RB',0),(181,'VALVULA DE CONTROL','111-B',0),(182,'MEDIDOR MECANICO','111L',0),(183,'Borrar','XXXX',0),(184,'ACC./MED.TANQ.SUBT.MET.ROSC.INGL','114SWM-009L',0),(185,'DRENAJE MANUAL','115-D',0),(186,'MUELLE PARA PICOS 7H,11A Y 11B','11672M',0),(187,'PA 11A CON PROTECTOR AMARILLO','11AA',0),(188,'PA 11A CON PROTECTOR AZUL','11AB',0),(189,'PA 11A CON PROTECTOR GRIS','11AG',0),(190,'PA 11A CON PROTECTOR NEGRO','11AN',0),(191,'PA 11A TUBO FINO Y PROT.AMARILLO','11APA',0),(192,'PA 11A TUBO FINO Y PRTECT.AZUL','11APB',0),(193,'PA11A/TUBO FINO/PROTECTOR GRIS','11APG',0),(194,'PA 11A TUBO FINO Y PROTEC. NEGRO','11APN',0),(195,'PA 11A TUBO FINO Y PROTECT.ROJO','11APR',0),(196,'PA 11A TUBO FINO SIN PROTECTOR','11APSP',0),(197,'PA 11A TUBO FINO Y PROTECT.VERDE','11APV',0),(198,'PA 11A CON PROTECTOR ROJO','11AR',0),(199,'PA 11A SIN PROTECTOR','11ASP',0),(200,'PA 11A CON PROTECTOR VERDE','11AV',0),(201,'PA 11B CON PROTECTOR AMARILLO','11BA',0),(202,'PA 11B CON PROTECTOR AZUL','11BB',0),(203,'PA 11B CON PROTECTOR AZUL OSCURO','11BDB',0),(204,'PA 11B CON PROTECTOR GRIS','11BG',0),(205,'PA 11B CON PROTECTOR NEGRO','11BN',0),(206,'PA 11B TUBO FINO Y PROT.AMARILLO','11BPA',0),(207,'PA 11B TUBO FINO Y PROTEC.AZUL','11BPB',0),(208,'PA 11B TUBO FINO PROTEC.AZUL OSC','11BPDB',0),(209,'PA 11B TUBO FINO Y PROTEC.GRIS','11BPG',0),(210,'PA 11B TUBO FINO Y PROTEC.NEGRO','11BPN',0),(211,'PA 11B TUBO FINO Y PROTEC.ROJO','11BPR',0),(212,'PA 11B TUBO FINO Y PROTEC.VERDE','11BPV',0),(213,'PA 11B CON PROTECTOR ROJO','11BR',0),(214,'PA 11B CON PROTECTOR VERDE','11BV',0),(215,'BOMBA MANUAL/ACEITE,GRASA,ETC.','12',0),(216,'CALIBRADOR DE PRESION','120-0',0),(217,'PALETA DE CARBON','1200-102',0),(218,'SUBCONJUNTO DE SELLOS','1200-10V',0),(219,'SUBCONJUNTO DE SELLOS','1200-11',0),(220,'TAPON DE LA VALVULA DE ALIVIO','1200-11S',0),(221,'JUNTA/TAPA DE LA VALV.DE ALIVIO','1200-12',0),(222,'BRIDA DE SUJECCION Y SUCCION','1200-14',0),(223,'PIEZA DE UNION DE BOMBA/MEDIDOR','1200-15',0),(224,'CUERPO DE LA BOMBA','1200-2',0),(225,'JUNTA DE LA TAPA DEL ROTOR','1200-22',0),(226,'VALVULA DE RETENCION','1200-23',0),(227,'INDUCTOR/IMAN PERMANEN.DEL MOTOR','1200-26A',0),(228,'INDUCIDO DEL MOTOR, 12V','1200-27A',0),(229,'PORTA CARBONES','1200-28',0),(230,'CARBON POSITIVO','1200-29-1',0),(231,'CARBON NEGATIVO','1200-29-2',0),(232,'TAPA POST./MOTOR CON CAJA/CONEX.','1200-3',0),(233,'RULEMAN','1200-30',0),(234,'ASIENTO DEL ANILLO \"O\"','1200-36V',0),(235,'PROTECTOR TERMICO, 12V','1200-41',0),(236,'ACCESORIO/INTERRUPTOR/BOMBA 1201','1200-46',0),(237,'TAPA DEL INTERRUPTOR/ACCESORIOS','1200-4A',0),(238,'PERNO PARA PALANCA','1200-51',0),(239,'KIT DE REPARACION','1200-70',0),(240,'RECIP.CONTENEDOR DE DERRAMES 12\"','73051',0),(241,'RECIP.CONTEN.DERRAMES 12\"EXPORT.','1-2100EX',0),(242,'BALDE CON TAPON CIEGO','1-2100EXTAP',0),(243,'RECIPIENTE CONTENEDOR/DERRAMES','74877',0),(244,'BOMBA/CORRIENTE CONTINUA 12V','1210B',0),(245,'BOMBA DE 12V CON MEDIDOR 50 LPM','1211BL',0),(246,'BOMBA 12 VOLTS CON MEDIDOR 50LPM','1211L',0),(247,'MUESTRA DE PRUEBA','126-A',0),(248,'LLAVE DE APERTURA DE K801','13-0017',0),(249,'VALVULA DE ALIVIO','130-A',0),(250,'KIT SELLOS REP./VISIFLO 3/4\"-1\"','1400RK',0),(251,'PLACA DE CODIGO ASME','150-A',0),(252,'PULSADOR OPTICO','1515-220',0),(253,'CANERIA DE SUCCION','151-98S',0),(254,'PLACA DE CERTIFICADO API','151-A',0),(255,'VALVULA DE RETENCION DE 1 1/2\"','15S',0),(256,'TUBO DE ACERO INOXIDABLE','160-A',0),(257,'ADAPTADOR AL/SELLOS BUNA 1.1/2\"','1611AN150',0),(258,'ADAPTADOR DE AL/SELLOS BUNA 2\"','1611AN200',0),(259,'ADAPTADOR KAMVALOK MACHO DE 3\"','1611AN300',0),(260,'KIT DE SELLOS PARA 1611AN301','1611ANRK',0),(261,'ADAPTADOR/RECOLECCION VAPORES 3\"','1611AV',0),(262,'ADAPTAD.RECOLECCI.VAPORES 3\"X4\"','1611AV4',0),(263,'KIT DE REPARACION 3\"/KAMVALOK','1611RK-0030',0),(264,'VIS./CAUD.DOBL.VENT.Y HELIC.3/4\"','1631-0750',0),(265,'VISOR/CAUD.DOBL.VENT.Y HELICE 1\"','1631-1000',0),(266,'VISOR BR.DOBLE VENTANA 3/4\"','1632-0750',0),(267,'VISOR BR.DOBLE VENTANA 1\"','1632-1000',0),(268,'KIT DE REPARACION/KAMVALOK 3\"','1663ANRK-0030',0),(269,'ADAPTADOR KAMVALOK DE 1 1/2\"','1673AN-SS15',0),(270,'ADAPTADOR KAMVALOK DE 2\"','1673AN-SS20',0),(271,'ADAPTADOR KAMVALOK DE 3\"','1673AN-SS30',0),(272,'PICO DE DESCARGA BC 2250mm','169',0),(273,'ADAPTADOR Y TUBERIA DE 2\"','169-4X2',0),(274,'TUBO/DESC.ROSCADO 3\" 850 MM','169F-3025',0),(275,'TUBO DE DESCARGA, 4\" X 60 CM.','169F-4025',0),(276,'CONECTOR AL/SELLOS BUNA 1.1/2\"','1711D1070',0),(277,'CONECTOR DE AL/SELLOS BUNA 2\"','1711D1075',0),(278,'CONECTOR HEMBRA DE 3\"','1711D1080',0),(279,'KIT DE SELLOS PARA 1711D','1711RK',0),(280,'TAPA/RECOLECCION DE VAPORES 3\"','1711T',0),(281,'TAPA PARA 611T','1711TC',0),(282,'CODO/RECUPERACION DE VAPORES 3\"','1711VL-300',0),(283,'CHAVETA PARA EL PISTON 5043','1718',0),(284,'VALVULA DE RETENCION DE BR.DE 2\"','175B1544',0),(285,'CONECTOR KAMVALOK/ACERO INOX. 3\"','1773D-SS30',0),(286,'CONECTOR KAMVALOK DE 1 1/2\"','1775D-SS15',0),(287,'CONECTOR KAMVALOK DE 2\"','1775D-SS20',0),(288,'CONECTOR KAMVALOK DE 3\"','1775D-SS30',0),(289,'KIT DE REPARACION/KAMV.1 1/2\"','1775RK-0015',0),(290,'KIT DE REPARACION/KAMVALOK 2\"','1775RK-0020',0),(291,'KIT DE REPARACION ACOPLE DE 3\'\'','1775RK-0030',0),(292,'VALVULA DE EMERGENCIA OPW','178S6130',0),(293,'PICO MANUAL DE 1 1/2\"','190-0114',0),(294,'PICO MANUAL DE 2\"/SELLO VITON','190-0115',0),(295,'ANIL.\"O\"TEF./VALV.FONDO BETTS 4\"','19028TS',0),(296,'VALVULA DE VENTEO NEUMATICA 3\"','1985-1201',0),(297,'RECIPIENTE CONTENED.DERRAMES 12\"','1C4000',0),(298,'DIODO PARA EL BULON 2900','1N4004',0),(299,'PROTECTOR DE TECLADO','204124',0),(300,'TECLADO PARA FIT DE K801','20-4136',0),(301,'LLAVE OPCIONAL POR KILOMETRAJE','204141SP',0),(302,'MODULO DE 2 MANGUERAS','20-4144',0),(303,'INTERF./CONEX.SURT.GILBARCOHL112','20-4209',0),(304,'IMPRESORA INTERNA','20-4300',0),(305,'BARRERA ADICIONAL DE 4 CANALES','20-4306',0),(306,'BATERIA PARA CONTROLADOR K801','20-5025',0),(307,'PHOENIX PLUS','206118-05',0),(308,'PHOENIX PLUS FOR WINDOWS','20-6147',0),(309,'MODEM EXTERNO CON CABLE /K801','20-8048',0),(310,'CONTROLADOR/SITE SENTINEL MOD II','20-8305-SC',0),(311,'MODULO INTELIGENTE 230 VOLTS','20-8306-SM',0),(312,'CABLE CONDUCTOR 100\'','2100-2100',0),(313,'KIT DE TRANSF.DEL MONITOR 8021','220110K',0),(314,'DESIGN TISSUE COLOR DUBONNET','22458HH',0),(315,'DSN COLOR 20X30 QF PARADE BLUE','2246C00',0),(316,'DSN COLOR 20X30 QF TEAL','2246D00',0),(317,'CONECTOR/ACERO INOX.SERIE 2001','2275D-SS20',0),(318,'ACCESORIO EN CRUZ 4\"X4\"X3\"X2\"','233VM',0),(319,'INDUCIDO DEL MOTOR 24V','2400-3A',0),(320,'PROTECTOR TERMICO, 24V','2400-6',0),(321,'BOMBA/CORRIENTE CONTINUA 24VOLTS','2411BL',0),(322,'CONEXION GIRATORIA DE 3/4\"','241TPS-0241',0),(323,'CONEXION GIRATORIA DE 1\"','241TPS-1000',0),(324,'CARRETEL ELECTRICO CON PORTATIL','2575-5000',0),(325,'ANILLO \"O\" PARA VALVULA VA2122','2702',0),(326,'CONEX.GIRAT.STYLE 30 1 1/2\"X2\"','2830-VO-1551',0),(327,'ARANDELA PLANA P/ BULON 2900','2900A',0),(328,'BULON COMPRADO P/2900','2900F',0),(329,'ARANDELA GROVER P/ BULON 2900','2900G',0),(330,'HT P/BULON DE PUESTA A TIERRA','2900HT',0),(331,'BULON MECANIZADO P/2900','2900M',0),(332,'RESINA EPOXI P/BULON 2900','2900RE',0),(333,'TUERCA PARA EL BULON 2900','2900T',0),(334,'PICO PARA AVIACION DIAM.1 1/4\"','295SA125',0),(335,'PICO PARA AVIACION DIAM.1-1/2\"','295SA150',0),(336,'PICO MANUAL 295 JET FUEL','295SAJ',0),(337,'KIT DE SELLOS DE 1 1/2\"','295SRK',0),(338,'TAPA PARA PICO 295 FUERZA AEREA','296CA',0),(339,'TAPA GOMA/TUBO DE JET FUEL 296','296CJ',0),(340,'TUBO DE 2\"PARA EL PICO 190-0116','297-9040',0),(341,'TUBO DE DESCARGA DE SS PARA 711S','297E',0),(342,'TUBO/ DESCARGA DE 295 JET FUEL','297SA',0),(343,'KIT (JUNTA-BULON-ARANDELAS-TUERCA) P/BRIDA 4\"','3000K-0400',0),(344,'KIT DE REPARACION PARA SJ DE 3\"','3001K',0),(345,'KIT DE SELLOS BUNA PARA SJ 4\"','3001K-1400',0),(346,'VALVULA DE RETENION','300-20',0),(347,'JUNTA/TAPA/VALVULA DE RETENCION','300-26',0),(348,'JUNTA DE LA TAPA DEL ROTOR','300-27',0),(349,'JUNTA PARA EL CUERPO DE SUCCION','300-28',0),(350,'KIT REPACION SELLO VITON 3\"','3002K-2300',0),(351,'KIT DE REPARACION VITON DE 4\"','3002K-2400',0),(352,'PALANCA/ACCINAMIENTO/INTERRUPTOR','300-39',0),(353,'KIT REPARACIONES/JUNTA TEFLON 4\"','3003K-3200',0),(354,'KIT REPAR.SELLO TEFLON 2 1/2 A3\"','3003K-3300',0),(355,'CUERPO DE LA BOMBA','300-4',0),(356,'COBERTOR DEL PICO','300-40',0),(357,'BUJE DE SUJECCION/SUCCION','300-46',0),(358,'MED.MEC.DE 23/151LPM.ENTRADA 90§','300-58L',0),(359,'KIT/REPERACION/BOMBAS SERIE 301','300-60',0),(360,'PALETA DE CARBON','300-8',0),(361,'UNIDAD DE BOMBEO PARA 314 EL','30082EL',0),(362,'KIT DE FLOTADORES DE 4\" P/DIESEL','301506-DSL',0),(363,'KIT DE FLOTADORES DE 4\"P/DIESEL','30-1506-DSL',0),(364,'KIT DE FLOTADORES DE 4\" P/NAFTAS','301506-GAS',0),(365,'KIT DE FLOTADORES DE 4\" P/NAFTAS','30-1506-GAS',0),(366,'KIT DE FLOTADORES DE 2\" P/DIESEL','301507-DSL',0),(367,'KIT DE FLOTADORES DE 2\" P/NAFTAS','301507-GAS',0),(368,'SENSOR PARA DETECCION DE LIQUIDO','30-3200',0),(369,'SENSOR PARA DETECCION DE VAPORES','30-3201',0),(370,'SENSOR DE SUMIDERO','30-3204',0),(371,'SENSOR SUMP CON SWITCH FLOTADOR','30-3221-1',0),(372,'PERILLA DE PUESTA EN CERO/315','304-85',0),(373,'DISPENSADOR/MEDIDOR,PICO,MANGUER','305RUL',0),(374,'SONDA DE 12\"','30-EA012',0),(375,'SONDA/MEDICION TANQ.SUBTERR.53\"','30S053',0),(376,'SONDA/MEDIC.TANQ.DOBLE PARED 69\"','30S069',0),(377,'SONDA/MEDICION TANQ.SUBTERR.77\"','30S077',0),(378,'SONDA/MEDICION TANQ.SUBTERR.89\"','30S089',0),(379,'SONDA/MEDICION TANQ.SUBTERR.101\"','30S101',0),(380,'SONDA/MEDIC.TANQ.DOBLE PARED105\"','30-S105',0),(381,'SONDA/MEDICION TANQ.SUBTERR.113\"','30S113',0),(382,'SONDA/MEDICION TANQ.SUBTERR.125\"','30S125',0),(383,'SONDA/MEDICION TANQ.SUBTERR.149\"','30S149',0),(384,'BOMBA 220V.P.MANUAL ALTO CAUDAL','311EL',0),(385,'TRANSFORMADOR DE 24V A 12V','3132',0),(386,'SURTIDOR DE ALTO CAUDAL0V,106LPM','314EL',0),(387,'BOMBA MANUAL EN LITROS','31L',0),(388,'MANIJA','326060',0),(389,'VALVULA DE EMRGENCIA 5PSIG','3338ALV',0),(390,'CONEX GIRAT. 4\" ACERO CARBONO VITON','3420F-0402',0),(391,'CONEX.GIRATORIA DE ACERO 2\"BUNA','3440-0201',0),(392,'CONEX.GIRATORIA DE ACERO 2\"VITON','3440-0202',0),(393,'CONEX.GIRAT.DE ACERO 3\" VITON','3440-0302',0),(394,'CONEX. GIRATORIA DE ACERO AL CARBONO 3\"','3440FT-0302',0),(395,'CONEX. GIRATORIA DE ACERO AL CARB. 2\"','3440W-0202',0),(396,'CONEXION GIRATORIA DE ACERO 2\"','3455-0201',0),(397,'CONEX. GIRATORIA DE ACERO AL CARB. 2\"','3455WO-0202',0),(398,'CONEXION GIRATORIA DE ACERO 2\"','3456-0201',0),(399,'CONEXION GIRATORIA DE ACERO 4\"','3456FO40',0),(400,'CONEXION GIRATORIA DE ACERO 4\"','3456FO40',0),(401,'CONEX. GIRATORIA DE ACERO AL CARB. 2\"','3458F3W-0202',0),(402,'CONEXION GIRATORIA DE ACERO 2\"','3458FO-0201',0),(403,'CONEX. GIRAT. BASE DE ACERO AL CARBONO 3\"','3458FO-0302',0),(404,'CONEX.GIRAT.BASE ACERO 4\"BRIDADA','3458FO40',0),(405,'CONEXION GIRATORIA 2\" DE AL.','3620-0201',0),(406,'CONEX. RECTA 4\" BRIDADA SIMPLE DE AL','3620FT-0402',0),(407,'CONEXION GIRATORIA 2\" ALUMINIO','3630-0201',0),(408,'CON.GIR ROSCADA 2\" AL. 90 GRADOS.','3630-0202',0),(409,'DEFLECTOR P/TUBO DESCARGA 3\" ENDURECIDO','363300EN',0),(410,'DEFLECTOR P/TUBO DESCARGA FUND. 3\"','363300F',0),(411,'DEFLECTOR PARA TUBO DESCARGA 3\"','363300T',0),(412,'DEFLECTOR P/TUBO DESCARGA 4\" ENDURECIDO','363400EN',0),(413,'DEFLECTOR P/TUBO DESCARGA FUND.','363400F',0),(414,'DEFLECTOR DE INOX. P/TUBO DESCARGA FUND. 4\"','363400SSF',0),(415,'DEFLECTOR DE INOX. PARA TUBO DESCARGA 4\"','363400SST',0),(416,'DEFLECTOR PARA TUBO DESCARGA 4\"','363400T',0),(417,'C.GIRAT.SELLO VITON 4\"/MANIJA','3635FTH-402',0),(418,'CONEXION GIRATORIA DE AL.DE 2\"','3640-0202',0),(419,'SJ DE AL 4\",ROSCA ROSCA','3640-0402',0),(420,'CONEXION DE AL 3\" ROSCA/ROSCA','3640-302',0),(421,'CONEXION DE AL ROSCA/ANSI150 3\"','3640FO-0302',0),(422,'CON.GIR.BRIDA TTMA AMBOS EXTREM.','3640FT',0),(423,'CON.GIR.BRIDA 2\" AL. TTMA AMBOS EXTREM.','3640FT-0202',0),(424,'CON.GIR.BRIDA 4\" AL. TTMA AMBOS EXTREM.','3640FT-0402',0),(425,'SJ. DE AL ,ROSCA/TTMA','3640FTO-0302',0),(426,'SJ AL 4\"/BRIDA ROSCA/TTMA','3640FTO-402',0),(427,'CONEX.GIRAT.DE AL 4\"CON MANIJA','3644-0402',0),(428,'C.GIRAT.DOBLE CODO ROSCADA AL 4\"','3650-402',0),(429,'JUNTA GIRAT.1 PLANO 3/4\" X 3/4\"','36S5080',0),(430,'CONEXION DE SS ROSCA/ROSCA 1 1/2\" VITON','3720-0152',0),(431,'CONEXION GIR. 2\" DE HIERRO ROSCA/ROSCA','3840-0202',0),(432,'CONEXION GIRATORIA PARA BC 2\"','3858-0202',0),(433,'SJ ACERO DUCTIL 4\" ANSI 150/TTMA','3858FFT-0402',0),(434,'SJ. ACERO DUCTIL 3\" ANS1150/TTMA','3858FFT-302',0),(435,'CONEX. GIR. DE BASE 2\" DE HIERRO ANSI150 / ROSCA','3858FO-0202',0),(436,'CONEXION BASE FE 3\" ROSCA/ANSI151','3858FO-0302',0),(437,'CONEXION.GIRATORIA BRIDADA 4\"','3858FO-0402',0),(438,'CARRETEL DE 1 1/2\"','3900232415FF',0),(439,'CONEX. GIRAT ACERO INOX. 4\" VITON','3940-0402',0),(440,'CONEXION GIRATORIA DE AC. INOX 3\"','3940W-0303',0),(441,'CONEX. GIRAT BASE DE SS. 4\" VITON','3958FO-0402',0),(442,'KIT DE REPARACION','400F6862',0),(443,'VALVULA HORIZONTAL 4\"DE AL.NAC.','417K-0402',0),(444,'HT P/VALVULA HORIZONTAL 4\"DE AL.NAC.','417K-0402HT',0),(445,'VALVULA EN ANGULO 4\"DE AL.NAC.','418K-0402',0),(446,'KIT DE REPARACION P- SERIE 4201','4200KTF8739',0),(447,'CARRETEL DE 1/4\"','4425OLP',0),(448,'CONEX.GIRA.1\"ROSC.NPT 11A/11B/7H','45-100',0),(449,'CONEX.GIRAT.DE 3/4\" 11A/11B/7H','45-5060',0),(450,'VALVULA HORIZONTAL/B. DE C.2\"','4613V',0),(451,'KIT DE CONVERSION DE LA BRIDA 3\"','4620CK-300',0),(452,'DEFLECTOR DE AL 4\"FUNDIDO','463400F',0),(453,'DEFLECTORPARA TUBO DESCARGA 4\"','463400T',0),(454,'DEFLECTOR EN \"T\" 3 \"','464-100',0),(455,'DEFLECTOR EN \"T\" DE 4\"','464-200',0),(456,'DEFLECTOR PARA TUBO DESCARGA 3\"','464300T',0),(457,'DEFLECTOR PARA TUBO DESCARGA 4\"','464400T',0),(458,'JUNTA DE BUNA DE 20\"','4646',0),(459,'DEFLECTOR PARA TUBO DESCARGA 4\"','465400T',0),(460,'VALVULA ROMPE VACIO 1/2\"','476L050',0),(461,'VALVULA ROME VACIO 3/4\"','476L075',0),(462,'VALVULA ROMPE VACIO 1/2\"ALUMINIO','476SA-0150',0),(463,'VALVULA ROMPE VACIO 1/2\"ALUMINIO','476SA-0150',0),(464,'VALVULA ROMPE VACIO DE SS 1\"','489-0060',0),(465,'PITON PARA EL TAPON DE 1/2\" A 1\"','5/32 PITON',0),(466,'PULSADOR ELECTRONICO','500',0),(467,'JUNTA BUNA/VALV.EMERG.MANHOLE','5015',0),(468,'BRIDA ROSCA HEMBRA 2\" AL FUND.','502FH20F',0),(469,'BRIDA ROSCA HEMBRA 2\" AL IMPREGNADA','502FH20IMP',0),(470,'BRIDA ROSCA HEMBRA 2\" AL TEMPLADA','502FH20REC',0),(471,'BRIDA ROSCA HEMBRA 2\" AL','502FH20T',0),(472,'BRIDA ROSCA HEMBRA 3\" AL FUND.','502FH30F',0),(473,'BRIDA ROSCA HEMBRA 3\" AL TEMPLADA','502FH30REC',0),(474,'BRIDA ROSCA HEMBRA 3\" AL','502FH30T',0),(475,'BRIDA ROSCA HEMBRA 3\" DE HIERRO','502FH30T-FE',0),(476,'BRIDA HEMBRA 4\" TTMA P / 633CV6075 FUND','502FH40CVF',0),(477,'BRIDA ROSCA HEMBRA 4\"FUNDIDA','502FH40F',0),(478,'BRIDA ROSCA H 4\" C/ALEAC. COMUN FUND','502FH40F-AC',0),(479,'BRIDA ROSCA HEMBRA 4\" IMPREGNADA.','502FH40IMP',0),(480,'BRIDA ROSCA HEMBRA 4\" TEMPLADA','502FH40REC',0),(481,'BRIDA R. H. REFORZ. 4\"FUNDIDA','502FH40RF',0),(482,'BRIDA R. H. REFORZ. 4\" IMPREGNADA','502FH40R-IMP',0),(483,'BRIDA R. H. REFORZ. 4\" REC.','502FH40R-REC',0),(484,'BRIDA ROSCA HEMBRA 4\" REFORZADA','502FH40RT',0),(485,'BRIDA ROSCA HEMBRA 4\"','502FH40T',0),(486,'BRIDA ROSCA HEMBRA 4\" C/ALEAC. COMUN','502FH40T-AC',0),(487,'BRIDA ROSCA MACHO 2\" AL FUND.','502FM20F',0),(488,'BRIDA ROSCA MACHO 2\" AL IMPREGNADA','502FM20IMP',0),(489,'BRIDA ROSCA MACHO 2\" TEMPLADA','502FM20REC',0),(490,'BRIDA ROSCA MACHO 2\" AL.','502FM20T',0),(491,'BRIDA ROSCA MACHO 3\" AL FUND.','502FM30F',0),(492,'BRIDA ROSCA MACHO 3\" AL FUND.','502FM30REC',0),(493,'BRIDA ROSCA MACHO 3\" AL','502FM30T',0),(494,'BRIDA ROSCA MACHO 4\" FUNDIDA','502FM40F',0),(495,'BRIDA ROSCA MACHO 4\" IMPREGNADA.','502FM40IMP',0),(496,'BRIDA ROSCA MACHO 4\" TEMPLADA','502FM40REC',0),(497,'BRIDA ROSCA MACHO 4\"','502FM40T',0),(498,'BRIDA DE 4\" PARA LA CONEX.3859','502HSS',0),(499,'BRIDA MACHO/VALVULA ESFERICA 3\"','502MP',0),(500,'FLOTADOR/INDIC.NIVEL AGUA 2\"/DSL','503071-1D',0),(501,'FLOTADOR/INDIC.NIVEL AGUA 2\"/GAS','503071-1G',0),(502,'FLOTADOR/INDIC.NIVEL AGUA 4\"/DSL','503071-D',0),(503,'FLOTADOR/INDIC.NIVEL AGUA 4\"/GAS','503071-G',0),(504,'FLOTADOR/INDIC.NIVEL PRODUCTO 2\"','503075-1',0),(505,'CONECTOR PARA LA VL VA2122','5042-CO',0),(506,'TUBO DE PP PARA LA VAL.VA2122','5042-TU',0),(507,'SENSOR DE SOBRELLENADO DEXELBROO','507-6000',0),(508,'PASADOR PARA EL PISTON 5043','5082',0),(509,'CRY. 1 SIDE 20X30 FL PARADE BLUE','5136C00',0),(510,'VALVULA DE VACIO DE 2\"','514F200',0),(511,'CRY.2 SIDE 20X30 SF SILVER','514X100',0),(512,'CRY. 2 SIDE 20X30 SF5 SAND GOLD','514X300',0),(513,'VALVULA FLOTANTE TIPO BOLA 2\"','53VSS',0),(514,'VALVULA FLOTANTE TIP.BOLA 2\"EXP.','53VSSEX',0),(515,'VISOR DE FLUJO DE 3/4\"','54-1000',0),(516,'BULON PARA PISTON 5043','5426',0),(517,'TUERCA EXAGONAL/EL PISTON 5043','5427',0),(518,'CAUDALIMETRO FPP CON SENSOR HALL','5510400HEFS',0),(519,'NUEVA VALVULA 418K IMPORTADA','5643V',0),(520,'SUBCONJ.TUBO DESCARGA PARA 11A','5B',0),(521,'SUBCONJUNTO TUBO DESCARGA/11B','5BB',0),(522,'SUBCONJ.TUBO DESCARGA FINO/11B','5BBP',0),(523,'SUBCONJUNTO DEL TUBO DESCARGA/7H','5BH',0),(524,'SUBCONJ./TUBO DESCARGA LARGO/7H','5BHL',0),(525,'SUBCONJ.TUBO DESCARGA FINO/11A','5BP',0),(526,'SUBCONJUNTO TUBO DESCARGA/1291','5D',0),(527,'FILTRO DE AIRE','600108A',0),(528,'SELLO DEL EJE PRINCIPAL','600-40V',0),(529,'PERILLA DE PUESTA A CERO/705','604-29',0),(530,'CODO DESCARGA HERMETICA DE AL.3\"','60T',0),(531,'CODO/DESCARGA DE COMBUSTIBLE 4\"','60TT-95',0),(532,'KIT PARA CRISTAL DE CODO 60TT','60WRK',0),(533,'ADAP./VALV./RECUP.DE VAPOR 4\"X4\"','611T-1620',0),(534,'VALVULA/PREVENC.DERRAMES S/TUBO','61SO',0),(535,'VALVULA PREVENC.DERRAMES S/CANO','61SO-BYOT',0),(536,'FLOTADOR CAUCHO SINT.CON SOPORTE','61SOK',0),(537,'VALVULA/PREVENCION SOBRELLENADO','61SOR',0),(538,'ADAPT.ROSCA HEMBRA AL.FUND.1/2\"','633A050AF',0),(539,'ADAPTADOR KAMLOK ALUMINIO 1/2\"','633A050AT',0),(540,'ADAPTAD.ROSCA HEMBRA BR.FUN.1/2\"','633A050BF',0),(541,'ADAPTAD.ROSCA HEMBRA BR.FUN.1/2\"','633A050BF',0),(542,'ADAPT.KAMLOK ROSC.HEMBRA BR.1/2\"','633A050BT',0),(543,'ADAPTAD.R.HEMBRA HIERRO FUN.1/2\"','633A050FF',0),(544,'ADAP.KAMLOK/MANGUERA HIERRO 1/2\"','633A050FT',0),(545,'ADAPT.KAMLOK ROSC.HEMBRA DE 1/2\"','633A050ST',0),(546,'ADAPT.ROSCA HEMBRA AL.FUND.3/4\"','633A075AF',0),(547,'ADAPTADOR KAMLOK ALUMINIO 3/4\"','633A075AT',0),(548,'ADAPT.ROSCA HEMBRA BR.FUND.3/4\"','633A075BF',0),(549,'ADAPT.KAMLOK ROSC.HEMBRA BR.3/4\"','633A075BT',0),(550,'ADAPT.KAMLOK R.HEMBRA POLIP.3/4\"','633A075PT',0),(551,'ADAPTAD.ROSCA HEMBRA SS.FUN.3/4\"','633A075SF',0),(552,'ADAPT.KAMLOK ROSC.HEMBRA SS.3/4\"','633A075ST',0),(553,'ADAPT.ROSCA HEMBRA AL.FUND.1\"','633A100AF',0),(554,'AQDAPTADOR KAMLOK ALUMINO 1\"','633A100AT',0),(555,'ADAPTADOR ROSCA HEMBRA BR.FUN.1\"','633A100BF',0),(556,'ADAPTAD.KAMLOK ROSC.HEMBRA BR.1\"','633A100BT',0),(557,'ADAPT.ROSCA HEMBRA FE.FUND.1\"','633A100FF',0),(558,'ADAPT.ROSCA HEMBRA FE.1\"','633A100FT',0),(559,'ADAPT.KAMLOK R.HEMBRA POLIP.1\"','633A100PT',0),(560,'ADAPTADOR ROSCA HEMBRA SS.FUN.1\"','633A100SF',0),(561,'ADAPT.KAMLOK ROSCA HEMBRA SS.1\"','633A100ST',0),(562,'ADAPT.ROSCA HEMBRA AL.FUN.1-1/4\"','633A125AF',0),(563,'ADAPTADOR KAMLOK ALUMINIO 1-1/4\"','633A125AT',0),(564,'ADAPT.ROSC.HEMBRA BR.FUND.1-1/4\"','633A125BF',0),(565,'ADAPT.KAMLOK R.HEMBRA BR.1/1/4\"','633A125BT',0),(566,'ADAPT.ROSCA HEMBRA FE.FUN.1-1/4\"','633A125FF',0),(567,'ADAPT.ROSCA HEMBRA FE.1-1/4\"','633A125FT',0),(568,'ADAPT.ROSCA HEMBRA SS.FUN.1-1/4\"','633A125SF',0),(569,'ADAPT.KAMLOK R.HEMBRA SS.1-1/4\"','633A125ST',0),(570,'ADAPT.ROSCA HEMBRA AL.FUN.1-1/2\"','633A150AF',0),(571,'ADAPTADOR KAMLOK ALUMINIO 1-1/2\"','633A150AT',0),(572,'ADAPT.ROSC.HEMBRA BR.FUND.1-1/2\"','633A150BF',0),(573,'ADAPT.KAMLOK R.HEMBRA BR.1-1/2\"','633A150BT',0),(574,'ADAPT.R.HEMBRA HIERRO FUN.1-1/2\"','633A150FF',0),(575,'ADAPT.KAMLOK/MANG.HIERRO 1-1/2\"','633A150FT',0),(576,'ADAP.KAMLOK R.HEMBR.POLIP.1-1/2\"','633A150PT',0),(577,'ADAPT.ROSCA HEMBRA SS.FUN.1-1/2\"','633A150SF',0),(578,'ADAPT.KAMLOK R.HEMBRA SS.1-1/2\"','633A150ST',0),(579,'ADAPT.ROSCA HEMBRA AL.FUNDIDO 2\"','633A200AF',0),(580,'ADAPTADOR KAMLOK ALUMINIO 2\"','633A200AT',0),(581,'ADAPT.ROSCA HEMBRA BR.FUNDIDO 2\"','633A200BF',0),(582,'ADAPT.KAMLOK ROSCA HEMBRA BR.2\"','633A200BT',0),(583,'ADAPT.KAMLOK R.HEMBRA POLIPR.2\"','633A200PT',0),(584,'ADAPTADOR ROSCA HEMBRA SS.FUN.2\"','633A200SF',0),(585,'ADAPTADOR KAMLOK R.HEMBRA SS.2\"','633A200ST',0),(586,'ADAPT.ROSCA HEMBRA AL.FUN.2-1/2\"','633A250AF',0),(587,'ADAPTADOR KAMLOK ALUMINIO 2-1/2\"','633A250AT',0),(588,'ADAPT.ROSC.HEMBRA BR.FUND.2-1/2\"','633A250BF',0),(589,'ADAPT.KAMLOK R.HEMBRA BR.2-1/2\"','633A250BT',0),(590,'ADAPT.ROSCA HEMBRA SS.FUN.2-1/2\"','633A250SF',0),(591,'ADAPT.KAMLOK R.HEMBRA SS.2-1/2\"','633A250ST',0),(592,'ADAPT.ROSCA HEMBRA AL.FUNDIDO 3\"','633A300AF',0),(593,'ADAPTADOR KAMLOK ALUMINIO 3\"','633A300AT',0),(594,'ADAPTADOR KAMLOK 3\" ROSCA NPT','633A300AT-NPT',0),(595,'ADAPTADOR ROSCA HEMBRA BR.FUN.3\"','633A300BF',0),(596,'ADAPTAD.KAMLOK ROSC.HEMBRA BR.3\"','633A300BT',0),(597,'ADAPTADOR R.HEMBRA HIERRO FUN.3\"','633A300FF',0),(598,'ADAPT.KAMLOK/MANGUERA HIERRO 3\"','633A300FT',0),(599,'ADAPT.KAMLOK R.HEMBRA POLIPR.3\"','633A300PT',0),(600,'ADAPTADOR ROSCA HEMBRA SS.FUN.3\"','633A300SF',0),(601,'ADAPTADOR KAMLOK R.HEMBRA SS.3\"','633A300ST',0),(602,'ADAPT.ROSCA HEMBRA AL.FUNDIDO 4\"','633A400AF',0),(603,'ADAPTADOR KAMLOK ALUMINIO 4\"','633A400AT',0),(604,'ADAPTADOR KAMLOK 4\" ROSCA NPT','633A400AT-NPT',0),(605,'ADAPTADOR ROSCA HEMBRA BR.FUN.4\"','633A400BF',0),(606,'ADAPTAD.KAMLOK ROSC.HEMBRA BR.4\"','633A400BT',0),(607,'ADAPTADOR KAMLOK DE SS DE 4\"','633A400ST',0),(608,'ADAPT.ROSCA HEMBRA AL.FUNDIDO 6\"','633A600AF',0),(609,'ADAPTADOR KAMLOK ALUMINIO 6\"','633A600AT',0),(610,'ADAPTADOR ROSCA HEMBRA BR.FUN.6\"','633A600BF',0),(611,'ADAPTAD.KAMLOK ROSC.HEMBRA BR.6\"','633A600BT',0),(612,'CONECT.ROSCA MACHO AL.FUND.1/2\"','633B050AF',0),(613,'CONECT.ROSCA MACHO AL.MECAN.1/2\"','633B050AM',0),(614,'CONEC.KAMLOK ROSCA MACHO AL.1/2\"','633B050AT',0),(615,'C0NECTOR ROSCA MACHO BR.FUN.1/2\"','633B050BF',0),(616,'CONECTOR ROSCA MACHO BR.MEC.1/2\"','633B050BM',0),(617,'CONECTOR KAMLOK R.MACHO BR.1/2\"','633B050BT',0),(618,'CONECTOR ROSCA MACHO SS.FUN.1/2\"','633B050SF',0),(619,'CONECTOR KAMLOK R.MACHO SS.1/2\"','633B050ST',0),(620,'CONECT.ROSCA MACHO AL.FUND.3/4\"','633B075AF',0),(621,'CONECT.ROSCA MACHO AL.MECAN.3/4\"','633B075AM',0),(622,'CONEC.KAMLOK ROSCA MACHO AL.3/4\"','633B075AT',0),(623,'CONECTOR ROSCA MACHO BR.FUN.3/4\"','633B075BF',0),(624,'CONECTOR ROSCA MACHO BR.MEC.3/4\"','633B075BM',0),(625,'CONECTOR KAMLOK R.MACHO BR.3/4\"','633B075BT',0),(626,'CONECT.KAMLOK R.MACHO POLIP.3/4\"','633B075PT',0),(627,'CONECTOR ROSCA MACHO SS.FUN.3/4\"','633B075SF',0),(628,'CONECTOR KAMLOK R.MACHO SS.3/4\"','633B075ST',0),(629,'CONECT.ROSCA MACHO AL.FUNDIDO 1\"','633B100AF',0),(630,'CONECT.ROSCA MACHO AL.MECANIZ.1\"','633B100AM',0),(631,'CONECT.KAMLOK ROSCA MACHO AL.1\"','633B100AT',0),(632,'CONECTOR ROSCA MACHO BR.FUND.1\"','633B100BF',0),(633,'CONECTOR ROSCA MACHO BR.MECAN.1\"','633B100BM',0),(634,'CONECTOR KAMLOK ROSC.MACHO BR.1\"','633B100BT',0),(635,'CONECTOR KAMLOK R.MACHO POLIP.1\"','633B100PT',0),(636,'C0NECTOR ROSCA MACHO SS.F7UND.1\"','633B100SF',0),(637,'CONECTOR KAMLOK R.MACHO ACERO 1\"','633B100ST',0),(638,'CONECT.ROSCA MACHO AL.FUN.1-1/4\"','633B125AF',0),(639,'CONECT.ROSCA MACHO AL.MEC.1-1/4\"','633B125AM',0),(640,'CONEC.KAMLOK RSC.MACHO AL.1-1/4\"','633B125AT',0),(641,'CONECT.ROSCA MACHO BR.FUN.1-1/4\"','633B125BF',0),(642,'CONECT.ROSCA MACHO BR.MEC.1-1/4\"','633B125BM',0),(643,'CONECT.KAMLOK R.MACHO BR.1-1/4\"','633B125BT',0),(644,'CONECT.ROSCA MACHO SS.FUN.1-1/4\"','633B125SF',0),(645,'CONECT.KAMLOK R.MACHO SS.1-1/4\"','633B125ST',0),(646,'CONECT.ROSCA MACHO AL.FUN.1-1/2\"','633B150AF',0),(647,'CONECT.ROSCA MACHO AL.MEC.1-1/2\"','633B150AM',0),(648,'CONEC.KAMLOK RSC.MACHO AL.1-1/2\"','633B150AT',0),(649,'CONECT.ROSCA MACHO BR.FUN.1-1/2\"','633B150BF',0),(650,'CONECT.ROSCA MACHO BR.MEC.1-1/2\"','633B150BM',0),(651,'CONECT.KAMLOK R.MACHO BR.1-1/2\"','633B150BT',0),(652,'CONEC.KAMLOK R.MACH.POLIP.1-1/2\"','633B150PT',0),(653,'CONECT.ROSCA MACHO SS.FUN.1-1/2\"','633B150SF',0),(654,'CONECT.KAMLOK R.MACHO SS.1-1/2\"','633B150ST',0),(655,'CONECT.ROSCA MACHO AL FUNDIDO 2\"','633B200AF',0),(656,'CONECT.ROSCA MACHO AL. MECAN.2\"','633B200AM',0),(657,'CONECT.KAMLOK ROSCA MACHO AL.2\"','633B200AT',0),(658,'CONECTOR ROSCA MACHO BR.FUND.2\"','633B200BF',0),(659,'CONECTOR ROSCA MACHO BR.MECAN.2\"','633B200BM',0),(660,'CONECTOR KAMLOK ROSC.MACHO BR.2\"','633B200BT',0),(661,'CONECTOR KAMLOK R.MACHO POLIP.2\"','633B200PT',0),(662,'CONECTOR KAMLOK R.MACHO ACERO 2\"','633B200ST',0),(663,'CONECT.ROSCA MACHO AL.FUN.2-1/2\"','633B250AF',0),(664,'CONECT.ROSCA MACHO AL.MEC.2-1/2\"','633B250AM',0),(665,'CONEC.KAMLOK RSC.MACHO AL.2-1/2\"','633B250AT',0),(666,'CONECT.ROSCA MACHO BR.FUN.2-1/2\"','633B250BF',0),(667,'CONECT.ROSCA MACHO BR.MEC.2-1/2\"','633B250BM',0),(668,'CONECT.KAMLOK R.MACHO BR.2-1/2\"','633B250BT',0),(669,'CONECT.ROSCA MACHO AL.FUNDIDO 3\"','633B300AF',0),(670,'CONECT.ROSCA MACHO AL.MECANIZ.3\"','633B300AM',0),(671,'CONECT.KAMLOK ROSCA MACHO AL.3\"','633B300AT',0),(672,'CONECTOR ROSCA MACHO BR.FUND.3\"','633B300BF',0),(673,'CONECTOR ROSCA MACHO BR.MECAN.3\"','633B300BM',0),(674,'CONECTOR KAMLOK ROSC.MACHO BR.3\"','633B300BT',0),(675,'CONECTOR KAMLOK R.MACHO POLIP.3\"','633B300PT',0),(676,'CONECTOR KAMLOK R.MACHO ACERO 3\"','633B300ST',0),(677,'CONECT.ROSCA MACHO AL.FUNDIDO 4\"','633B400AF',0),(678,'CONECT.ROSCA MACHO AL.MECANIZ.4\"','633B400AM',0),(679,'CONECT.KAMLOK ROSCA MACHO AL.4\"','633B400AT',0),(680,'CONECTOR ROSCA MACHO BR.FUND.4\"','633B400BF',0),(681,'CONECTOR ROSCA MACHO BR.MECAN.4\"','633B400BM',0),(682,'CONECTOR KAMLOK ROSC.MACHO BR.4\"','633B400BT',0),(683,'CONECTOR KAMLOK ROSCA MACHO SS4\"','633B400ST',0),(684,'CONECT.ROSCA MACHO AL.FUNDIDO 6\"','633B600AF',0),(685,'CONECT.ROSCA MACHO AL.MECANIZ.6\"','633B600AM',0),(686,'CONECT.KAMLOK ROSCA MACHO AL.6\"','633B600AT',0),(687,'CONECTOR ROSCA MACHO BR.FUND.6\"','633B600BF',0),(688,'CONECTOR ROSCA MACHO BR.MECAN.6\"','633B600BM',0),(689,'CONECTOR KAMLOK ROSC.MACHO BR.6\"','633B600BT',0),(690,'CONECTOR/ADAPTADOR DE AL 4\"X3\"','633BA1080',0),(691,'CONECTOR P/MANGUERA AL.FUND.1/2\"','633C050AF',0),(692,'CONECTOR P/MANGUERA AL.MEC.1/2\"','633C050AM',0),(693,'CONECTOR KAMLOK/MANGUERA AL.1/2\"','633C050AT',0),(694,'CONECTOR/MANGUERA BR.FUND.1/2\"','633C050BF',0),(695,'CONECTOR/MANGUERA BR.MECAN.1/2\"','633C050BM',0),(696,'CONECTOR KAMLOK/MANGUERA BR.1/2\"','633C050BT',0),(697,'CONECTOR P/MANGUERA AL.FUND.3/4\"','633C075AF',0),(698,'CONECTOR P/MANGUERA AL.MEC.3/4\"','633C075AM',0),(699,'CONECTOR KAMLOK/MANGUERA AL.3/4\"','633C075AT',0),(700,'CONECTOR/MANGUERA BR.FUND.3/4\"','633C075BF',0),(701,'CONECTOR/MANGUERA BR.MECAN.3/4\"','633C075BM',0),(702,'CONECTOR KAMLOK/MANGUERA BR.3/4\"','633C075BT',0),(703,'CONECTOR KAMLOK/MANG.NYGLAS 3/4\"','633C075NY',0),(704,'CONECTOR/MANGUERA ACERO FUN.3/4\"','633C075SF',0),(705,'CONECTOR KAMLOK/MANGUERA SS.3/4\"','633C075ST',0),(706,'CONECTOR P/MANGUERA AL.FUND.1\"','633C100AF',0),(707,'CONECTOR P/MANGUERA AL.MECAN.1\"','633C100AM',0),(708,'CONECTOR KAMLOK/MANGUERA AL.1\"','633C100AT',0),(709,'CONECTOR/MANGUERA BR.FUNDIDO 1\"','633C100BF',0),(710,'CONECTOR/MANGUERA BRONCE MEC.1\"','633C100BM',0),(711,'CONECTOR KAMLOK/MANGUERA BR.1\"','633C100BT',0),(712,'CONECT.KAMLOK/MANGUERA POLIP.1\"','633C100PT',0),(713,'CONECTOR KAMLOK/MANGUERA SS.1\"','633C100ST',0),(714,'CONECT.P/MANGUERA AL.FUND.1-1/4\"','633C125AF',0),(715,'CONECT.P/MANGUERA AL.MEC.1-1/4\"','633C125AM',0),(716,'CONECT.KAMLOK/MANGUERA AL.1-1/4\"','633C125AT',0),(717,'CONECTOR/MANGUERA BR.FUND.1-1/4\"','633C125BF',0),(718,'CONECTOR/MANGUERA BR.MEC.1-1/4\"','633C125BM',0),(719,'CONECT.KAMLOK/MANGUERA BR.1-1/4\"','633C125BT',0),(720,'CONECT.KAMLOK/MANGUERA SS 1 1/4\"','633C125ST',0),(721,'CONECT.P/MANGUERA AL.FUND.1-1/2\"','633C150AF',0),(722,'CONECT.P/MANGUERA AL.MEC.1-1/2\"','633C150AM',0),(723,'CONECT.KAMLOK/MANGUERA AL.1-1/2\"','633C150AT',0),(724,'CONECT.KAMLOK/MANGUERA AL.1-1/2\"','633C150AT',0),(725,'CONECTOR/MANGUERA BR.FUND.1-1/2\"','633C150BF',0),(726,'CONECTOR/MANGUERA BR.MEC.1-1/2\"','633C150BM',0),(727,'CONECT.KAMLOK/MANGUERA BR.1-1/2\"','633C150BT',0),(728,'CONECT.P/MANGUERA FE.FUND.1-1/2\"','633C150FF',0),(729,'CONECT.P/MANGUERA FE.MEC.1-1/2\"','633C150FM',0),(730,'CONECT.KAMLOK/MANG.POLIP.1-1/2\"','633C150PT',0),(731,'CONECTOR/MANGUERA SS.FUN.1-1/2\"','633C150SF',0),(732,'CONECT.KAMLOK/MANGUERA SS.1-1/2\"','633C150ST',0),(733,'CONECTOR P/MANGUERA AL.FUND.2\"','633C200AF',0),(734,'CONECTOR P/MANGUERA AL.MECAN.2\"','633C200AM',0),(735,'CONECTOR KAMLOK/MANGUERA AL.2\"','633C200AT',0),(736,'CONECTOR/MANGUERA BR.FUNDIDO 2\"','633C200BF',0),(737,'CONECTOR/MANGUERA BRONCE MEC.2\"','633C200BM',0),(738,'CONECTOR KAMLOK/MANGUERA BR.2\"','633C200BT',0),(739,'CONECT.KAMLOK/MANGUERA POLIP.2\"','633C200PT',0),(740,'CONECTOR/MANGUERA ACERO FUND.2\"','633C200SF',0),(741,'CONECTOR KAMLOK/MANGUERA SS.2\"','633C200ST',0),(742,'CONECT.P/MANGUERA AL.FUN.2-1/2\"','633C250AF',0),(743,'CONECT.P/MANGUERA AL.MEC.2-1/2\"','633C250AM',0),(744,'CONECT.KAMLOK/MANGUERA AL.2-1/2\"','633C250AT',0),(745,'CONECTOR/MANGUERA BR.FUN.2-1/2\"','633C250BF',0),(746,'CONECTOR/MANGUERA BR.FUND.2-1/2\"','633C250BM',0),(747,'CONECT.KAMLOK/MANGUERA BR.2-1/2\"','633C250BT',0),(748,'CONECTOR/MANGUERA SS.FUN.2-1/2\"','633C250SF',0),(749,'CONECTOR/MANGUERA SS.MEC.1-1/2\"','633C250SM',0),(750,'CONECT.KAMLOK/MANGUERA SS.2-1/2\"','633C250ST',0),(751,'CONECTOR P/MANGUERA AL.FUND.3\"','633C300AF',0),(752,'CONECTOR P/MANGUERA AL.MECAN.3\"','633C300AM',0),(753,'CONECTOR KAMLOK/MANGUERA AL.3\"','633C300AT',0),(754,'CONECTOR/MANGUERA BRONCE FUND.3\"','633C300BF',0),(755,'CONECTOR/MANGUERA BRONCE MEC.3\"','633C300BM',0),(756,'CONECTOR KAMLOK/MANGUERA BR.3\"','633C300BT',0),(757,'CONECTOR/MANGUERA HIERRO FUND.3\"','633C300FF',0),(758,'CONECTOR/MANGUERA HIERRO MEC.3\"','633C300FM',0),(759,'CONECT.KAMLOK/MANGUERA HIERRO 3\"','633C300FT',0),(760,'CONECT.KAMLOK/MANGUERA POLIP.3\"','633C300PT',0),(761,'CONECTOR/MANGUERA ACERO FUND.3\"','633C300SF',0),(762,'CONECTOR KAMLOK/MANGUERA SS.3\"','633C300ST',0),(763,'CONECTOR P/MANGUERA AL.FUND.4\"','633C400AF',0),(764,'CONECTOR P/MANGUERA AL.MECAN.4\"','633C400AM',0),(765,'CONECTOR KAMLOK/MANGUERA AL.4\"','633C400AT',0),(766,'CONECTOR/MANGUERA BRONCE FUND.4\'','633C400BF',0),(767,'CONECTOR/MANGUERA BRONCE MEC.4\"','633C400BM',0),(768,'CONECTOR KAMLOK/MANGUERA BR.4\"','633C400BT',0),(769,'CONECTOR/MANGUERA HIERRO FUND.4\'','633C400FF',0),(770,'CONECTOR/MANGUERA HIERRO MEC.4\'','633C400FM',0),(771,'CONECTOR/MANGUERA ACERO FUND.4\"','633C400SF',0),(772,'CONECTOR KAMLOK/MANGUERA SS.4\"','633C400ST',0),(773,'CONECTOR P/MANGUERA AL.FUND.6\"','633C600AF',0),(774,'CONECTOR P/MANGUERA AL.MECAN.6\"','633C600AM',0),(775,'CONECTOR KAMLOK/MAGUERA AL.6\"','633C600AT',0),(776,'CONECTOR/MANGUERA BRONCE FUND.6\"','633C600BF',0),(777,'CONECTOR/MANGUERA BRONCE MEC.6\"','633C600BM',0),(778,'CONECTOR KAMLOK/MANGUERA BR.6\"','633C600BT',0),(779,'CONECTOR CON VALV./REC.DE VAPOR','633CPP400',0),(780,'ACOPLE RECUPERACION VAPOR 4\"X3\"','633CV-6070',0),(781,'ACOPLE RECUPERACION VAPOR 4\"X4\"','633CV-6075',0),(782,'ACOPLE/RECUPERAC./VAPOR 4X4 FUND','633CV-6075F',0),(783,'ACOPLE/RECUPERAC./VAPOR 4X4 MEC.','633CV-6075M',0),(784,'ACOPLE RECUP. VAPOR 4\"X4\" C/BRIDA TTMA','633CV-6075-TTMA',0),(785,'CONECT.ROSCA HEMBRA AL.FUND.1/2\"','633D050AF',0),(786,'CONECT.ROSCA HEMBRA AL.MEC.1/2\"','633D050AM',0),(787,'CONEC.KAMLOK ROSC.HEMBRA AL.1/2\"','633D050AT',0),(788,'CONECTOR ROSC.HEMBRA BR.FUN.1/2\"','633D050BF',0),(789,'CONECTOR ROSC.HEMBRA BR.MEC.1/2\"','633D050BM',0),(790,'CONECT.KAMLOK R.HEMBRA BR.1/2\"','633D050BT',0),(791,'CONECT.ROSCA HEMBRA SS.FUND.1/2\"','633D050SF',0),(792,'CONECTOR KAMLOK R.HEMBRA SS.1/2\"','633D050ST',0),(793,'CONECT.ROSCA HEMBRA AL.FUND.3/4\"','633D075AF',0),(794,'CONECT.ROSCA HEMBRA AL.MEC.3/4\"','633D075AM',0),(795,'CONEC.KAMLOK ROSC.HEMBRA AL.3/4\"','633D075AT',0),(796,'CONECTOR ROSC.HEMBRA BR.FUN.3/4\"','633D075BF',0),(797,'CONECTOR ROSC.HEMBRA BR.MEC.3/4\"','633D075BM',0),(798,'CONECT.KAMLOK R.HEMBRA BR.3/4\"','633D075BT',0),(799,'CONECT.KAMLOK R.HEMBR.POLIP.3/4\"','633D075PT',0),(800,'CONECTOR KAMLOK R.HEMBRA SS.3/4\"','633D075ST',0),(801,'CONECTOR ROSCA HEMBRA AL.FUND.1\"','633D100AF',0),(802,'CONECTOR ROSCA HEMBRA AL MEC.1\"','633D100AM',0),(803,'CONECT.KAMLOK ROSCA HEMBRA AL.1\"','633D100AT',0),(804,'CONECTOR ROSCA HEMBRA BR.FUND.1\"','633D100BF',0),(805,'CONECTOR ROSCA HEMBRA BR.MEC.1\"','633D100BM',0),(806,'CONECTOR KAMLOK R.HEMBRA BR.1\"','633D100BT',0),(807,'CONECTOR ROSCA HEMBRA FE.FUND.1\"','633D100FF',0),(808,'CONECTOR ROSCA HEMBRA FE.MEC.1\"','633D100FM',0),(809,'CONECT.KAMLOK R.HEMBRA POLIP.1\"','633D100PT',0),(810,'CONECTOR ROSCA HEMBRA SS.FUND.1\"','633D100SF',0),(811,'CONECTOR KAMLOK R.HEMBRA SS.1\"','633D100ST',0),(812,'CONECT.ROSC.HEMBRA AL.FUN.1-1/4\"','633D125AF',0),(813,'CONECT.ROSC.HEMBRA AL.MEC.1-1/4\"','633D125AM',0),(814,'CONEC.KAMLOK R.HEMBRA AL.1-1/4\"','633D125AT',0),(815,'CONECTOR R.HEMBRA BR.FUND.1-1/4\"','633D125BF',0),(816,'CONECTOR R.HEMBRA BR.MEC.1-1/4\"','633D125BM',0),(817,'CONECT.KAMLOK R.HEMBRA BR.1-1/4\"','633D125BT',0),(818,'CONECT.ROSC.HEMBRA FE.FUN.1-1/4\"','633D125FF',0),(819,'CONECT.ROSC.HEMBRA FE. MEC.1-1/4\"','633D125FM',0),(820,'CONECTOR R.HEMBRA SS 1 1/4\"','633D125ST',0),(821,'CONECT.ROSC.HEMBRA AL.FUN.1-1/2\"','633D150AF',0),(822,'CONECT.ROSC.HEMBRA AL.MEC.1-1/2\"','633D150AM',0),(823,'CONEC.KAMLOK R.HEMBRA AL.1-1/2\"','633D150AT',0),(824,'CONECTOR R.HEMBRA BR FUND.1-1/2\"','633D150BF',0),(825,'CONECTOR R.HEMBRA BR.MEC.1-1/2\"','633D150BM',0),(826,'CONECT.KAMLOK R.HEMBRA BR.1-1/2\"','633D150BT',0),(827,'CONEC.R.HEMBRA HIERRO FUN.1-1/2\"','633D150FF',0),(828,'CONEC.R.HEMBRA HIERRO MEC.1-1/2\"','633D150FM',0),(829,'CONEC.KAMLOK R.HEM.HIERRO 1-1/2\"','633D150FT',0),(830,'CONEC.KAMLOK R.HEMB.POLIP.1-1/2\"','633D150PT',0),(831,'CONEC.ROSCA HEMBRA SS.FUN.1-1/2\"','633D150SF',0),(832,'CONECT.KAMLOK R.HEMBRA SS.1-1/2\"','633D150ST',0),(833,'CONECTOR ROSCA HEMBRA AL.FUND.2\"','633D200AF',0),(834,'CONECTOR ROSCA HEMBRA AL.MEC.2\"','633D200AM',0),(835,'CONECT.KAMLOK ROSCA HEMBRA AL.2\"','633D200AT',0),(836,'CONECTOR ROSCA HEMBRA BR.FUND.2\"','633D200BF',0),(837,'CONECTOR ROSCA HEMBRA BR.MEC.2\"','633D200BM',0),(838,'CONECTOR KAMLOK R.HEMBRA BR.2\"','633D200BT',0),(839,'CONECT.KAMLOK R.HEMBRA POLIP.2\"','633D200PT',0),(840,'CONECTOR KAMLOK R.HEMBRA SS.2\"','633D200ST',0),(841,'CONECT.ROSC.HEMBRA AL.FUN.2-1/2\"','633D250AF',0),(842,'CONECT.ROSC.HEMBRA AL.MEC.2-1/2\"','633D250AM',0),(843,'CONEC.KAMLOK R.HEMBRA AL.2-1/2\"','633D250AT',0),(844,'CONECTOR R.HEMBRA BR.FUN.2-1/2\"','633D250BF',0),(845,'CONECTOR R.HEMBRA BR.MEC.2-1/2\"','633D250BM',0),(846,'CONECT.KAMLOK R.HEMBRA BR.2-1/2\"','633D250BT',0),(847,'CONEC.ROSCA HEMBRA SS.FUN.2-1/2\"','633D250SF',0),(848,'CONECT.KAMLOK R.HEMBRA SS.2-1/2\"','633D250ST',0),(849,'CONECTOR ROSCA HEMBRA AL.FUND.3\"','633D300AF',0),(850,'CONECTOR ROSCA HEMBRA AL.MEC.3\"','633D300AM',0),(851,'CONECT.KAMLOK ROSCA HEMBRA AL.3\"','633D300AT',0),(852,'CONECTOR ROSCA HEMBRA BR.FUND.3\"','633D300BF',0),(853,'CONECTOR ROSCA HEMBRA BR.MEC.3\"','633D300BM',0),(854,'CONECTOR KAMLOK R.HEMBRA BR.3\"','633D300BT',0),(855,'CONECT.KAMLOK R.HEMBRA POLIP.3\"','633D300PT',0),(856,'CONECTOR KAMLOK R.HEMBRA SS.3\"','633D300ST',0),(857,'CONECTOR ROSCA HEMBRA AL.FUND.4\"','633D400AF',0),(858,'CONECTOR ROSCA HEMBRA AL.MEC.4\"','633D400AM',0),(859,'CONECT.KAMLOK ROSCA HEMBRA AL.4\"','633D400AT',0),(860,'CONECTOR ROSCA HEMBRA BR.FUND.4\"','633D400BF',0),(861,'CONECTOR ROSCA HEMBRA BR.MEC.4\"','633D400BM',0),(862,'CONECTOR KAMLOK R.HEMBRA BR.4\"','633D400BT',0),(863,'CONECTOR KAMLOK R.HEMBRA SS 4\"','633D400ST',0),(864,'CONECTOR ROSCA HEMBRA AL.FUND.6\"','633D600AF',0),(865,'CONECTOR ROSCA HEMBRA AL.MEC.6\"','633D600AM',0),(866,'CONECT.KAMLOK ROSCA HEMBRA AL.6\"','633D600AT',0),(867,'CONECTOR ROSCA HEMBRA BR.FUND.6\"','633D600BF',0),(868,'CONECTOR ROSCA HEMBRA BR.MEC.6\"','633D600BM',0),(869,'CONECTOR KAMLOK R.HEMBRA BR.6\"','633D600BT',0),(870,'CONECT.HEMBRA/ROSCA MACHO 2 1/2\"','633DB250ST',0),(871,'ADAPTADOR P/MANGUERA AL.FUN.1/2\"','633E050AF',0),(872,'ADAPTAD.KAMLOK/MANGUERA AL.1/2\"','633E050AT',0),(873,'ADAPTADOR/MANGUERA BR.FUND.1/2\"','633E050BF',0),(874,'ADAPTAD.KAMLOK/MANGUERA BR.1/2\"','633E050BT',0),(875,'ADAPTADOR P/MANGUERA AL.FUN.3/4\"','633E075AF',0),(876,'ADAPTAD.KAMLOK/MANGUERA AL.3/4\"','633E075AT',0),(877,'ADAPTADOR/MANGUERA BR.FUND.3/4\"','633E075BF',0),(878,'ADAPTAD.KAMLOK/MANGUERA BR.3/4\"','633E075BT',0),(879,'ADAPTADOR KAMLOK/MANG.POLIP.3/4\"','633E075PT',0),(880,'ADAPTAD.KAMLOK/MANGUERA SS.3/4\"','633E075ST',0),(881,'ADAPTADOR P/MANGUERA AL.FUND.1\"','633E100AF',0),(882,'ADAPTADOR KAMLOK/MANGUERA AL.1\"','633E100AT',0),(883,'ADAPTADOR/MANGUERA BRONCE FUN.1\"','633E100BF',0),(884,'ADAPTADOR KAMLOK/MANGUERA BR.1\"','633E100BT',0),(885,'ADAPTAD.KAMLOK/MANGUERA POLIP.1\"','633E100PT',0),(886,'ADAPTADOR KAMLOK/MANGUERA SS.1\"','633E100ST',0),(887,'ADAPTAD.P/MANGUERA AL.FUN.1-1/4\"','633E125AF',0),(888,'ADAPT.KAMLOK/MANGUERA AL.1-1/4\"','633E125AT',0),(889,'ADAPTADOR/MANGUERA BR.FUN.1-1/4\"','633E125BF',0),(890,'ADAPT.KAMLOK/MANGUERA BR.1-1/4\"','633E125BT',0),(891,'ADAPTADOR/MANGUERA SS.FUN.1-1/4\"','633E125SF',0),(892,'ADAPT.KAMLOK/MANGUERA SS.1-1/2\"','633E125ST',0),(893,'ADAPTAD.P/MANGUERA AL.FUN.1-1/2\"','633E150AF',0),(894,'ADAPT.KAMLOK/MANGUERA AL.1-1/2\"','633E150AT',0),(895,'ADAPTADOR/MANGUERA BR.FUN.1-1/2\"','633E150BF',0),(896,'ADAPT.KAMLOK/MANGUERA BR.1-1/2\"','633E150BT',0),(897,'ADAPTAD.P/MANGUERA AL.FUN.1-1/2\"','633E150FF',0),(898,'ADAPT.KAMLOK/MANGUERA FE.1-1/2\"','633E150FT',0),(899,'ADAPT.KAMLOK/MANG.POLIPR.1-1/2\"','633E150PT',0),(900,'ADAPTADOR/MANGUERA SS.FUN.1-1/2\"','633E150SF',0),(901,'ADAPT.KAMLOK/MANGUERA SS.1-1/2\"','633E150ST',0),(902,'ADAPTADOR P/MANGUERA AL.FUND.2\"','633E200AF',0),(903,'ADAPTADOR KAMLOK/MANGUERA AL.2\"','633E200AT',0),(904,'ADAPTADOR/MANGUERA BRONCE FUN.2\"','633E200BF',0),(905,'ADAPTADOR KAMLOK/MANGUERA BR.2\"','633E200BT',0),(906,'ADAPTAD.KAMLOK/MANGUERA POLIP.2\"','633E200PT',0),(907,'ADAPTADOR/MANGUERA ACERO FUND.2\"','633E200SF',0),(908,'ADAPTADOR KAMLOK/MANGUERA SS.2\"','633E200ST',0),(909,'ADAPTAD.P/MANGUERA AL.FUN.2-1/2\"','633E250AF',0),(910,'ADAPT.KAMLOK/MANGUERA AL.2-1/2\"','633E250AT',0),(911,'ADAPTADOR/MANGUERA BR.FUN.2-1/2\"','633E250BF',0),(912,'ADAPT.KAMLOK/MANGUERA BR.2-1/2\"','633E250BT',0),(913,'ADAPTADOR/MANGUERA SS.FUN.2-1/2\"','633E250SF',0),(914,'ADAPT.KAMLOK/MANGUERA SS.2-1/2\"','633E250ST',0),(915,'ADAPTADOR P/MANGUERA AL.FUND.3\"','633E300AF',0),(916,'ADAPTADOR KAMLOK/MANGUERA AL.3\"','633E300AT',0),(917,'ADAPTADOR/MANGUERA BRONCE FUN.3\"','633E300BF',0),(918,'ADAPTADOR KAMLOK/MANGUERA BR.3\"','633E300BT',0),(919,'ADAPTADOR/MANGUERA HIERRO FUN.3\"','633E300FF',0),(920,'ADAPT.KAMLOK/MANGUERA HIERRO 3\"','633E300FT',0),(921,'ADAPTAD.KAMLOK/MANGUERA POLIP.3\"','633E300PT',0),(922,'ADAPTADOR KAMLOK/MANGUERA SS.3\"','633E300ST',0),(923,'ADAPTADOR P/MANGUERA AL.FUND.4\"','633E400AF',0),(924,'ADAPTADOR KAMLOK/MANGUERA AL.4\"','633E400AT',0),(925,'ADAPTADOR/MANGUERA BRONCE FUN.4\"','633E400BF',0),(926,'ADAPTADOR KAMLOK/MANGUERA BR.4\"','633E400BT',0),(927,'ADAP. KAMLOK/MANGUERA HI FUND.4\"','633E400FF',0),(928,'ADAPTADOR KAMLOK/MANGUERA HI.4\"','633E400FT',0),(929,'ADAPTADOR KAMLOK/MANGUERA DE 4\"','633E400ST',0),(930,'ADAPTADOR P/MANGUERA AL.FUND.6\"','633E600AF',0),(931,'ADAPTADOR KAMLOK/MANGUERA AL.6\"','633E600AT',0),(932,'ADAPTADOR/MANGUERA BRONCE FUN.6\"','633E600BF',0),(933,'ADAPTADOR KAMLOK/MANGUERA BR.6\"','633E600BT',0),(934,'ADAPTADOR ROSC.MACHO AL.FUN.1/2\"','633F050AF',0),(935,'ADAPTAD.KAMLOK ROS.MACHO AL.1/2\"','633F050AT',0),(936,'ADAPTADOR ROSC.MACHO BR.FUN.1/2\"','633F050BF',0),(937,'ADAPTADOR KAMLOK R.MACHO BR.1/2\"','633F050BT',0),(938,'ADAPT.KAMLOK R.MACHO ACERO 1/2\"','633F050ST',0),(939,'ADAPTADOR ROSC.MACHO AL.FUN.3/4\"','633F075AF',0),(940,'ADAPT.KAMLOK ROSCA MACHO AL.3/4\"','633F075AT',0),(941,'ADAPTADOR ROSC.MACHO BR.FUN.3/4\"','633F075BF',0),(942,'ADAPTADOR KAMLOK R.MACHO BR.3/4\"','633F075BT',0),(943,'ADAPT.KAMLOK R.MACHO POLIPR.3/4\"','633F075PT',0),(944,'ADAPTADOR KAMLOK R.MACHO SS.3/4\"','633F075ST',0),(945,'ADAPTADOR ROSCA MACHO AL.FUND.1\"','633F100AF',0),(946,'ADAPTAD.KAMLOK ROSCA MACHO AL.1\"','633F100AT',0),(947,'ADAPTADOR ROSCA MACHO BR.FUND.1\"','633F100BF',0),(948,'ADAPTADOR KAMLOK R.MACHO BR.1\"','633F100BT',0),(949,'ADAPTAD.KAMLOK R.MACHO POLIP.1\"','633F100PT',0),(950,'ADAPTADOR/MANGUERA ACERO FUND.1\"','633F100SF',0),(951,'ADAPTADOR KAMLOK R.MACHO SS.1\"','633F100ST',0),(952,'ADAPTAD.ROSC.MACHO AL.FUN.1-1/4\"','633F125AF',0),(953,'ADAPT.KAMLOK ROS.MACHO AL.1-1/4\"','633F125AT',0),(954,'ADAPT.ROSCA MACHO BR.FUND.1-1/4\"','633F125BF',0),(955,'ADAPTAD.KAMLOK R.MACHO BR.1-1/4\"','633F125BT',0),(956,'ADAPTADOR/MANGUERA SS.FUN.1-1/4\"','633F125SF',0),(957,'ADAPTAD.KAMLOK R.MACHO SS.1-1/4\"','633F125ST',0),(958,'ADAPTAD.ROSC.MACHO AL.FUN.1-1/2\"','633F150AF',0),(959,'ADAPT.KAMLOK ROS.MACHO AL.1-1/2\"','633F150AT',0),(960,'ADAPT.ROSCA MACHO BR.FUND.1-1/2\"','633F150BF',0),(961,'ADAPTAD.KAMLOK R.MACHO BR.1-1/2\"','633F150BT',0),(962,'ADAP.KAMLOK R.MACHO POLIP.1-1/2\"','633F150PT',0),(963,'ADAPTADOR/MANGUERA SS.FUN.1-1/2\"','633F150SF',0),(964,'ADAPTAD.KAMLOK R.MACHO SS.1-1/2\"','633F150ST',0),(965,'ADAPTADOR ROSCA MACHO AL.FUND.2\"','633F200AF',0),(966,'ADAPTADOR KAMLOK ROS.MACHO AL.2\"','633F200AT',0),(967,'ADAPTADOR ROSCA MACHO BR.FUND.2\"','633F200BF',0),(968,'ADAPTADOR KAMLOK R.MACHO BR.2\"','633F200BT',0),(969,'ADAPTAD.KAMLOK R.MACHO POLIP.2\"','633F200PT',0),(970,'ADAPTADOR/MANGUERA ACERO FUND.2\"','633F200SF',0),(971,'ADAPTADOR KAMLOK R.MACHO SS.2\"','633F200ST',0),(972,'ADAPTAD.ROSC.MACHO AL.FUN.2-1/2\"','633F250AF',0),(973,'ADAPT.KAMLOK ROS.MACHO AL.2-1/2\"','633F250AT',0),(974,'ADAPT.ROSCA MACHO BR.FUND.2-1/2\"','633F250BF',0),(975,'ADAPTAD.KAMLOK R.MACHO BR.2-1/2\"','633F250BT',0),(976,'ADAPTADOR/MANGUERA SS.FUN.2-1/2\"','633F250SF',0),(977,'ADAPTAD.KAMLOK R.MACHO SS 2 1/2\"','633F250ST',0),(978,'ADAPTADOR ROSCA MACHO AL.FUND.3\"','633F300AF',0),(979,'ADAPTAD.KAMLOK ROSCA MACHO AL.3\"','633F300AT',0),(980,'ADAPTADOR ROSCA MACHO BR.FUND.3\"','633F300BF',0),(981,'ADAPTADOR KAMLOK R.MACHO BR.3\"','633F300BT',0),(982,'ADAPTAD.KAMLOK R.MACHO POLIP.3\"','633F300PT',0),(983,'ADAPTADOR/MANGUERA ACERO FUND.3\"','633F300SF',0),(984,'ADAPTADOR KAMLOK R.MACHO SS.3\"','633F300ST',0),(985,'ADAPTADOR ROSCA MACHO AL.FUND.4\"','633F400AF',0),(986,'ADAPTADOR KAMLOK 4\"BRIDADO FUND.','633F400AF-BRD',0),(987,'ADAPTAD.KAMLOK ROSCA MACHO AL.4\"','633F400AT',0),(988,'ADAPTADOR KAMLOK AL BRIDADO 4\"','633F400AT-BRD',0),(989,'ADAPTADOR ROSCA MACHO ROSCA NPT','633F400AT-NPT',0),(990,'ADAPTADOR ROSCA MACHO BR.FUND.4\"','633F400BF',0),(991,'ADAPTADOR KAMLOK R.MACHO BR.4\"','633F400BT',0),(992,'ADAPTADOR/MANGUERA ACERO FUND.4\"','633F400SF',0),(993,'ADAPTADOR KAMLOK R.MACHO SS.4\"','633F400ST',0),(994,'ADAPTADOR ROSCA MACHO AL.FUND.6\"','633F600AF',0),(995,'ADAPTAD.KAMLOK ROSCA MACHO AL.6\"','633F600AT',0),(996,'ADAPTADOR ROSCA MACHO BR.FUND.6\"','633F600BF',0),(997,'ADAPTADOR KAMLOK R.MACHO BR.6\"','633F600BT',0),(998,'ADAPTADOR REDUCTOR KAMLOK 4\"X 3\"','633FD-8766',0),(999,'ADAPTADOR REDUCTOR KAMLOK 3\"X 4\"','633FD-8850',0),(1000,'ADAPTADOR DES.HERM.BRONCE 3\"FUND','633T300F',0),(1001,'ADAPTADOR DESCARGA HERMET.BR.3\"','633T300T',0),(1002,'ADAPTADOR/DESCARGA HERMETICA 4\"','633T400',0),(1003,'TAPON KAMLOK AL.FUNDIDO 1/2\"','634A050AF',0),(1004,'TAPON KAMLOK BRONCE FUNDIDO 1/2\"','634A050BF',0),(1005,'TAPON KAMLOK DE ACERO INOX.1/2\"','634A050ST',0),(1006,'TAPON KAMLOK AL.FUNDIDO 3/4\"','634A075AF',0),(1007,'TAPON KAMLOK ALUMINIO 3/4\"','634A075AT',0),(1008,'TAPON KAMLOK BRONCE FUNDIDO 3/4\"','634A075BF',0),(1009,'TAPON KAMLOK BRONCE 1/2\" Y 3/4\"','634A075BT',0),(1010,'TAPON KAMLOK POLIPROPILENO 3/4\"','634A075PT',0),(1011,'TAPON KAMLOK DE ACERO INOX.3/4\"','634A075ST',0),(1012,'TAPON KAMLOK ALUMINIO FUNDIDO 1\"','634A100AF',0),(1013,'TAPON KAMLOK ALUMINIO 1\"','634A100AT',0),(1014,'TAPON KAMLOK BRONCE FUNDIDO 1\"','634A100BF',0),(1015,'TAPON KAMLOK BRONCE 1\"','634A100BT',0),(1016,'TAPON KAMLOK POLIPROPILENO 1\"','634A100PT',0),(1017,'TAPON KAMLOK ACERO 1\"','634A100ST',0),(1018,'TAPON KAMLOK AL.FUNDIDO 1-1/4\"','634A125AF',0),(1019,'TAPON KAMLOK ALUMINIO 1-1/4\"','634A125AT',0),(1020,'TAPON KAMLOK BR.FUNDIDO 1-1/4\"','634A125BF',0),(1021,'TAPON KAMLOK BRONCE 1-1/4\"','634A125BT',0),(1022,'TAPON KAMLOK ACERO INOX.1 1/4\"','634A125ST',0),(1023,'TAPON KAMLOK AL.FUNDIDO 1-1/2\"','634A150AF',0),(1024,'TAPON KAMLOK ALUMINIO 1-1/2\"','634A150AT',0),(1025,'TAPON KAMLOK BR.FUNDIDO 1-1/2\"','634A150BF',0),(1026,'TAPON KAMLOK BRONCE 1-1/2\"','634A150BT',0),(1027,'TAPON KAMLOK POLIPROP.1-1/2\"','634A150PT',0),(1028,'TAPON KAMLOK ACERO FUND.1-1/2\"','634A150SF',0),(1029,'TAPON KAMLOK ACERO 1-1/2\"','634A150ST',0),(1030,'TAPON KAMLOK ALUMINIO FUNDIDO 2\"','634A200AF',0),(1031,'TAPON KAQMLOK ALUMINIO 2\"','634A200AT',0),(1032,'TAPON KAMLOK BRONCE FUNDIDO 2\"','634A200BF',0),(1033,'TAPON KAMLOK BRONCE 2\"','634A200BT',0),(1034,'TAPON KAMLOK POLIPROPILENO 2\"','634A200PT',0),(1035,'TAPON KAMLOK ACERO FUNDIDO 2\"','634A200SF',0),(1036,'TAPON KAMLOK ACERO 2\"','634A200ST',0),(1037,'TAPON KAMLOK AL.FUNDIDO 2-1/2\"','634A250AF',0),(1038,'TAPON KAMLOK ALUMINIO 2-1/2\"','634A250AT',0),(1039,'TAPON KAMLOK BR.FUNDIDO 2-1/2\"','634A250BF',0),(1040,'TAPON KAMLOK BRONCE 2-1/2\"','634A250BT',0),(1041,'TAPON KAMLOK ACERO INOX. 2 1/2\"','634A250ST',0),(1042,'TAPON KAMLOK ALUMINIO FUNDIDO 3\"','634A300AF',0),(1043,'TAPON KAMLOK ALUMINIO 3\"','634A300AT',0),(1044,'TAPON KAMLOK BRONCE FUNDIDO 3\"','634A300BF',0),(1045,'TAPON KAMLOK BRONCE 3\"','634A300BT',0),(1046,'TAPON KAMLOK POLIPROPILENO 3\"','634A300PT',0),(1047,'TAPON KAMLOK ACERO 3\"','634A300ST',0),(1048,'TAPON KAMLOK ALUMINIO FUNDIDO 4\"','634A400AF',0),(1049,'TAPON KAMLOK ALUMINIO 4\"','634A400AT',0),(1050,'TAPON KAMLOK BRONCE FUNDIDO 4\"','634A400BF',0),(1051,'TAPON KAMLOK BRONCE 4\"','634A400BT',0),(1052,'TAPON KAMLOK DE ACERO INOX.4\"','634A400ST',0),(1053,'TAPON KAMLOK ALUMINIO FUNDIDO 6\"','634A600AF',0),(1054,'TAPON KAMLOK ALUMINIO 6\"','634A600AT',0),(1055,'TAPON KAMLOK BRONCE FUNDIDO 6\"','634A600BF',0),(1056,'TAPON KAMLOK BRONCE 6\"','634A600BT',0),(1057,'TAPA KAMLOK ALUM.FUNDIDO 1/2\"','634B050AF',0),(1058,'TAPA KAMLOK ALUM.MECANIZADO 1/2\"','634B050AM',0),(1059,'TAPA KAMLOK BRONCE FUNDIDO 1/2\"','634B050BF',0),(1060,'TAPA KAMLOK BRONCE MECANIZ.1/2\"','634B050BM',0),(1061,'TAPA KAMLOK DE ACERO INOX.3/4\"','634B050ST',0),(1062,'TAPA KAMLOK ALUM.FUNDIDO 3/4\"','634B075AF',0),(1063,'TAPA KAMLOK ALUM.MECANIZADO 3/4\"','634B075AM',0),(1064,'TAPA KAMLOK ALUMINIO 3/4\"','634B075AT',0),(1065,'TAPA KAMLOK BRONCE FUNDIDO 3/4\"','634B075BF',0),(1066,'TAPA KAMLOK BRONCE MACANIZ.3/4\"','634B075BM',0),(1067,'TAPA KAMLOK BRONCE 1/2\" Y 3/4\"','634B075BT',0),(1068,'TAPA KAMLOK POLIPROPILENO 3/4\"','634B075PT',0),(1069,'TAPA KAMLOK ACERO 3/4\"','634B075ST',0),(1070,'TAPA KAMLOK ALUMINIO FUNDIDO 1\"','634B100AF',0),(1071,'TAPA KAMLOK ALUM.MECANIZADO 1\"','634B100AM',0),(1072,'TAPA KAMLOK ALUMINIO 1\"','634B100AT',0),(1073,'TAPA KAMLOK BRONCE FUNDIDO 1\"','634B100BF',0),(1074,'TAPA KAMLOK BRONCE MACANIZADO 1\"','634B100BM',0),(1075,'TAPA KAMLOK BRONCE 1\"','634B100BT',0),(1076,'TAPA KAMLOK POLIPROPILENO 1\"','634B100PT',0),(1077,'TAPA KAMLOK ACERO FUNDIDA 1\"','634B100SF',0),(1078,'TAPA KAMLOKM ACERO 1\"','634B100ST',0),(1079,'TAPA KAMLOK ALUM.FUNDIDO 1-1/4\"','634B125AF',0),(1080,'TAPA KAMLOK ALUM.MECANIZ.1-1/4\"','634B125AM',0),(1081,'TAPA KAMLOK ALUMINIO 1-1/4\"','634B125AT',0),(1082,'TAPA KAMLOK BRONCE FUND.1-1/4\"','634B125BF',0),(1083,'TAPA KAMLOK BRONCE MEC.1-1/4A\"','634B125BM',0),(1084,'TAPA KAMLOK BRONCE 1-1/4\"','634B125BT',0),(1085,'TAPA DE ACERO INOXIDABLE 1 1/4\"','634B125ST',0),(1086,'TAPA KAMLOK ALUM.FUNDIDO 1-1/2\"','634B150AF',0),(1087,'TAPA KAMLOK ALUM.MECANIZ.1-1/2\"','634B150AM',0),(1088,'TAPA KAMLOK ALUMINIO 1-1/2\"','634B150AT',0),(1089,'TAPA KAMLOK BRONCE FUND.1-1/2\"','634B150BF',0),(1090,'TAPA KAMLOK BRONCE FUND.1-1/2\"','634B150BM',0),(1091,'TAPA KAMLOK BRONCE 1-1/2\"','634B150BT',0),(1092,'TAPA KAMLOK POLIPROPILENO 1-1/2\"','634B150PT',0),(1093,'TAPA KAMLOK ACERO FUNDIDA 1-1/2\"','634B150SF',0),(1094,'TAPA KAMLOK ACERO 1-1/2\"','634B150ST',0),(1095,'TAPA KAMLOK ALUMINIO FUNDIDO 2\"','634B200AF',0),(1096,'TAPA KAMLOK ALUMINIO MECANIZ.2\"','634B200AM',0),(1097,'TAPA KAMLOK ALUMINIO 2\"','634B200AT',0),(1098,'TAPA KAMLOK BRONCE FUNDIDO 2\"','634B200BF',0),(1099,'TAPA KAMLOK BRONCE MECANIZADO 2\"','634B200BM',0),(1100,'TAPA KAMLOK BRONCE 2\"','634B200BT',0),(1101,'TAPA KAMLOK POLIPROPILENO 2\"','634B200PT',0),(1102,'TAPA KAMLOK ACERO FUNDIDA 2\"','634B200SF',0),(1103,'TAPA KAMLOK ACERO 2\"','634B200ST',0),(1104,'MODELO = 1 - MA / C.NOYO = 1 - MA','634B250',0),(1105,'TAPA KAMLOK ALUM.FUNDIDO 2-1/2\"','634B250AF',0),(1106,'TAPA KAMLOK ALUM.MECANIZ.2-1/2\"','634B250AM',0),(1107,'TAPA KAMLOK ALUMINIO 2-1/2\"','634B250AT',0),(1108,'TAPA KAMLOK BRONCE FUND.2-1/2\"','634B250BF',0),(1109,'TAPA KAMLOK BRONCE MECAN.2-1/2\"','634B250BM',0),(1110,'TAPA KAMLOK BRONCE 2-1/2\"','634B250BT',0),(1111,'TAPA KAMLOK DE ACERO 2 1/2\"','634B250ST',0),(1112,'TAPA KAMLOK ALUMINIO FUNDIDO 3\"','634B300AF',0),(1113,'TAPA KAMLOK ALUMINIO MECANIZ.3\"','634B300AM',0),(1114,'TAPA KAMLOK ALUMINIO 3\"','634B300AT',0),(1115,'TAPA KAMLOK BRONCE FUNDIDO 3\"','634B300BF',0),(1116,'TAPA KAMLOK BRONCE MECANIZADO 3\"','634B300BM',0),(1117,'TAPA KAMLOK BRONCE 3\"','634B300BT',0),(1118,'TAPA KAMLOK POLIPROPILENO 3\"','634B300PT',0),(1119,'TAPA KAMLOK ACERO FUNDIDA 3\"','634B300SF',0),(1120,'TAPA KAMLOK ACERO 3\"','634B300ST',0),(1121,'TAPA KAMLOK ALUMINIO FUNDIDO 4\"','634B400AF',0),(1122,'TAPA KAMLOK ALUMINIO MECANIZ.4\"','634B400AM',0),(1123,'TAPA KAMLOK ALUMINIO 4\"','634B400AT',0),(1124,'TAPA KAMLOK BRONCE FUNDIDO 4\"','634B400BF',0),(1125,'TAPA KAMLOK BRONCE MECANIZADO 4\"','634B400BM',0),(1126,'TAPA KAMLOK BRONCE 4\"','634B400BT',0),(1127,'TAPA KAMLOK DE ACERO INOX. 4\"','634B400ST',0),(1128,'TAPA KAMLOK ALUMINIO FUNDIDO 6\"','634B600AF',0),(1129,'TAPA KAMLOK ALUMINIO MECANIZ.6\"','634B600AM',0),(1130,'TAPA KAMLOK ALUMINIO 6\"','634B600AT',0),(1131,'TAPA KAMLOK BRONCE FUNDIDO 6\"','634B600BF',0),(1132,'TAPA KAMLOK BRONCE MECANIZADO 6\"','634B600BM',0),(1133,'TAPA KAMLOK BRONCE 6\"','634B600BT',0),(1134,'CLIPLOK KIT DE 1 1/4\" A 2 1/2\"','634CLK-7020',0),(1135,'CLIPLOK KIT DE 3\" A 5\"','634CLK-7080',0),(1136,'KIT DE FRENO DE LEVAS PARA 3\"/5\"','634CLKI-1070',0),(1137,'KIT DE FRENO DE LEVAS PARA 1\"','634LK-1020',0),(1138,'TAPA DESCARGA HERME.634TE FUND.','634TE300F',0),(1139,'TAPA DESCARGA HERMT.634TE 3\"MEC.','634TE300M',0),(1140,'TAPA DESCARGA HERM.634TE 3\"PINT.','634TE300P',0),(1141,'TAPA DESCARGA HERMETICA 634TE 3\"','634TE300T',0),(1142,'TAPA DE CIERRE HERMETICO 4\"','634TT',0),(1143,'KIT DE REPARACION DE VITON 3\"','6402RK-0302',0),(1144,'KIT REPARACION VITON 4\" P/417K-0402','6402RK-0402',0),(1145,'CONEX.GIRATORIA BASE BRIDA ANSI','6420F-0403',0),(1146,'VALVULA HORIZONTAL DE AL 3\"','6429V-0302',0),(1147,'VALVULA HORIZONTAL DE AL 4\"','6429V-0402',0),(1148,'VAL.CIER.4\"SIN DISPOS.HOMB.MUERT','6429V-N827',0),(1149,'VALVULA EN ANGULO 4\"','6549V-0402',0),(1150,'VALV./SEGURIDAD CON MANGUERA 1\"','66-100',0),(1151,'MANG./VALV.DE SEGURIDA 3/4\"X8\"','66H',0),(1152,'FUSIBLE PARA REEMPLAZO EN 66SP','66PRK-5020',0),(1153,'VALVUL.DE SEGURIDAD RECONECTABLE','66REC',0),(1154,'BREAKAWAY SWIVEL RECONECTABLE 1\"','66SB-1010+A1173',0),(1155,'BREAKAWAY SWIVEL RECONECT.3/4\"','66SB-7575',0),(1156,'VALVULA/SEGURIDAD BREAKAWAY 2\"','66SP-5200',0),(1157,'VALVULA BEAKAWAY DE 3/4\"','66V-0250',0),(1158,'VALVULA BREAKAWAY DE 1\"','66V-1300',0),(1159,'TUBO DE JET FUEL PARA 296','696J',0),(1160,'JUNTA DE LA UNION DEL MEDIDOR','700-15',0),(1161,'TUERCA DE 5/16 X 19','700-27',0),(1162,'SELLO CON ACCESORIOS','700-40K',0),(1163,'INTERRUPTOR','700-48',0),(1164,'PICO MANUAL','700-57',0),(1165,'KIT DE REP.FR7701(PALETAS/ROTOR)','700B',0),(1166,'CUERPO DE LA BOMBA','700B-30E',0),(1167,'MALLA FILTRANTE STANDARD','700B-7',0),(1168,'EJE DE CONEXION PERILLA/MEDIDOR','702-15',0),(1169,'CHAPON FRONTAL','702F3546',0),(1170,'FRENTE DEL MEDIDOR','702F3603',0),(1171,'RESORTE PARA LA VALVULA VA2122','7087',0),(1172,'VALVULA DE RETENCION','70S-0075',0),(1173,'ENCHUFE OPTICO API/ISLA DE CARGA','7100',0),(1174,'ESPACEADOR PARA BRAZO/CARGA 4\"','710ATT',0),(1175,'ADAPTADOR R.M.Y ESP.MANG.FUN.1\"','710HS100F',0),(1176,'ADAPT.R.MACH.Y ESP.MANG.POLIP.1\"','710HS100P',0),(1177,'ADAPTADOR R.M.Y ESP.MANG.TERM.1\"','710HS100T',0),(1178,'ADAPT.R.M.Y ESP.MANG.FUN.1 1/4\"','710HS125F',0),(1179,'ADAPT.R.M.Y ESP.MANG.TERM.1 1/4\"','710HS125T',0),(1180,'ADAPT.R.M.Y ESP.MANG.TERM.1 1/4\"','710HS125T',0),(1181,'ADAP.R.MACH.Y ESP./MAN.AL.1 1/2\"','710HS150AF',0),(1182,'ADAPT.ROSCA MACHO/MANG.AL 1 1/2\"','710HS150AT',0),(1183,'ADAP.R.M.Y ESP.MANG.BR.F.1-1/2\"','710HS150F',0),(1184,'ADAP.R.MAC.Y ESP.MANG.POL.1-1/2\"','710HS150P',0),(1185,'ADAP.R.MACH.Y ESP.MANG.BR.1-1/2\"','710HS150T',0),(1186,'ADAP.R.MACH. Y ESP./MANG.AL.2\"F','710HS200AF',0),(1187,'ADAPT.R.MACHO Y ESP./MANG.AL 2\"','710HS200AT',0),(1188,'ADAP.R.MACH.Y ESP.MANG.BR.FUN.2\"','710HS200F',0),(1189,'ADAP.R.MACHO Y ESP.MANG.POLIP.2\"','710HS200P',0),(1190,'ADAPT.R.MACHO Y ESP./MANG. BR.2\"','710HS200T',0),(1191,'ADAP.R.M.Y ESP.MANG.AL.F.2-1/2\"','710HS250AF',0),(1192,'ADAPTADOR JUNTA MACHO 2-1/2\" AL','710HS250AT',0),(1193,'ADAP.R.M.Y ESP.MANG.BR.F.2-1/2\"','710HS250F',0),(1194,'ADAP.R.MACH.Y ESP.MANG.BR.2-1/2\"','710HS250T',0),(1195,'ADAP.R.MACH.Y ESP./MANG.EN AL.3\"','710HS300AF',0),(1196,'ADAPTADOR ROSCA MACHO/MANG.3\"AL','710HS300AT',0),(1197,'ADAPT.R.MACHO Y ESP.MANG.BR.F.3\"','710HS300F',0),(1198,'ADAP.R.MACHO Y ESP.MANG.POLIP.3\"','710HS300P',0),(1199,'ADAPT.R.MACHO Y ESP./MANG. BR.3\"','710HS300T',0),(1200,'ADAPT.R.MACHO Y ESP.MANG.AL.F.4\"','710HS400AF',0),(1201,'ADAPT.R.MACHO Y ESP./MANG.AL.4\"','710HS400AT',0),(1202,'ADAPT.R.MACHO Y ESP.MANG.BR.F.4\"','710HS400F',0),(1203,'ADAPT. ROSCA MACHO NPT/ESP.MAN. 4\"','710HS400NPT',0),(1204,'ADAPT.R.MACHO Y ESP./MANG. BR.4\"','710HS400T',0),(1205,'NIPLE DE HIERRO/3858 ROSCADO','710HTT',0),(1206,'NIPLE DE FE/CONEXION DE BASE','710-T',0),(1207,'NIPLE DE AL DE 13 CM ROSCADO','710-TA',0),(1208,'NIPLE DE AL DE 13 CM ROSC. Y MEC P/477','710-TAM',0),(1209,'NIPLE DE FE/CONEXION BASE COMPRADO','710-TF',0),(1210,'NIPLE DE FE/CONEXION BASE COMPRADO 2\"','710-TF-2',0),(1211,'NIPLE DE FE/CONEX. BASE COMPRADO 2\" SCH80','710-TF-2-80',0),(1212,'PERFIL PLANO P/ABRAZADERA SOLD. DE 710-T','710-T-PP',0),(1213,'PERFIL \"T\" P/ABRAZADERA SOLD. DE 710-T','710-T-PT',0),(1214,'PICO MANUAL DE ACERO INOX.1\"','711S',0),(1215,'CABLE ESPIRALADO/TOMA SOCKET','7220-7220',0),(1216,'MANOMETRO DE PRESION DIFERENCIAL','7-224',0),(1217,'MANGUERA DAYCO 1\" 3M/TERMINALES','7280-100',0),(1218,'MANGUERA DAYCO 1\" 4,5M/TERMINAL','7280-1002',0),(1219,'MANG.DAYCO 3/4\" 4,5M/TERMINALES','7280-752',0),(1220,'ANILLO \"O\"RECUBIERTO DE TEFLON','7342',0),(1221,'ANILLO \"O\"RECUBIERTO DE TEFLON','7367',0),(1222,'CAJA DE CONEXIONES','7500-7500',0),(1223,'CAJA ESTANCA PARA 7500','7500CE',0),(1224,'CAJA DE CONEX. NACIONAL P/PINZA PUESTA A TIERRA','7500N',0),(1225,'MANGUERA FLEXIBLE DE SS 3/4\"X1M','75-36-7J-I',0),(1226,'PINZA DE VERIF.PUESTA A TIERRA','7720-7720',0),(1227,'PINZA DE PUESTA A TIERRA NACIONAL','7720N',0),(1228,'MEDIA PINZA DE PUESTA A TIERRA FUND.','7720NPF',0),(1229,'RESORTE PARA PINZA DE PUESTA A TIERRA','7720R',0),(1230,'CODO KAM.HEM./HEM./VALV DISCO 2\"','77B',0),(1231,'MANGUERA','78360',0),(1232,'BALANZA DE TORSION PARA BC DE 2\"','788-0020',0),(1233,'BALANZA DE TORSION/BRAZO CARGA','789A',0),(1234,'BALANZA DE TORSION','790A-0020',0),(1235,'SENSOR/DETECC.HIDROCARB.LIQUIDOS','7AM5006',0),(1236,'TERMINALES PARA SENSORES','7AM5067',0),(1237,'MONITOR ALERTMASTER','7AM5100',0),(1238,'PICO 7H CON PROTECTOR AMARILLO','7HA',0),(1239,'PA 7H CON PROTECTOR NEGRO','7HN',0),(1240,'PA 7H SIN PROTECTOR','7HSP',0),(1241,'PA 7H CON PROTECTOR VERDE','7HV',0),(1242,'PERILLA PARA MEDIDORES 806BL/902','800-105A',0),(1243,'JUNTA/TAPA DE LA MALLA FILTRANTE','800-115',0),(1244,'KIT DE REPARACION PARA EL 806BL','800-58L',0),(1245,'ANILLO \"O\" DE BUNA PARA SERIE801','800-65',0),(1246,'CONTADOR EN LITROS PARA 807','800-85-L',0),(1247,'REPUESTO CONTADOR/MEDIDOR 806BL','800-8SAL',0),(1248,'SUBCONJ.CAMARA MEDICION /806BL','800G2531',0),(1249,'KIT DE REPARACION PARA EL 806CL','800RKL-CL',0),(1250,'VALV.ESF.POLIP./ESF.POLIP.3/4\"','8012075P',0),(1251,'MONITOR/VERIFICACI.PUESTA TIERRA','8020-8020',0),(1252,'MEDIDOR MECANICO DE 3 DIGITOS','806C',0),(1253,'MEDIDOR MECANICO DE 19 A 76 LPM','807CNL',0),(1254,'MONITOR OPTICO PARA ISLA/CARGA','8140-8140',0),(1255,'CUERPO DEL MEDIDOR 821','820F1535',0),(1256,'CONEX GIRATORIA DE ACERO AL CARB. 3\"','8420F-0302',0),(1257,'CONEX GIRAT. 4\" CON BRIDAS VITON','8420F-0402',0),(1258,'COBERTOR','85240',0),(1259,'SUCCIONES','85755',0),(1260,'ADAPTADOR A.P.I. DE 4\"','861-400',0),(1261,'ADAPTADOR A.P.I.DE 4\" CON VISOR','861B-400',0),(1262,'KIT DE SELLOS/ADAPTADOR API 862','861ORK',0),(1263,'SOPORTE PARA VALVULA DE 3 VIAS','865K',0),(1264,'ACOPL.DESCARGA/GRAVEDAD 4\"X4\"','871A-74',0),(1265,'ACOPL.DESCARGA/GRAVEDAD 4\"X3\"','871A-75',0),(1266,'ACOPL.DESC.GRAV.4\"/PALANC.APERT.','871ED-AL40',0),(1267,'TAPA FUNDIDA/ADAPTADOR API 4\"','873CF',0),(1268,'TAPA/ADAP.API 4\"/CANDADO GRANALLADA','873CGR',0),(1269,'TAPA/ADAP.API 4\"/CANDADO MECANIZ','873CM',0),(1270,'TAPA/ADAPTADOR API 4\"/CANDADO','873CT',0),(1271,'RODILLO PARA TAPA 873C','873ROD',0),(1272,'MEDIDOR VOLUMET.AL.SELLO VITON','881 SR4-7/8',0),(1273,'ADAPTADOR A.P.I. DE 4\"','897-400',0),(1274,'ADAPTADPR A.P.I.DE 4\" CON VISOR','897B-400',0),(1275,'CONTADOR PARA MEDIDOR 901L','900-17L',0),(1276,'KIT DE REPARACION PARA 901L','900-48L',0),(1277,'MEDIDOR MECANICO DE 23 A 151 LPM','901L',0),(1278,'ARO DE HIERRO PARA 1-2101','9E4401',0),(1279,'ARO DE HIERRO FUNDIDO/EL 1-2101','9E4401F',0),(1280,'MONITOR OUT ALARM','A100M-0001',0),(1281,'SONDA PARA MONITOR OUT ALARM 48\"','A100PSS-0048',0),(1282,'ABRAZADERA/MANGUERA TITAN DE 4\"','ABRAZ.TITAN-4',0),(1283,'MANIJA PARA CODO 60T 3\" FUNDIDA','AC1088DIF',0),(1284,'MANIJA PARA CODO 60T 3\"','AC1088DIT',0),(1285,'ELEMENTO FILTRANTE AQUACON ACI','ACI-62201KTB',0),(1286,'ELEMENTO FILTRANTE AQUACON ACI','ACI-62901KTB',0),(1287,'ELEMENTO FILTRANTE AQUACON ACI','ACI-64401KTB',0),(1288,'ELEMENTO FILTRANTE AQUACON ACI','ACI-64401KTV',0),(1289,'ELEMENTO FILTRANTE','ACO51201C',0),(1290,'ELEMENTO FILTRANTE AQUACON','ACO51201K',0),(1291,'ELEMENTO FILTRANTE','ACO51205C',0),(1292,'ELEMENTO FILTRANTE','ACO60901C',0),(1293,'ELEMENTO FILTRANTE','ACO60901K',0),(1294,'ELEMENTO FILTRANTE','ACO60905C',0),(1295,'ELEMENTO FILTRANTE AQUACON','AD51225',0),(1296,'ADHESIVO PARA BRIDAS BC COMUN','ADHBC106',0),(1297,'BC 4\" TUBO PRIMARIO Y MANGUERA','AFH32F',0),(1298,'DETECTOR DE FUGAS','ALD-LEAK',0),(1299,'KIT ALARMA/FUNC.PRUEBA Y SENSOR','ALM-KIT',0),(1300,'PIEZAS VARIAS DE ALUMINIO','ALUM-VARIOS',0),(1301,'KIT PARA VENTILACION DE TAPA E00072M','AT1000',0),(1302,'RECIPIENTE ANTI GOTEO P/BRAZOS DE 4\"','AT1001',0),(1303,'BALDE INOX. 16CM P/AT1001','AT1001-01',0),(1304,'MANIJA BCE P/AT1001','AT1001-02',0),(1305,'EJE MANIJA MACHO AL P/AT1001','AT1001-03',0),(1306,'EJE MANIJA HEMBRA AL P/AT1001','AT1001-04',0),(1307,'TORNILLO ALEN INOX P/EJE MANIJA AT1001','AT1001-05',0),(1308,'TUERCA INOX P/EJE MANIJA AT1001','AT1001-06',0),(1309,'TORNILLO ALEN INOX P/BRIDA MANIJA AT1001','AT1001-07',0),(1310,'TUERCA INOX P/BRIDA MANIJA AT1001','AT1001-08',0),(1311,'TRABA DE MOVIMIENTO P/BRAZOS DE 4\"','AT1002',0),(1312,'CUERPO BRIDADO ENDURECIDO/VALV.417K 3\"','AT1006AEN',0),(1313,'CUERPO BRIDADO FUNDIDO/VALV.417K 3\"','AT1006F',0),(1314,'TAPA Y CILINDRO END. AL. P/ VALV DE HM 3\"','AT1007EN',0),(1315,'TAPA Y CILINDRO FUND. AL. P/ VALV DE HM 3\"','AT1007F',0),(1316,'GUIA DE BCE FUND PARA VALVULA DE HM 3\"','AT1008F',0),(1317,'PISTON END. AL. PARA VALVULA HM 3\"','AT1009END',0),(1318,'PISTON FUNDIDO AL. PARA VALVULA HM 3\"','AT1009F',0),(1319,'DISCO DE CIERRE PARA VALVULA DE HM 3\"','AT1010',0),(1320,'DEF REFORZADO PARA TUBO DESCARGA 4\"','AT1024',0),(1321,'DEF REFORZADO PARA TUBO DESCARGA 4\" END.','AT1024EN',0),(1322,'DEF REFORZADO PARA TUBO DESCARGA 4\" FUND.','AT1024F',0),(1323,'ORING BUNA P/POLVO CONEXIONES 4\"','AT1025',0),(1324,'CODO R. LARGO SCH40 SS 316 4\"','AT1026',0),(1325,'CANO SCH40 DE 4\" DE SS 316 C/COSTURA','AT1027',0),(1326,'CANO SCH10 DE 4\" DE SS 316 C/COSTURA','AT1028',0),(1327,'BARRA REDONDA 180,00MM SS 316L','AT1029',0),(1328,'BARRA REDONDA 152,40MM SS 316L','AT1030',0),(1329,'BRIDA DE SS 316L C/CUELLO P/SOLDAR S150 4\" SCH80','AT1031',0),(1330,'CUERPO M LARGO FABRICADO SS 316L P/SOLDAR','AT1032',0),(1331,'CUERPO H LARGO FABRICADO SS 316L P/SOLDAR','AT1033',0),(1332,'CUERPO M CORTO FABRICADO SS 316L P/SOLDAR','AT1034',0),(1333,'CUERPO H CORTO FABRICADO SS 316L P/SOLDAR','AT1035',0),(1334,'ABRAZADERA DE HIERRO NOD. 4\" P/BALANZA 789','AT1036',0),(1335,'ABRAZADERA DE HIERRO NOD. 3\" P/BALANZA 789','AT1037',0),(1336,'FLEJE DE SS 3/4\" PARA ABRAZADERA','B00101201',0),(1337,'FLEJE DE SS 1/2\"/ABRAZADERA','B00101901',0),(1338,'BUJE REDUCCION 1\" A 3/4\" S300 NPT','B100075S300N',0),(1339,'HEBILLA DE SS 3/4\" P/ABRAZADERA','B10201201',0),(1340,'HEBILLAS DE SS 1/2\"/ABRAZADERA','B10201901',0),(1341,'BOMBA DE 12 V','B12V',0),(1342,'LEVA DE BRONCE PARA KAMLOK DE 6\"','B812B',0),(1343,'LEVA DE BCE. PARA KAMLOK DE 6\" FUND.','B812BF',0),(1344,'ABRAZADERA BANDIT DE SS','BANDIT-04',0),(1345,'','BL-GGP',0),(1346,'MANGUERA CON BRIDAS TTMA 4\"X 90\"','BL-GGP-90',0),(1347,'BOLSA CON CIERRE DE 12 X 17 NRO 6','BLSA-N06',0),(1348,'BARRA RED 15,80MM INOX. 304 POR METRO','BRI15-8MM304',0),(1349,'BRIDA PARA LA VALVULA 1986','BRIDA-1985',0),(1350,'BRIDA/FE ROSCADA DE 2\"SERIE 150','BS150-02',0),(1351,'BRIDA DE FE C/ROSCA BSPT S150 2\"','BS150-02TH-B',0),(1352,'BRIDA DE FE C/ROSCA NPT S150 2\"','BS150-02TH-N',0),(1353,'BRIDA DE FE C/ROSCA NPT S150 3\"','BS150-03TH-N',0),(1354,'BRIDA DE FE C/CUELLO P/SOLDAR S150 3\" SCH40','BS150-03WN40',0),(1355,'BRIDA DE FE C/ROSCA NPT S150 4\"','BS150-04TH-N',0),(1356,'BRIDA DE FE 4\" S150 C/ROSCA 3\" NPT','BS150-04x3TH-N',0),(1357,'BRIDA DE FE C/ROSCA NPT S300 1\"','BS300-01TH-N',0),(1358,'BRIDA DE FE C/ASIENTO P/SOLDAR S300 2\"','BS300-02SW',0),(1359,'BRIDA DE FE C/ROSCA NPT S300 2\"','BS300-02TH-N',0),(1360,'BRIDA DE FE C/CUELLO P/SOLDAR S300 2\"','BS300-02WN',0),(1361,'BRIDA DE FE C/CUELLO P/SOLDAR S300 2\" SCH40','BS300-02WN40',0),(1362,'BRIDA DE FE C/CUELLO P/SOLDAR S300 2\" SCH80','BS300-02WN80',0),(1363,'MANIJA DE DURA-TUFF PARA A.P.I','C10009M',0),(1364,'JUNTA PLANA PARA 1986','C10011M',0),(1365,'JUNTA PARA 1711VL','C10077M',0),(1366,'LEVA BRONCE 1/2\"A 3/4\"IMPORTADA','C10169M',0),(1367,'LEVA DE BR IMPORTADA 1\"S','C10170M',0),(1368,'LEVA BR.1 1/4\"-2 1/2\"IMPORTADA','C10171M',0),(1369,'LEVA ACERO INOX.1-1/4\" A 2-1/2\"','C10175M',0),(1370,'BRAZO LEVA DERECHA CODO 60T FUND','C1086BWF',0),(1371,'BRAZO LEVA DERECHA PARA 60T 3\"','C1086BWT',0),(1372,'BRAZO LEVA IZQ.CODO 60T 3\" FUND.','C1087BWF',0),(1373,'BRAZO LEVA IZQUIERDA PARA 60T 3\"','C1087BWT',0),(1374,'LEVA DE CIERRE PARA TAPA 634TE3\"','C1094RB',0),(1375,'TAPON ROSCADO FUNDIDO','C1267DF',0),(1376,'LEVA ACERO INOX./KAMLOK 3\" Y 4\"','C1652M',0),(1377,'TAPON ROSCADO PARA 11A/11B','C1689M',0),(1378,'TUBO DESCARGA C/VALVULA PARA 11A','C1696',0),(1379,'TERMINAL GIRAT.ROSC.MACHO/2954RA','C1750AMT',0),(1380,'TERMINAL FIJO ROSC.HEMBRA/2954RA','C1751AHT',0),(1381,'MEDIA ABRAZ.BR./CONEX.GIRAT.2955','C1758BT',0),(1382,'ABRAZADERA SIMPLE P/COLLAR 1000T','C1861DIT',0),(1383,'ABRAZ.CON PIVOTE FUND./1000RC','C1878AF',0),(1384,'ABRAZADERA CON PIVOTE P/1000RC','C1878AT',0),(1385,'ABRAZADERA SIMPLE PARA 1000RC','C1879AT',0),(1386,'ABRAZ.SIMPLE ENDURECIDA PARA 1000RC','C1929AEN',0),(1387,'ABRAZ.SIMPLE FUNDIDA PARA 1000RC','C1929AF',0),(1388,'ABRAZ.SIMPLE PARA 1000RC','C1929AT',0),(1389,'ABRAZ. AL P/1000RC C/PIVOTE ENDURECIDA','C1930AEN',0),(1390,'ABRAZ. AL P/1000RC C/PIVOTE FUND','C1930AF',0),(1391,'ABRAZ.AL CON PIVOTE PARA 1000RC','C1930AT',0),(1392,'LEVA DE CIERRE/ACOPLE API 1004D','C20063M',0),(1393,'MANG. FLEX INOX /BC POR ABAJO','C20069M',0),(1394,'CILINDRO PARA ACOPLE API 1004D','C20144RAH',0),(1395,'GUIA PARA VALVULA 3\"','C20155AH',0),(1396,'SUBCONJUNTO DE PISTON','C20163',0),(1397,'SUBCONJUNTO DE PALANCA/295SA151','C2156',0),(1398,'DEFENSA DE ALUMINIO/295SA151','C2182A',0),(1399,'MANIJA PARA VALVULA 417K 4\" FUND.','C2244MIF',0),(1400,'MANIJA PARA VALVULA 417K 4\" RECOCIDA','C2244MIREC',0),(1401,'MANIJA PARA VALVULA 417K 4\"','C2244MIT',0),(1402,'JUNTA DE LA TAPA PARA VALV.417K','C2261M',0),(1403,'TUBO DESCARGA FINO C/VALV./11A','C2565',0),(1404,'SOPORTE DEL VASTAGO DE LA 1611AV','C2642M',0),(1405,'CANO MECANIZADO PARA LA 53VSS','C2770RS',0),(1406,'CANO DE HIERRO PARA LA 53VSS','C2770RSMP',0),(1407,'PIEZA EXTRACTORA PARA 233VM','C2799ZA',0),(1408,'SUBCONJ.COLLAR/CONEX.GIRAT.2955','C2925',0),(1409,'CONEXION GIRATORIA PARA 295SA151','C2943RAH',0),(1410,'CABLE PARA EL BULON 2900','C2MM',0),(1411,'VASTAGO DE ACERO PARA 11A Y 11B','C3002RE',0),(1412,'RECTO PISTA M. / ROSCA H. 4\" AL. FUND.','C3007AF',0),(1413,'RECTO PISTA M. / ROSCA H. 4\" AL. REC.','C3007ARE',0),(1414,'RECTO PISTA M. / ROSCA H. 4\" AL. P/3621','C3007AT',0),(1415,'RECTO PISTA H. / BRIDA TTMA. 4\" AL. FUND.','C3008AF',0),(1416,'RECTO PISTA H. / BRIDA TTMA. 4\" AL. REC.','C3008ARE',0),(1417,'RECTO PISTA H. / BRIDA TTMA. 4\" AL. P/3621','C3008AT',0),(1418,'MANIJA VALV.POLIP.1/2\",3/4\" Y 1\"','C3022MT',0),(1419,'MANIJA PINTADA/VAL.ESF.1-1/2\"A2\"','C3023MT',0),(1420,'MANIJA','C3048M',0),(1421,'BARRA DE CIERRE PARA 60T 3\"','C3189RAT',0),(1422,'BRIDA TTMA DE ACERO 3\"','C3286M',0),(1423,'BC CON VALVULA 3 MOVIMIENTOS 2\"','C32F-001',0),(1424,'BRAZO DE CARGA DE 4\"','C32F-002',0),(1425,'BC. CON VALVULA 3 MOVIMIENTOS 2\"','C32F-0200',0),(1426,'BRAZO DE CARGA DE 4\"','C32RF-001',1),(1427,'BRAZO CARGA DE 4\"','C32RF-002',0),(1428,'BRAZO DE CARGA DE 3\"','C32RF-003',1),(1429,'BRAZO DE CARGA 2\"EN AL Y ACERO','C32RF-0202',1),(1430,'BRAZO DE CARGA 4\" 3 MOVIMIENTOS','C32RF-0400',1),(1431,'BRAZO DE CARGA DE SS DE 4\" DE 3 MOVIMIENTOS','C32RF-SS-0400',1),(1432,'CARRETEL DE 3/4\" 15 METROS','C33106L',0),(1433,'JUNTA DE ADAMITE PARA BRIDA DE3\"','C3310M',0),(1434,'TUBO DE DESCARGA CON VALVULA/11B','C3339',0),(1435,'TUBO DESCARGA FINO C/VALVULA/11B','C3340',0),(1436,'LEVA CIERRE DE BRONCE/KAMLOK 1\"','C3377MB',0),(1437,'LEVA BCE/KAMLOK 1\" FORJADA','C3377MBF',0),(1438,'LEVA BR./KAMLOK 1-1/4\" Y 2-1/2\"','C3378MB',0),(1439,'LEVA BR./KAMLOK 1-1/4\" Y 2-1/2\" FORJ.','C3378MBF',0),(1440,'LEVA BCE/KAMLOK DE 3\" Y 4\"','C3379MB',0),(1441,'LEVA BCE/KAMLOK DE 3\" Y 4\" FORJADA','C3379MBF',0),(1442,'LEVA DE ACERO INOX./KAMLOK DE 1\"','C3380M',0),(1443,'BC DE 4\"CON CONEX.GIRAT.INVERTID','C33RF-001',0),(1444,'SUBCONJUNTO/DEFENSA/11A/11B/7H','C3414',0),(1445,'ANILLO PROTECTOR PARA PICO 296','C3420AG',0),(1446,'SUBCONJUNTO/PALANCA 11A/11B/7H','C3454',0),(1447,'JUNTA CAUCHO SINT./REC.CONT.DERR','C3539M',0),(1448,'JUNTA DE FUELLE PARA EL 1-2101','C3545M',0),(1449,'JUNTA DEL FUELLE PARA 1-2101','C3545M-TEMP',0),(1450,'TAPON PARA 7H','C3646AH',0),(1451,'TAPON PARA PA 7H','C3646M',0),(1452,'PROTECTOR VERDE PARA 11B','C3647M',0),(1453,'PROTECTOR PLATEADO PARA 11B','C3648M',0),(1454,'PROTECTOR AZUL PARA 11B','C3649M',0),(1455,'PROTECTOR AMARILLO PARA PA 11B','C3655M',0),(1456,'PROTECTOR AZUL OSCURO PARA 11B','C3802M',0),(1457,'CINTA/MEDIC.NIVEL TANQ.SUBTERR.','C3839M',0),(1458,'PLACA DE REEMPLAZO/MONITOR 81XX','C40084-240',0),(1459,'VALVULA PARA EL 1-2101','C4065',0),(1460,'TAPON CIEGO PARA BASE DE 1-2101','C4065TAP',0),(1461,'VALVULA PARA EL 1-2101','C4065-TEMP',0),(1462,'SUBCONJ.VALVULA PRINC./417K 4\"','C442',0),(1463,'CON.GIRAT.\"SPLIT FLANGE\"ACERO 4\"','C4420F',0),(1464,'SUBCONJ.TAPA Y CILINDRO/417K 4\"','C444',0),(1465,'PISTON VALV.PRINCIP.P/417K FUND','C445AF',0),(1466,'PISTON VALV. PRINCIP.P/417K REC.','C445AREC',0),(1467,'PISTON VALV.PRINCIPAL P/417K','C445AT',0),(1468,'CILINDRO DE AL. PARA VALVULA 417K FUND','C446RAF',0),(1469,'CILINDRO DE AL. PARA VALVULA 417K TEMP','C446RAREC',0),(1470,'CILINDRO DE AL. PARA VALVULA 417K 4\"','C446RAT',0),(1471,'CILINDRO PARA VALVULA 417K FUND','C446RBF',0),(1472,'CILINDRO PARA VALVULA 417K 4\"','C446RBT',0),(1473,'EMPAQUETADURA PARA 11A/11B/7H','C4495M',0),(1474,'BRIDA DE AL.TTMA HEMBRA DE 3\"','C539A',0),(1475,'BRIDA FUND.DE AL.TTMA HEMBRA 3\"','C539AF',0),(1476,'RESORTE BLANCO/TORSION PARA 791','C624M',0),(1477,'PINTURA P/RESORTE BLANCO/TORSION PARA 791','C624MP',0),(1478,'RESORTE AMARILLO/TORSION PARA 791','C625M',0),(1479,'RESORTE ROJO/TORSION PARA 791','C626M',0),(1480,'SOPORTE LATERAL/BALANZA 790 FUND','C635DIF',0),(1481,'SOPORTE LATERAL/BALANZA 790 REC','C635DIRE',0),(1482,'SOPORTE LATERAL PARA BALANZA 791','C635DIT',0),(1483,'SOPORTE LATARAL/BAL.790 RECOCIDO','C635RE',0),(1484,'PALANCA SOPORTE/BALANZ.790 FUND.','C636DIF',0),(1485,'PALANCA SOPORTE/BALANZA 790 REC','C636DIRE',0),(1486,'PALANCA DE SOPORTE/BALANZ 791','C636DIT',0),(1487,'PALANCA/SOPORTE/BAL.790 RECOCIDO','C636RE',0),(1488,'REGULADOR/RESORTE BAL.790 FUND.','C637DIF',0),(1489,'REGULADOR/RESORTE BAL.790 RECOC.','C637DIRE',0),(1490,'REGULADOR RESORTE/BALANZA 791','C637DIT',0),(1491,'REGULADOR RESOR./BAL.790 RECOCID','C637RE',0),(1492,'CARRETE PARA 11A/11B/7H','C819M',0),(1493,'CODO CON ROSCA HEMBRA','C886T',0),(1494,'CODO HH 90 1\"S300 NPT','C90HH100S300N',0),(1495,'CODO MH 90 1\"S300 NPT','C90MH100S300N',0),(1496,'BRIDA CON PISTA MACHO A BOLILLAS','C929T',0),(1497,'CODO INTERMEDIO','C936T',0),(1498,'TIRAS DE CA¥O DE FE.1 1/2\" Y 9M','CANOFE150',0),(1499,'TIRAS DE CA¥O GALVAN.1 1/2\" 6,4M','CANOGALV150',0),(1500,'TIRAS DE CA¥O GALVANIZ.2\" 6,40 M','CANOGALV200',0),(1501,'TIRAS DE CA¥O GALVANIZ.3\" 6,40M','CANOGALV300',0),(1502,'TIRAS DE CA¥O GALVANIZ. 4\" 6,40m','CANOGALV400',0),(1503,'CANO SCH40 DE 2\" DE AL ( 60,00 x 5,00 mm)','CASCH4002AL',0),(1504,'CANO SCH40 DE 2\" DE HI C/COSTURA','CASCH4002HICC',0),(1505,'CANO SCH40 DE 2\" DE HI S/COSTURA','CASCH4002HISC',0),(1506,'CANO SCH40 DE 3\" DE AL (88,9 x 5,48)','CASCH4003AL',0),(1507,'CANO SCH40 DE 3\" DE HI C/COSTURA','CASCH4003HICC',0),(1508,'CANO SCH40 DE 3\" DE HI S/COSTURA','CASCH4003HISC',0),(1509,'CANO SCH40 DE 4\" DE AL (114,30 x 5,90)','CASCH4004AL',0),(1510,'CANO SCH40 DE 4\" DE HI C/COSTURA','CASCH4004HICC',0),(1511,'CANO SCH40 DE 4\" DE HI S/COSTURA','CASCH4004HISC',0),(1512,'CANO SCH40 DE 4\" DE SS C/COSTURA','CASCH4004SSCC',0),(1513,'CANO SCH80 DE 2\" DE HI S/COSTURA','CASCH8002HISC',0),(1514,'CANO SCH80 DE 3\" DE HI S/COSTURA','CASCH8003HISC',0),(1515,'ELEMENTO COALESCEDOR','CC-63385',0),(1516,'ELEMENTO PARA MONITOR','CDF230K',0),(1517,'COSTO DE LA HORA DE TRABAJO','COSTO-HORA',0),(1518,'TAPA DE RECUPERACION DE VAPORES','COVER-01',0),(1519,'CONECT.BR HEMBRA/ROSCA MACHO 2\"','CR560H',0),(1520,'ADAPTAD.BR MACHO/ROSCA HEMBRA 2\"','CR560M',0),(1521,'CONEXION RAPIDA MACHO 2\"DE ACERO','CR560MA',0),(1522,'TAPON DE BRONCE DE 2\"','CR560T',0),(1523,'BRAZO DE CARGA DE 4\"','CWH66-001',0),(1524,'BRAZO DE CARGA A CONTRAPESO','CWH66-0403',0),(1525,'LEVA DE BR DE 3\" A 5\"IMPORTADA','D10184M',0),(1526,'GUIA FUNDIDA PARA VALVULA 417K','D1108BF',0),(1527,'GUIA DE VALVULA PARA VALV.417K','D1108BT',0),(1528,'PROTECTOR GRIS PARA 11A','D1174M',0),(1529,'CODO PISTA M. / TTMA 3\" AL. ENDURECIDO','D1181-3ABEN',0),(1530,'CODO PISTA M. / TTMA 3\" AL. FUND.','D1181-3ABF',0),(1531,'CODO BRIDA / PISTA M. AL. 4\" FUND','D1181ABF',0),(1532,'CODO BRIDA / PISTA M. AL 4\" IMPREG','D1181ABIMP',0),(1533,'CODO BRIDA / PISTA M. AL 4\" REC','D1181ABRE',0),(1534,'CODO BRIDA / PISTA M. AL. 4\"','D1181ABT',0),(1535,'CODO PISTA M. / ROSCA H. 4\" AL. FUND','D1181AF',0),(1536,'CODO PISTA M. / ROSCA H. AL. 4\" IMPREG.','D1181AIMP',0),(1537,'CODO PISTA M. / ROSCA H. AL. 4\" REC','D1181ARE',0),(1538,'CODO PISTA M. / ROSCA H. 4\" AL. P/3641','D1181AT',0),(1539,'SUBCONJ.COLLAR Y MANIJA P/1000RC','D1190',0),(1540,'PROTECTOR VERDE PARA 11A','D1246M',0),(1541,'PROTECTOR VERDE 11A(SHELL)','D1246MS',0),(1542,'CUERPO BRIDADO FUNDIDO/VALV.417K','D1247AF',0),(1543,'CUERPO PARA VALV.417K IMPREG.','D1247AIMP',0),(1544,'CUERPO BRIDADO PARA VALV.417K','D1247AT',0),(1545,'CUERPO TEMPLADO PARA VALV.417K','D1247ATM',0),(1546,'TAPA CAMARA DE VACIO PARA 11A/7H','D1320M',0),(1547,'PROTECTOR AZUL PARA 11A','D1323M',0),(1548,'PROTECTOR AZUL 11A (SHELL)','D1323MS',0),(1549,'MODULO CUERPO Y DEFENSA DEL 11A','D1353',0),(1550,'MODULO DEL CUERPO Y DEFENSA/ 7H','D1354',0),(1551,'FUELLE/RECIP.CONTEN.DE DERRAMES','D1434M',0),(1552,'CUERPO MODULAR PARA 11B','D1564',0),(1553,'ABRAZ.CON OREJA FUNDIDA /1000T','D158DIF',0),(1554,'ABRAZADERA CON OREJA PARA 1000T','D158DIT',0),(1555,'FUELLE PARA EL 1-2100','D1828M',0),(1556,'FUELLE PARA EL 1-2100','D1828M-TEMP',0),(1557,'COLLAR PARA BRAZO DE CARGA DE 2\"','D20026',0),(1558,'SUBC.DE COLLAR Y PALANCA/1000RC','D20028',0),(1559,'SUBCONJ.PALANCA/ACOPLE API 1004D','D20038',0),(1560,'PISTON DE VALV./ACOPLE API 1004D','D20069AH',0),(1561,'TAPA FUNDIDA PARA VALVULA 417K','D220A400F',0),(1562,'TAPA PARA VALVULA 417K IMPREG.','D220A400IMP',0),(1563,'TAPA RECOCIDA PARA VALVULA 417K','D220A400REC',0),(1564,'TAPA DE LA VALVULA 417K 4\"','D220A400T',0),(1565,'BRAZO DE CARGA 4\"/VALVULA A 90§','D32-F',0),(1566,'BC 4\" CON VALVULA EN UN EXTREMO','D32F-0400',0),(1567,'BRAZO ACT.RESORT.BAL.790 FUNDIDO','D350DIF',0),(1568,'BRAZO ACT.RESORT.BAL.790 RECOCID','D350DIRE',0),(1569,'BRAZO ACTUAD.RESORTE/BALANZA 791','D350DIT',0),(1570,'BRAZ.ACT.RESORT./BAL.790 RECOCID','D350RE',0),(1571,'ADAPTADOR TUBO DESCARGA FUNDIDO','D401DF',0),(1572,'MANIJA DE ALUMINIO PARA A.P.I.','D51940M',0),(1573,'CODO/PIST.HEMB./ROSC.MACH. AL END 2\"','D590-2DIAEN',0),(1574,'CODO/PIST.HEMB./ROSC.MACH. AL FU 2\"','D590-2DIAF',0),(1575,'CODO/PIST. M /ROSC.H. AL 2\" (BARRA)','D590-2DIARF',0),(1576,'CODO/PIST. M /ROSC.H. AL 2\" RECTO','D590-2DIART',0),(1577,'CODO/PIST.HEMB./ROSC.MACH. AL 2\"','D590-2DIAT',0),(1578,'CODO/PIST.HEMB./ROSC.MACH.FU 2\"','D590-2DIF',0),(1579,'CODO/PIST.HEMB./ROSC. M. REC 2\"','D590-2DIRE',0),(1580,'CODO PISTA M. / ROSCA H. 2\" HI. P/3858/3641','D590-2DIT',0),(1581,'CODO/PIST.HEMB./ROSC.MACH.FUNDID','D590DIF',0),(1582,'CODO PIST.HEMBR./ROSCA MACHO REC','D590DIRE',0),(1583,'CODO PISTA M. / ROSCA H. 4\" HI. P/3858/57','D590DIT',0),(1584,'CODO/P.MACHO Y ROS.SOPORTE BARRA','D594DIT',0),(1585,'CODO/P.MACHO A BOLIL.CON.GIR.F 2\"','D597-2DIF',0),(1586,'CODO/P.MACHO CON. GIR. REC. 2\"','D597-2DIRE',0),(1587,'RECTO PISTA M. / ROSCA H. 2\" HI. P/3859','D597-2DIT',0),(1588,'CODO/P.MACHO A BOLIL.CONEX.GIR.F','D597DIF',0),(1589,'CODO PIST.MACHO/CONEX.GIRAT.REC','D597DIRE',0),(1590,'RECTO PISTA M. / BRIDA 150 4\" HI. P/3858/57','D597DIT',0),(1591,'LEVA DE BR 6-8\"IMPORTADA','D812B',0),(1592,'ADAPTADOR TUBO DESCARGA DEL 11A','D865M',0),(1593,'PROTECTOR ROJO PARA 11A','D907M',0),(1594,'PROTECTOR NEGRO PARA 11A','D909M',0),(1595,'PROTECTOR AMARILLO PARA 11A','D917M',0),(1596,'CARRETEL DE 3/4\"','D9300OLP',0),(1597,'CUERPO DEL PA 1AS 3/4\" FUNDIDO','D967AF',0),(1598,'ACOPLE DE DESCONEXION EN SECO','DB100',0),(1599,'CARTUCHO FILTRANTE','DC-629PLF5',0),(1600,'MANGUERA/BOTTOM LOADING 3\"','DD300',0),(1601,'OPCION DE ENTRAGA DE INFORMES','DEL-REP',0),(1602,'DECODIFICADOR','DUS-001',0),(1603,'TAPA PLASTICA/BALANZAS 789 Y 791','E00072M',0),(1604,'TAPA ALUMINIO BALANZA 789','E00072MAT',0),(1605,'TAPA INOXIDABLE P/BALANZAS 789 Y 791','E00072MSS',0),(1606,'TAPA PLASTICA PARA BALANZA 789','E00075M',0),(1607,'PIEZA FRONTAL DEL ADAPTADOR API','E10003AH',0),(1608,'CODO/PISTA HEMBRA Y ROSCA HEMBRA','E114DIT',0),(1609,'CUERPO/CONEX.GIRATORIA 365041','E115AT',0),(1610,'CUERPO ENDURECIDO/SJ.364040 DE AL 2\"','E237-2HAEN',0),(1611,'CUERPO FUNDIDO/SJ.364040 DE AL 2\"','E237-2HAF',0),(1612,'CUERPO SJ.364040 DE AL 2\"','E237-2HAT',0),(1613,'CUERPO FUNDIDO/SJ.364040 DE HI 2\"','E237-2HF',0),(1614,'CUERPO SJ.364040 DE HI REC 2\"','E237-2HRE',0),(1615,'CODO PISTA H. / ROSCA H. 2\" HI. P/3641','E237-2HT',0),(1616,'CODO PISTA H. / TTMA 3\" AL. ENDURECIDO','E237-3ABEN',0),(1617,'CODO PISTA H. / TTMA 3\" AL. FUND.','E237-3ABF',0),(1618,'CODO BRIDA / PISTA H. AL 4\" FUND','E237ABF',0),(1619,'CODO BRIDA / PISTA H. AL 4\" IMPREG.','E237ABIMP',0),(1620,'CODO BRIDA / PISTA H. AL 4\" REC','E237ABRE',0),(1621,'CODO BRIDA / PISTA H. AL. 4\"','E237ABT',0),(1622,'CODO PISTA H. / ROSCA H. 4\" AL. FUND','E237AF',0),(1623,'CODO PISTA H. / ROSCA H. AL. 4\" IMPREG.','E237AIMP',0),(1624,'CODO PISTA H. / ROSCA H. AL. 4\" REC','E237ARE',0),(1625,'CODO PISTA H. / ROSCA H. 4\" AL. P/3641','E237AT',0),(1626,'PROTECTOR ROJO PARA 11B','E304M',0),(1627,'PROTECTOR NEGRO PARA 7H','E306M',0),(1628,'PROTECTOR VERDE PARA 7H','E307M',0),(1629,'PROTECTOR NEGRO PARA 11B','E308M',0),(1630,'VALV.CLAP.AL./VAL.PREV.SOB.61-51','E312',0),(1631,'FONDO PVC/RECIP.CONT.DE DERRAMES','E323',0),(1632,'BRAZO DE CARGA DE 3\"','E32F-001',0),(1633,'BRAZO DE CARGA DE 4\"','E32RF-001',0),(1634,'BRAZO DE CARGA DE 4\"/ DEFLECTOR','E32RF-004-DEF',0),(1635,'CODO DOBLE PISTA FUNDIDA 2\"','E36-2DIF',0),(1636,'CODO DOBLE PISTA REC 2\"','E36-2DIRE',0),(1637,'CODO PISTA H. / PISTA H. 2\" HI. P/3859','E36-2DIT',0),(1638,'PROTECTOR AMARILLO PARA 7H','E368M',0),(1639,'CODO DOBLE PISTA FUNDIDA','E36DIF',0),(1640,'CODO INTERM.DOBLE PISTA/H 4\"REC','E36DIRE',0),(1641,'CODO PISTA H. / PISTA H. 4\" HI. P/3858/57','E36DIT',0),(1642,'TAPA DE ALUMINIO PARA 1-2101','E442M',0),(1643,'TAPA FUNDIDA PARA EL 1-2101','E442MF',0),(1644,'TAPA MECANIZADA PARA EL 1-2101','E442MM',0),(1645,'TAPA DE ALUMINIO PARA 1-2100 REC','E442MRE',0),(1646,'TAPA DE AL.PARA 1-2100 CON JUNTA','E442MT',0),(1647,'TAPA DE ALUMINIO PARA 1-2101','E442MTEX',0),(1648,'BASE PARA EL 1-2100','E450M',0),(1649,'BASE PARA EL 1-2100','E450M-TEMP',0),(1650,'TAPA PARA CAJA DE VEREDA 104A','E510M',0),(1651,'ARO PARA CAJA DE VEREDA 104A','E518I',0),(1652,'BASE PARA 1-2100 (NUEVA)','E593M-TEMP',0),(1653,'BASE/BALANZA TORCION 790 FUNDIDO','E73DIF',0),(1654,'BASE/BALANZA TORCION 790 RECOCID','E73DIRE',0),(1655,'BASE PARA BALANZA DE TORCION 791','E73DIT',0),(1656,'BASE/BAL.DE TORCION 790 RECOCIDO','E73RE',0),(1657,'CUERPO DEL CODO 60T 3\" FUNDIDO','E93AF',0),(1658,'CUERPO DEL CODO 60T 3\"','E93AT',0),(1659,'ENTRE BRIDAS PARA 476SA DE 4\"','EB476SA400T',0),(1660,'ENTRERROSCA DE FE 4\"M/NPT 3\"H/NPT','ER004MN003HN',0),(1661,'ESPARRAGO DE 5/8\" X 4 1/4\" ZINCADO C/TUERCAS','ESP-S150-3',0),(1662,'ESPARRAGO DE 5/8\" X 3 1/2\" ZINCADO C/TUERCAS','ESP-S300-2',0),(1663,'ADAPTADOR PARA TAMBOR CON BOM.21','F0615',0),(1664,'JUNTA DE LA TAPA DEL ROTOR','F0801',0),(1665,'VARILLA DEL INTERRUPTOR','F1027',0),(1666,'PALANCA/ACCIONAMIENT.INTERRUPTOR','F1149',0),(1667,'KIT DE REPARACION SERIE 101','F1214',0),(1668,'TUBO TELESCOPICO DE SUCCION','F1839',0),(1669,'AJUSTE MEDIDOR/BOMBA SERIE 801','F2300',0),(1670,'KIT DE REPARACION PARA FR702/705','F2659',0),(1671,'VALVULA DE RETENCION,SERIE 700B','F2661',0),(1672,'JUNTA/TAPA DE VALVULA DE ALIVIO','F2670',0),(1673,'PALETA DE CARBON','F2704',0),(1674,'SUBCONJ.VALVULA DERIVACION 1211L','F2756',0),(1675,'UNIDAD DE BOMBEO SERIE 702','F3274',0),(1676,'UNIDAD DE BOMBEO SERIE 704','F3807',0),(1677,'SUBCONJ.CAJA Y PLACA/806BL/806A','F4130S',0),(1678,'CARCAZA DEL CONTADOR','F4132',0),(1679,'COBERTOR DEL PICO','F6688',0),(1680,'KIT DE REPARACION SERIE 401','F6862',0),(1681,'FILTRO/AGUA Y PARTICULAS','F7012',0),(1682,'FILTRO PARA PARTICULAS','F7013',0),(1683,'KIT FILTRO DE PARTICULAS P/1211L','F7021',0),(1684,'KIT FILTRO ABSRV.DE AGUA P/1211L','F7022',0),(1685,'KIT FILTRO PARTICULAS/FR702REL','F7031',0),(1686,'KIT FILTRO ABSORV.AGUA/FR702REL','F7032',0),(1687,'DIAFRAGMA /BOMBA FILL RITE 413','F7268',0),(1688,'MANGUERA PARA SURTIDOR 1\", 5 MTS','F7773',0),(1689,'BRIDA VISOR','F8003008',0),(1690,'CARRETEL DE 3/4\"','F83000OLP',0),(1691,'CARRETEL DE 1\"','FD84000OLP',0),(1692,'FILTRO SINTETICO MO7','FIS-637PLO5TB',0),(1693,'BOMBA DE 12 VOLTS DE ALTO CAUDAL','FR4210',0),(1694,'SURT.COMPACTO/MED.PICO Y MANGUER','FR702REL',0),(1695,'SURTIDOR CON PICO Y MANGUERA','FR704EL',0),(1696,'SURTIDOR CON PICO Y MANGUERA','FR704EL',0),(1697,'BOMBA 220V DE ALTO CAUDAL','FR7701',0),(1698,'MEDIDOR ELECTRONICO','FR820',0),(1699,'FRENTE DEL CONTADOR','G0241',0),(1700,'JUNTA PARA VF-610','G-0986',0),(1701,'TORNILLO PARA ABRAZADERA DE 810P','G1344',0),(1702,'CARRETEL/CONDUCTOR DESC.ESTATICA','G3050N',0),(1703,'BRAZO DE CARGA DE ACERO INOX.2\"','G32F-001',0),(1704,'CAJA ANTIEXPLOSIVA DE 3/4\"','GUAX1-19',0),(1705,'CAJAS ANTIEXPLOSIVAS/4 VIAS 1\"','GUAX1-25',0),(1706,'RESORTE PRINCIPAL PARA VALVULA 417K 3\"','H07278M',0),(1707,'CUERPO/VALVULA PRINCIPAL 11A/11B','H10015M',0),(1708,'RESORTE/CARRETE PARA 11A/11B/7H','H10040M',0),(1709,'DISCO PARA ADAPTADOR 611T','H10043M',0),(1710,'SUBCONJUNTO DEL DIAFRAGMA/11B','H10196',0),(1711,'ANILLO \"O\" N3 DE BUNA-N PARA 11B','H10312M',0),(1712,'ARANDELA DE SS./VALV.PRINC./ 7H','H10337M',0),(1713,'DISCO DE CIERRE DE VITON/7H','H10338M',0),(1714,'PASADOR DE PALANCA 11A/11B/7H','H10368M',0),(1715,'ARANDELA DE PRESION 11A/11B/7H','H10369M',0),(1716,'TAPA VALVULA 476SA050','H10389RA',0),(1717,'TAPA VALVULA 476SA050 (BARRA)','H10389RAF',0),(1718,'DISCO DE VITON VALVULA 476SA051','H10390M',0),(1719,'DISCO DE VITON VALVULA 476SA050 FLUORADO','H10390M-F',0),(1720,'OBTURADOR DE LA VALVULA 476SA050','H10391RA',0),(1721,'OBTURADOR DE LA VALVULA 476SA050 (BARRA)','H10391RAF',0),(1722,'REMACHE DE LA DEFENSA 11A/11B/7H','H10394M',0),(1723,'SUBCONJUNTO SOPORTE VASTAGO/1291','H10432',0),(1724,'JUNTA/VALVULA PRINCIPAL 11A/11B','H10435M',0),(1725,'TUERCA PRENSAESTOPAS 11A/11B/7H','H10515M',0),(1726,'RESORTE DE ANCLAJE PARA 7H','H10571M',0),(1727,'SOPORTE DEL VASTAGO PARA 7H','H10705M',0),(1728,'SUBCONJUNTO DEL DIAFRAGMA/11A/7H','H10734',0),(1729,'ANILLO PARA LA VALVULA DE 1-2100','H10813M',0),(1730,'ANILLO PARA LA VALVULA DE 1-2100','H10813M-TEMP',0),(1731,'BULON DE BASE DE SS PARA 1-2100','H10817M',0),(1732,'BULON DE BASE DE SS PARA 1-2100','H10817M-TEMP',0),(1733,'ARANDELA DE VALVULA DE SS/1-2100','H10818M',0),(1734,'ARANDELA DE VALVULA DE SS/1-2100','H10818M-TEMP',0),(1735,'REMACHE/SUB.DE DEFENSA C3414 11A','H10821M',0),(1736,'ANILLO VITON/CONEX.GIRAT.2955','H1087M',0),(1737,'TOPE DE VALVULA PRINCIPAL / 7H','H10902M',0),(1738,'EMPAQUETADURA DE VITON','H1094M',0),(1739,'SUBCONJUNTO DE DIAFRAGMA','H10960',0),(1740,'TUERCAS/VALV.Y BASE DE SS/1-2100','H11024M',0),(1741,'TUERCAS/VALV.Y BASE DE SS/1-2100','H11024M-TEMP',0),(1742,'GANCHO PARA AMURADO DEL 1-2101','H11251M',0),(1743,'JUNTA PARA 476L','H1127M',0),(1744,'SUBCONJUNTO VALVULA CIERRE/11B','H11310',0),(1745,'ARANDELA GROVER DE SS / 1-2101','H11763M',0),(1746,'ARANDELA GROVER DE SS/1-2101','H11763M-TEMP',0),(1747,'ARANDELA ESTRELLA DE SS/1-2101','H11879M',0),(1748,'ARANDELA ESTRELLA DE SS /1-2101','H11879M-TEMP',0),(1749,'ABRAZADERAS DE SS PARA 1-2101','H12225M',0),(1750,'ABRAZADERA DE SS PARA 1-2101','H12225M-TEMP',0),(1751,'JUNTA DE LA TAPA PARA 1-2100','H12229M',0),(1752,'JUNTA DE LA TAPA PARA 1-2100','H12229M-TEMP',0),(1753,'TUBO DESCARGA LARGO C/VALV.P/7H','H12682',0),(1754,'CHAPA PARA CAJA DE VEREDA 104A','H12879M',0),(1755,'BRAZO DE CONEXION A BALANZA','H1302RS',0),(1756,'RESORTE PRINCIPAL DE 7H','H136M',0),(1757,'TUBO DE DESCARGA PARA PA 7H','H14204',0),(1758,'ENTRERROS.PIST.AMORTIGUADOR./791','H1486RB',0),(1759,'ENTRERROS.PIST.AMORTIGUADOR./791 (BARRA)','H1486RBF',0),(1760,'PISTON AMORTIGUADOR/BALANZA 791','H1487RE',0),(1761,'PISTON AMORTIGUADOR/BALANZA 791 (BARRA)','H1487REF',0),(1762,'TRABA REGULADOR/BAL.790 FUNDIDA','H1488DIF',0),(1763,'TRABA REGULADOR/BALANZA 790 REC','H1488DIRE',0),(1764,'TRABA DEL REGULAD./BALANZA 791','H1488DIT',0),(1765,'TRABA REGULADOR BAL.790 RECOCIDO','H1488RE',0),(1766,'ACTUADOR PISTON P/790 FUNDIDO','H1489DIF',0),(1767,'ACTUADOR DEL PISTON/790 RECOCIDO','H1489DIRE',0),(1768,'ACTUADOR PISTON PARA BALANZA 791','H1489DIT',0),(1769,'ACTUADOR PISTON/BAL.790 RECOCID1','H1489RE',0),(1770,'BUJE SOPORTE LATERAL/BALANZA 791','H1490M',0),(1771,'BUJE SOPORTE LATERAL/BALANZA 791 (BARRA)','H1490MF',0),(1772,'RESORT.AMORTIG.PARA BALANZA 791','H1502M',0),(1773,'ANILLO \"O\" N 2 PARA 11A/11B/7H.','H1675M',0),(1774,'TORNILL0.ACTUAD.PISTON/BALAN.791 INOX','H1753RS',0),(1775,'SUBCONJ.VALVULA PRINCIPAL/1291','H1841',0),(1776,'CRISTAL VISOR PARA CODO 60T 3\"','H1912M',0),(1777,'PASADOR DE SS.PARA KAMLOK DE 6\"','H1968RE',0),(1778,'JUNTA DE TEFLON DE 3/4\"','H1979M',0),(1779,'JUNTA DE TEFLON DE 1\"','H1980M',0),(1780,'JUNTA DE TEFLON DE 1-1/2\"','H1982M',0),(1781,'JUNTA DE TEFLON DE 2\"','H1983M',0),(1782,'ANILLO DE BUNA PARA PISTON 862','H20058MB',0),(1783,'ANILLOS DE EPDM PARA EL 862','H20058ME',0),(1784,'ANILLO DE VITON PARA PISTON 862','H20058MV',0),(1785,'DISCO DE VITON PARA VA;VULA 1986','H20069M',0),(1786,'JUNTA DE TEFLON PARA 861A','H20100M',0),(1787,'ANILLO \"O\" PARA VALVULA 1986','H20249M',0),(1788,'ANILLO DE SELLO DE BUNA PARA 862','H20315MB',0),(1789,'ANILLOS DE EPDM PARA EL 862','H20315ME',0),(1790,'ANILLO DE SELLO VITON PARA 862','H20315MV',0),(1791,'CADENAS PARA LA TAPA 873C','H20325M',0),(1792,'TORNILLO PARA LA MANIJA C10009M','H20488M',0),(1793,'TAPON SUPERIOR PARA VALVULA 417K','H2048RB',0),(1794,'TAPON SUPERIOR PARA VALVULA 417K (BARRA)','H2048RBF',0),(1795,'ARAND.AL.GRANDE/TAPON SUP./417K','H2049T',0),(1796,'ANILLO \"O\" PARA 100','H20505M',0),(1797,'ANILLO \"O\" PARA 100','H20506M',0),(1798,'TUERCA/TORNILLO EXPURGUE P/417K','H2050M',0),(1799,'TORNILLO REGUL.EXPURGUE P/417K','H2051RB',0),(1800,'','H2051RBF',0),(1801,'TAPON VALVULA REGULACION P/417K','H2052RB',0),(1802,'TAPON VALVULA REGULACION P/417K (BARRA)','H2052RBF',0),(1803,'ARAND.AL.CHICA/TAPON SUP./417K','H2053T',0),(1804,'CUERPO VALVULA REGULACION P/417K','H2054RB',0),(1805,'','H2054RBF',0),(1806,'ARGOLLA PARA KAMLOKS IMPORTADA','H20550M',0),(1807,'RETEN VASTAGO VALV.REGUL.P/417K','H2055RB',0),(1808,'','H2055RBF',0),(1809,'ANILLO \"0\" VALV.REGULACION/417K','H2056M',0),(1810,'SUBC.VALV.REGULACION/VALVULA 4\"','H2057',0),(1811,'HORQUILLA VALV.REGULACION/417K','H2058M',0),(1812,'JUNTA DE TEFLON DE 2-1/2\"','H2172M',0),(1813,'JUNTA DE TEFLON DE 3\"','H2173M',0),(1814,'JUNTA DE TEFLON DE 4\"','H2174M',0),(1815,'CHAVETA PASADOR DE RODILLO/417K','H2477M',0),(1816,'RESORTE DE ANCLAJE PARA 11A/11B.','H2483M',0),(1817,'ARANDELA GROWER PARA BALANZA 791','H2507M',0),(1818,'AR.GROWER ACT.PISTON PARA B.791 INOX','H2530M',0),(1819,'JUNTA BUNA N PARA KAMLOK DE 6\"','H2627M',0),(1820,'ANILLO \"O\" N 1 PARA 11A','H2773M',0),(1821,'ANILLO \"O\" DE VITON P/VALV.417K','H2786M',0),(1822,'TUERCA RAPIDA PARA VALV. 476SA','H30046RA',0),(1823,'TUERCA RAPIDA NRO. 6 TIPO TRIS','H30046RAF',0),(1824,'BULON HEXAGONAL PARA BRIDA DE 3\"','H30133M',0),(1825,'ARANDELA GROWER PARA BRIDA DE 3\"','H30134M',0),(1826,'RESORTE PARA ACOPLE API 1004D','H30202M',0),(1827,'SOPORTE PISTON/ACOPLE API 1004D','H30207EW',0),(1828,'FLEJE MULTIPLE/ACOPLE API 1004D','H30215M',0),(1829,'RODAM.A BOLIL./ACOPLE API 1004D','H30219M',0),(1830,'ARANDEL.ACOPADA/ACOPLE API 1004D','H30221M',0),(1831,'TORNILLO PARA ACOPLE API 1004D','H30222M',0),(1832,'MANG./BRAZO 4\"BOTT.LOAD.CWH 74\"','H30271M',0),(1833,'MANG./BRAZO 4\"BOTT.LOAD.CWH 90\"','H30272M',0),(1834,'ARAN.PAS.COLL./BALANZA 789 A/B/C INOX','H302M',0),(1835,'ANILLO \"E\" DEL EJE','H30433M',0),(1836,'LEVA DE PISTON/ACOPLE API 1004D','H30552M',0),(1837,'ANILLO DE VITON PARA B.C.3\"','H30583M',0),(1838,'TORNILLO DE REGULACION','H30591RE',0),(1839,'ANILLO DE TEFLON','H30594M',0),(1840,'RESORTE VALV.REGULACION P/417K 3\"','H30599R',0),(1841,'FLEJE MULTIPLE/ACOPLE API 1004D','H31091M',0),(1842,'BULON PARA BALANZA 791','H3142MT',0),(1843,'BULON PARA BALANZA 790 LARGO','H3142MTL',0),(1844,'BRAZO DE CARGA DE 2\" SIN VALVULA. TRES MOV.','H32F-0202',0),(1845,'B.C. 4\" CON DEFLECTOR','H32F-0400',0),(1846,'PASADOR BRONCE PARA TAPA 634TE','H3420RE',0),(1847,'ANILL0 BUNA/VENTURE T.DESC./1291','H3426M',0),(1848,'BULON DE LA TAPA P/VALV.417K 4\"','H3520M',0),(1849,'ARAND. PLANA P/TAPA VALV.417K 4\"','H3520MA',0),(1850,'ARANDELA/SUBC.COLLAR C.GIRT.2955','H3563M',0),(1851,'TAPA','H3631RA',0),(1852,'PASADOR DE RODILLO P/VALV.417K','H3714M',0),(1853,'','H3714MF',0),(1854,'TORNILLO','H3802M',0),(1855,'TUERCA','H3806RS',0),(1856,'TUERCA SUBC.COLLAR/C.GIRAT.2955','H3811M',0),(1857,'SUBCONJ.BARRA DE ACCION./1000RC','H3856',0),(1858,'PERFIL \"T\" DE ACERO PARA B.DE C.','H3860MP',0),(1859,'BARRA DE ACCIONAMIENTO P/1000RC','H3860RA',0),(1860,'TORNILLO BARRA ACCIONAM./1000RC','H3861RS',0),(1861,'ARANDELA BARRA ACCIONAM./1000RC','H3896M',0),(1862,'JUNTA VISOR (BUNA N)/CODO 60T 2\"','H3955M',0),(1863,'PLACA VISOR PARA CODO 60T 3\"','H4135M',0),(1864,'JUNTA PARA CODO 60TT','H4137M',0),(1865,'PASADOR MOLETEADO/CODO 60T 3\"','H4139DM',0),(1866,'JUNTA PARA 611T','H4150M',0),(1867,'JUNTA BUNA N PARA TAPA 634TE 3\"','H4153M',0),(1868,'JUNTA VITON PARA TAPA 634TE 3\"','H4153V',0),(1869,'ARANDELA RETENC.P/CODO 60T 3\"FUN','H4154RBF',0),(1870,'ARANDELA RETENCION PARA 60T 3\"','H4154RBT',0),(1871,'CONTRATUER.AJUS.INFER.PARA B.791','H4213M',0),(1872,'BULON DE 1/2 (KIT)','H4216M',0),(1873,'TORNILLO PARA EL CODO E93AT','H4223M',0),(1874,'TUBO DE VACIO DE NYLON','H4442MP',0),(1875,'ANILLO BUNA/ADAPT.TUB.DESC./1291','H4456M',0),(1876,'VASTAGO DE ACERO INOXIDABLE/1291','H4457RE',0),(1877,'CODO DOBLE PISTA HEMBRA FUNDIDO','H46DIF',0),(1878,'CODO DOBLE PISTA HEMBRA RECOCIDO','H46DIRE',0),(1879,'CODO DOBLE PISTA HEMBRA','H46DIT',0),(1880,'CHAV.PASAD.PALANC./BALANZA 791','H473M',0),(1881,'RESORTE VALV.REGULACION P/417K','H4833M',0),(1882,'DISCO BUNA/SUBC.VALV.PRINC./296','H4835',0),(1883,'ANILLO BUNA/SUBCON.TAPA(8mm)/296','H5006M',0),(1884,'ARANDELA DE BR.DEL PASADOR/417K','H5051RB',0),(1885,'REPUESTO DEL MONITOR 8020-8021','H50525M',0),(1886,'CAJA DE RELAY PARA MONITOR 8021','H50542M',0),(1887,'FUSIBLE DE 1/2 AMP. PARA 3209','H50614M1/2A',0),(1888,'FUSIBLE DE 1/4 AMP.PARA 3201','H50614M1/4A',0),(1889,'CUERPO DE LA VALVULA DEL 296','H5088M',0),(1890,'SUBCONJUNTO DE PALANCA/1291','H5331',0),(1891,'RESORTE/PRENSAESTOPAS/11A/11B/7H','H5352M',0),(1892,'LEVA DE BRONCE','H5361',0),(1893,'TUERCA BARRA ACCIONAMIEN./1000RC AUTOFRENANTE','H5403M',0),(1894,'PASADOR DEL COLLAR PARA BAL.791','H5450RE',0),(1895,'PASADOR DEL COLLAR PARA BAL.791 (BARRA)','H5450RF',0),(1896,'AR.GROWER/COL.1000T Y COM.1000RC','H5455MI',0),(1897,'BULON DE AJUSTE MANIJA P/417K','H5458M',0),(1898,'ARAND. GROVER P/MANIJA 417K','H5458MG',0),(1899,'ARANDELA GROWER P/COLLAR 1000T','H5458MI',0),(1900,'CHAVETA PASAD.COLL./BALANZA 791','H5464M',0),(1901,'ANILLO BUNA DEL CUERPO VALV./296','H5469M',0),(1902,'BUJE GUIA DE VASTAGO P/VALV.417K','H5475M',0),(1903,'BUJE GUIA DE VASTAGO P/VALV.417K (BARRA)','H5475MF',0),(1904,'BULON/SUBC.COLLAR C.GIRAT.2955','H5682M',0),(1905,'JUNTA PARA TAPA 634TT, 4\"','H5995M',0),(1906,'GUIA VASTAGO PARA 11A/11B Y 7H','H6024M',0),(1907,'ANILLO \"O\" DEL TAPON/11A Y 11B','H6026M',0),(1908,'TOR.TUB.DESC./CAM.VAC.11A/11B/7H','H6034M',0),(1909,'TORNILLO RET.TUB.DESCARG.11A/11B','H6040M',0),(1910,'TUERCA AJUSTE MANIJA/VALV.417K','H6151M',0),(1911,'ARANDELA GROWER P/ MANIJA/VALV.417K','H6151MG',0),(1912,'ARANDELA PLANA P/ MANIJA/VALV.417K','H6151MP',0),(1913,'TORNILLO PARA CAMARA DE VACIO','H6153M',0),(1914,'BOLILLAS PARA 11A/11B Y 7H','H6156M',0),(1915,'BUJE ESPACIAD.LATON/C.GIR.2954RA','H6207RB',0),(1916,'RODILLO DEL VASTAG.ACTUADOR/417K','H6234RE',0),(1917,'','H6234REF',0),(1918,'BARRA P/RODILLO DEL VASTAG.ACTUADOR/417K','H6234REMP',0),(1919,'ANILLO \"O\" PARA 871ED-AL41','H6281M',0),(1920,'ANILLO BUNA/SUBCON.TAPA(5mm)/296','H6314M',0),(1921,'TORNILLO DE AJUSTE INFERIOR P/789A (Comprado)','H634M',0),(1922,'TORNILLO DE AJUSTE INFERIOR P/789A (Mecanizado)','H634MM',0),(1923,'TUERCA DE AJUSTE INFERIOR P/789A','H634MT',0),(1924,'JUNTA BUNA N PARA KAMLOK DE 2\"','H6388M',0),(1925,'ANILLO DEL VASTAGO P/VALV.417K','H6414M',0),(1926,'JUNTA BUNA N PARA KAMLOK 2-1/2\"','H6429M',0),(1927,'JUNTA BUNA N PARA KAMLOK 1-1/2\"','H6430M',0),(1928,'TUERCA PARA COLLAR 1000T','H6445M',0),(1929,'ARGOLLA PARA KAMLOK','H6451M',0),(1930,'TUERCA PARA BRIDA DE 3\"','H6454M',0),(1931,'PASADOR DE SS.PARA KAMLOK 1-1/2\"','H6457RE',0),(1932,'PAS.SS./CON.2\"A 2-1/2\" Y TAPA 2\"','H6458RE',0),(1933,'JUNTA BUNA N PARA KAMLOK DE 3\"','H6471M',0),(1934,'JUNTA BLANCA DE NEOPRENE/AC 3\"','H6471MBL',0),(1935,'PASADOR SS.PARA KAMLOK DE 3\"Y 4\"','H6472RE',0),(1936,'JUNTA BUNA N PARA KAMLOK DE 4\"','H6476M',0),(1937,'JUNTA BUNA N PARA KAMLOK 1-1/4\"','H6477M',0),(1938,'PAS./1-1/4 634B1-1/4,1-1/2,2-1/3','H6478RE',0),(1939,'PASADOR DE BRONCE PARA KAMLOK 1\"','H6479MB',0),(1940,'PASADOR DE ACERO INOX./KAMLOK 1\"','H6479SS',0),(1941,'JUNTA DE BUNA PARA KAMLOK DE 1\"','H6480M',0),(1942,'PASADOR SS./TAPA KAMLOK 3\" Y 4\"','H6489RE',0),(1943,'EJE/MANIJA DE ABRAZADERA 1000RC','H6493M',0),(1944,'EJE/MANIJA DE ABRAZADERA 1000RC (BARRA)','H6493MF',0),(1945,'PASADOR PARA COM.A DIST.1000RC','H6493RS',0),(1946,'CASQUIL.PRENSAESTOPAS 11A/11B/7H','H6495M',0),(1947,'RESORTE DEL DIAFRAGMA/11A/11A/7H','H6549M',0),(1948,'JUNTA BUNA N /KAMLOK 1/2\' Y 3/4\"','H6595M',0),(1949,'PASADOR BR./KAMLOK 3/4\" Y 1/2\"','H6599MB',0),(1950,'BOLILLA DE ACERO DE 3/8\"','H6712M',0),(1951,'BOLILLA DE ACERO INOXIDABLE 304 DE DIAM. 1/4\"','H6712M-1/4SS',0),(1952,'BOLILLA DE ACERO DE 10 MM','H6712M-10MM',0),(1953,'ALEMITE','H6713M',0),(1954,'CHAVETA','H6727M',0),(1955,'CUERPO DE LA VALVULA 476SA050','H6749A',0),(1956,'CUERPO DE LA VALVULA 476SA050 (BARRA)','H6749AF',0),(1957,'CUERPO DE LA VALVULA 476L050 BR.','H6749RB',0),(1958,'DISCO','H6751RB',0),(1959,'RESORTE PARA VALVULA 476SA-0151','H6753M',0),(1960,'ANILLO \"O\" DE BUNA N 4\"','H6764M',0),(1961,'FIELTRO','H6765F',0),(1962,'TAPON/CONEX.GIRAT. 364040 BRONCE','H6766A',0),(1963,'TAPON/CONEX.GIRAT. 364040 ALUMINIO','H6766A-AL',0),(1964,'TAPON/CONEX.GIRAT. 364040 DELRING','H6766A-DR',0),(1965,'TAPON/CONEX.GIRAT. 364040 BARRA','H6766A-DRB',0),(1966,'TAPON/CONEX.GIRAT. 364040 HIERRO TIPO IMP','H6766AHI',0),(1967,'TAPON/CONEX.GIRAT. IMP 3\"','H6766AIMP',0),(1968,'TAPON','H6941RS',0),(1969,'TORNILLO P/TAPA PLASTICA 789 Y 791','H6994M',0),(1970,'BULON PARA COLLAR 1000T 4-1/2\"','H69M',0),(1971,'ARANDELA PLANA PARA 1000RC','H69MA',0),(1972,'BARRA PARA PIEZA EXTRACT. 233VM','H7001M',0),(1973,'ANILLO BUNA/SUBCONJ.VASTAGO/296','H7125M',0),(1974,'JUNTA','H7176M',0),(1975,'TAPON DE RETENCION VASTAGO/417K','H7179B',0),(1976,'','H7179BF',0),(1977,'TAPON PRENSAESTOPAS PARA 417K.','H7180RB',0),(1978,'','H7180RF',0),(1979,'SOPORTE','H7182DI',0),(1980,'LEVA DE ACCIONAMIENTO 3\"','H7182M',0),(1981,'VASTAGO DE SS PARA VALVULA 6429V 3\"','H7184RE',0),(1982,'RESORTE','H7278M',0),(1983,'RESORTE PRINCIPAL PARA VALVULA 417K 4\"','H7357M',0),(1984,'DISCO CIERRE VALV.PRINC.P/417KVI','H7363M',0),(1985,'DISC.CIER.VALV.PRINC.P/417K BUNA','H7363MB',0),(1986,'DISCO CIERRE VALV.PRINC.P/417KVI FLUORADO','H7363M-F',0),(1987,'TAPON ROSCADO PARA VALVULA 417K','H7364M',0),(1988,'LEVA ACC./VALV.PRINC.417K FUND.','H7375DIF',0),(1989,'LEVA ACCIONAM.VALV.PRINC.P/417K','H7375DIT',0),(1990,'VASTAGO PARA VALVULA 417K 4\" (RECTIFICADO)','H7377RE',0),(1991,'VASTAGO PARA VALVULA 417K 4\" MECANIZADO','H7377REM',0),(1992,'VASTAGO PARA VALVULA 417K 4\" TEMPLADO','H7377RET',0),(1993,'BARRA RERDONDA INOX 304L 17,40MM','H7377RF',0),(1994,'SUBC.VASTAGO ACTUADOR VALV.417K','H7378BM',0),(1995,'BARRA CUADRADA BR. 19,05MM','H7378BMF',0),(1996,'VASTAGO VALVULA REGULACION/417K','H7414RB',0),(1997,'0RING TEFLON VIRGEN 111,12 MM.','H7553M',0),(1998,'VASTAGO DE ACERO INOX PARA 7H','H7663RE',0),(1999,'SUBCONJ.DE VALVULA PRINCIPAL/ 7H','H7664',0),(2000,'ANILLO \"O\" DEL TAPON PARA 7H','H7670M',0),(2001,'TUBO DE DESCARGA CON VALVULA/ 7H','H7701',0),(2002,'ANILLO \"O\" DEL ADAPTADOR PARA 7H','H7710M',0),(2003,'TUBO DE VACIO DE NYLON','H7715M',0),(2004,'RESORTE TUBO DE DESCARGA P/5BHL','H7716M',0),(2005,'SUBCONJ.VALVULA PRINCIPAL/296','H7719',0),(2006,'ANILLO \"O\" PARA 871ED-AL41','H7725M',0),(2007,'JUNTA BUNA/SUBCONJ.TUBO DESC.296','H7766M',0),(2008,'ARANDELA PLANA VASTAGO P/417K 4\"','H7820M',0),(2009,'CHAVETA SUBCONJ.VALV.PRINC./417K INOX','H7821M',0),(2010,'ANILLO \"O\" DE VITON 3\"','H792M',0),(2011,'ANILLO \"O\" DE VITON 2\"','H793-2M',0),(2012,'ANILLO \"O\" DE EPDM 4\"','H793-EPDM',0),(2013,'ANILLO \"O\" DE VITON 4\"','H793M',0),(2014,'ANILLO \"O\" DE VITON PARA PISTON 417K','H793M417K',0),(2015,'ANILLO \"O\" DE VITON 4\" FLUORADO','H793M-F',0),(2016,'RESOR.ANCL./TUB.DESC.FIN.11A/11B','H8064M',0),(2017,'JUNTA PARA 871A','H8347M',0),(2018,'SUBCONJUNTO OBTURADOR FLOTANTE','H8408',0),(2019,'ARCOS DE BRONCE PARA 53VSS','H8439M',0),(2020,'ESFERA FLOTADOR PARA LA 53VSS','H8816M',0),(2021,'ESFERA FLOTADOR PARA LA 53VSS','H8816M-TEMP',0),(2022,'BULON PARA GUIA VALVULA 417K','H8831M',0),(2023,'ARAND. GROWER PARA GUIA VALVULA 417K','H8831MG',0),(2024,'TUERCA CIEGA BCE. P/AJUSTE VALV.PRINC./417K','H8831MT',0),(2025,'SELLO GUARDAPOLVO PARA 296','H8886M',0),(2026,'BUJE EXTERNO DE CONEX.GIRAT./296','H8887M',0),(2027,'BUJE MEDIO/CONEX.GIRATORIA/296','H8889M',0),(2028,'ANILLO DE CIERRE PARA 296','H8890M',0),(2029,'BUJE INTERNO/CONEX.GIRATORIA/296','H8892M',0),(2030,'ANILLO DE BUNA/CONEX.GIRAT./296','H8898M',0),(2031,'JUNTA PARA ADAPTADOR 633CPP','H8945M',0),(2032,'RESORTE DE ACERO INOXIDABLE','H8989M',0),(2033,'LEVA DE SS./KAMLOK DE 1/2\"Y 3/4\"','H9169M',0),(2034,'LEVA BRONCE/KAMLOK 1/2\" Y 3/4\"','H9169MB',0),(2035,'LEVA BCE/KAMLOK 1/2\" Y 3/4\" FORJADA','H9169MBF',0),(2036,'SUBCONJUNTO DE LA TAPA/295SA151','H9213',0),(2037,'ANILLO DE RETENCION ZINCADO/296','H9366M',0),(2038,'SUBCONJUNTO DEL VASTAGO/295SA151','H9420M',0),(2039,'TAPA/VALVULA PRINCIPAL/11A/11B','H9481M',0),(2040,'RESORTE PRINCIPAL PARA 11A Y 11B','H9482M',0),(2041,'JUNTA VITON P/KAMLOK 1/2\" A 3/4\"','H966M',0),(2042,'JUNTA DE VITON PARA KAMLOK DE 1\"','H967M',0),(2043,'JUNTA DE VITON P/KAMLOK 1-1/4\"','H968M',0),(2044,'ARO DE RETENCION PARA 296','H9713RS',0),(2045,'RESTRICTOR DE ALUMINIO PARA 7H','H9722A',0),(2046,'JUNTA DE VITON P/KAMLOK 1-1/2\"','H972M',0),(2047,'JUNTA DE VITON PARA KAMLOK DE 2\"','H973M',0),(2048,'JUNTA DE VITON P/KAMLOK 2-1/2\"','H974M',0),(2049,'JUNTA DE VITON PARA KAMLOK DE 3\"','H975M',0),(2050,'ANILLO \"O\" DE VAL.CIERRE/11B','H9761M',0),(2051,'JUNTA DE VITON PARA KAMLOK DE 4\"','H976M',0),(2052,'PASADOR SS.PARA TAPA 873C','H9772RE',0),(2053,'JUNTA DE VITON PARA KAMLOK 6\"','H977M',0),(2054,'BULON CABEZA HEXAGONAL P/BRIDA DE 2\"','HB502F20',0),(2055,'BULON CABEZA HEXAGONAL','HB502F40',0),(2056,'BULON CABEZA HEXAGONAL LARGO','HB502F40L',0),(2057,'ARANDELA GROWER P/BRIDA DE 2\"','HG502F20',0),(2058,'ARANDELA GROWER','HG502F40',0),(2059,'JUNTA PLANA P/BRIDA DE 2\"','HJ502F20',0),(2060,'JUNTA PARA BRIDA 502 TTMA 4\"','HJ502F40',0),(2061,'HYDROKIT PARA AVIACION 100 TUBOS','HK100',0),(2062,'HYDROKIT PARA AVIACION 600 TUBOS','HK600',0),(2063,'ARANDELA PLANA PARA BRIDA DE 2\"','HP502F20',0),(2064,'ARANDELA PLANA PARA BRIDA DE 4\"','HP502F40',0),(2065,'TUERCA HEXAGONAL P/BRIDA DE 2\"','HT502F20',0),(2066,'TUERCA HEXAGONAL','HT502F40',0),(2067,'VALVULA ESFERICA DE 2\"PARA LPG','HX85021',0),(2068,'ELEMENTO COALESCEDOR','I43183T',0),(2069,'ELEMENTO COALESCEDOR','I62287',0),(2070,'ELEMENTO FILTRANTE COALESCEDOR','I62887',0),(2071,'ELEMENTO COALESCENTE','I-62887TB',0),(2072,'ELEMENTO COALESCENTE','I-63387',0),(2073,'ELEMENTO COALESCENTE','I-63887TB',0),(2074,'ELEMENTO COALESCEDOR','I-6442',0),(2075,'ELEMENTO COALESCEDOR','I-6442TB',0),(2076,'ELEMENTO COALESCEDOR','I-64485TB',0),(2077,'ELEMENTO COALESCENTE','I64487',0),(2078,'ELEMENTO COALESCENTE','I-64487TB',0),(2079,'BRAZO DE CARGA DE 2\" DEHIERRO','J32F-001',0),(2080,'BRAZO DE CARGA DE 3\"','J32F-002',0),(2081,'BRAZO DE CARGA DE 4\"2 MOVIMIENTOS','J32F-0400',0),(2082,'BRAZO DE CARGA / 2 MOVIMIENTOS 3\"','J32F-AC-0300',0),(2083,'JUNTA PARA BRIDA S150 3\"','JS150-03A01',0),(2084,'JUNTA P/BRIDA S300 2\" P/LPG','JS300-02A01',0),(2085,'EQUIPO/CONTROL DESPACHO 2 MANG.','K800-2',0),(2086,'EQUIPO/CONTROL DE DESPACHO 4MANG','K800-4',0),(2087,'CARRETEL ELECTRICO C/35\'DE CABLE','L4035-163-3',0),(2088,'CARRETEL ELECTRICO/50\'DE CABLE','L4050-163-3',0),(2089,'CIRCUITO INTEGRADO/SITESENTINEL','L702B',0),(2090,'CA¥O CAMISA','LC0001A',0),(2091,'VALVULA DE PIE DOBLE ASIENTO','LC0001B',0),(2092,'BUJE DE GOMA','LC0001C',0),(2093,'TAPA EXPANSORA Y BUJE','LC0001D',0),(2094,'CA¥O CHUPADOR DE 1,80 M','LC0001E1',0),(2095,'CA¥O CHUPADOR DE 2,30 M','LC0001E2',0),(2096,'BUJE REDUCTOR 4\" NPT A 3\" BSPT','LC0002',0),(2097,'NIPLE PARA REDUCCION DE 0,15M','LC0002N',0),(2098,'CA¥O/SENSOR 2\"BSPT AMBOS LADOS','LC0005',0),(2099,'TAPON BR.4\"PARA PRUEBA DE HERMET','LC0008',0),(2100,'BUJE REDUCTOR CON NIPLE 3\" 0,15M','LC0009',0),(2101,'CA¥O AL./VALVULA PREV.SOBRELL.','LC0010',0),(2102,'VARILLA MED.AL.ANODIZAD0 2800 MM','LC0011',0),(2103,'VARILLA MED./TANQUES CON METRO','LC0011M',0),(2104,'VARILLA DE AL.SIN ANODIZAR','LC0011SA',0),(2105,'TAPA ROSCA HEMBRA DE 4\" NPT','LCT0004',0),(2106,'TAPA ROSCA HEMBRA 4\" SIN ANILLO','LCT0004-1',0),(2107,'ANILLO PARA LA TAPA LCT0004-1 4\"','LCT0004-2',0),(2108,'BRAZO DE CARGA PARA LPG DE 1-1/2\"','LPG-32F150',0),(2109,'BRAZO DE CARGA PARA LPG DE 2\"','LPG-32F200',0),(2110,'CIRCUITO INTEGRADO TRANSCEIVER','LT1130A',0),(2111,'MANG./DESP.COMB./TERMIN.5/8\" 5M','MAN058-005',0),(2112,'MANG./DESP.COMB./TERMIN.3/4\" 5M.','MAN075-005',0),(2113,'MANG./DESP.COMB./TERMIN.3/4\" 7M','MAN075-007',0),(2114,'MANG./DESP.COMB./TERM.3/4\" 10M.','MAN075-010',0),(2115,'MANG./DESP.COMB./TERMIN.3/4\" 15M','MAN075-015',0),(2116,'MANG./DESP.COMB./TERMIN.3/4\" 20M','MAN075-020',0),(2117,'MANG./DESP.COMB.DAYCO 3/4\" 50 M','MAN075-050',0),(2118,'MANGUERA DE 1\" POR METROS','MAN100-000',0),(2119,'MANG./DESP.COMB./TERMINAL.1\".4M','MAN100-004',0),(2120,'MANG./DESP.COMB./TERMINAL.1\".5M.','MAN100-005',0),(2121,'MANGUERA 1\" 6M./TERMINALES FIJOS','MAN100-006',0),(2122,'MANG.DESP.COMB/TERMINALES 1\"X 7M','MAN100-007',0),(2123,'MANG./RECUP.VAPOR.TERMO PLAST.8M','MAN100-008',0),(2124,'MANG./DESP.COMB./TERMIN.1\" 10M.','MAN100-010',0),(2125,'MANG./DESP.COMB./TERMINAL.1\" 15M','MAN100-015',0),(2126,'MANG./DESP.COMB./TERMIN.1\" 20M.','MAN100-020',0),(2127,'MANGUERA 1 1/2\" DE 1 METRO','MAN150-001',0),(2128,'MAN./DESP.COMB./TERMIN.1 1/2\" 3M','MAN150-003',0),(2129,'MANGUERA/DESPACHO COMB.1 1/2\"10M','MAN150-010',0),(2130,'MANGUERA ATOXICA DE 1\"','MAN-1ATOXICA',0),(2131,'MANGUERA DE 2\" 1,80 M','MAN200-002',0),(2132,'MANG./DESP.COMB./TERMINAL.3\" 5M.','MAN300-005',0),(2133,'MANG./DESP.COMB./TERMINAL.3\" 10M','MAN300-010',0),(2134,'MANG./DESP.COMB./TERMINAL.3\" 15M','MAN300-015',0),(2135,'MANG./DESP.COMB./TERMINAL.3\" 20M','MAN300-020',0),(2136,'MANGUER.BRIDADA/DESP.COMB.3\" 20M','MAN300-020BR',0),(2137,'MANGUERA/CAMIONES 4\" 5 METROS','MAN400-005',0),(2138,'MANGUERA ARMADA 1\" 40 CM','MAN-ARM-1-40',0),(2139,'MANGUERA ARMADA 1\" 80 CM','MAN-ARM-1-80',0),(2140,'MANIJA P/MANEJO DE BZO. CARGA 4\" FUND.','MANBC400AF',0),(2141,'MANIJA P/MANEJO DE BZO. CARGA 4\"','MANBC400AT',0),(2142,'MANG/POLIURET/DIAM.INT.10MM X18M','MANP-0018',0),(2143,'MANG.3/4\"x2M TEFLON C/TERMINALES','MAT075-002',0),(2144,'MANGUERA DE 3\" 1,25 METROS','MC6',0),(2145,'MANGUERA DE 4\" 6 METROS','MC7',0),(2146,'CONTROLADOR SITE SENTINEL','MODEL1-4',0),(2147,'MONITOR ANTIEXPLOSIVO NACIONAL','MON-01',0),(2148,'CODO/MANIJA/CONEX.GIRAT.2955','NC1750AMT',0),(2149,'CODO FIJO/CONEX.GIRATORIA 2955','NC1751AHT',0),(2150,'JUNTA RECTANGULAR DE VITON,AVION','NH1986AV',0),(2151,'JUNTA RECTANGULAR PROPIL.AVION','NH1986FB',0),(2152,'OBTURADOR VALVULA PRINC.FUNDIDO','NH4035MSF',0),(2153,'ARANDELA ACOPADA CON ROSCA FUND.','NH4417MSF',0),(2154,'NIPLE MM 1\" S300 NPT','NMM100S300N',0),(2155,'PUNTA DE LA MANIJA','P1-516A',0),(2156,'SELLO DEL PISTON','P1-599',0),(2157,'KIT DE REPARACION','P1-600',0),(2158,'PINON','P1-602',0),(2159,'PASTA DETECTORA DE AGUA','PASTA-AGUA',0),(2160,'PICO MANUAL DE FLUJO CONTINUO','PICO GPI',0),(2161,'PRUEBA PARTES DESPIECE','PRUEBA',0),(2162,'PLACAS DE CONTROLADOR','PV235',0),(2163,'PLACA FIT DE K-801','PV247B',0),(2164,'CABLS PARA SONDAS Y SENSORES','PVCABLE',0),(2165,'TECLADO DE SITESENTINEL','R094011',0),(2166,'PLACA CONTROLADORA/MODULO INTEL.','R200229',0),(2167,'LECTOR DE LLAVES CHIPKEY','R204117',0),(2168,'RESINA EPOXI TIPO VIDRIO APV3C 1KG','RES-APV3C',0),(2169,'LEVA DE ACERO INOX.P/KAMLOK 6\"','S812B',0),(2170,'LINGOTES DE ALUMINIO','SAE310',0),(2171,'SELLADORES ANTIEXPLOSIVOS 3/4\"','SAVH1-19',0),(2172,'SELLADORES ANTIEXPLOSIVOS 1\"','SAVH1-25',0),(2173,'SITE SENTINEL','SITESENTINEL',0),(2174,'ELEMENTO FILTRANTE SEPARADOR','SO611CSN',0),(2175,'ELEMENTO SEPARADOR','SO611PLF3',0),(2176,'ELEMENTO FILTRANTE SEPARADOR','SO614PLF3',0),(2177,'ELEMENTO SEPARADOR','SO-616PLF3',0),(2178,'FILTROS SEPARADORES LAVABLES JP2','SO-633CSN',0),(2179,'ELEMENTO SEPARADOR SINTETICO','SO636CSN',0),(2180,'ELEMENTO SEPARADOR','SO-636PV',0),(2181,'ELEMENTO SEPARADOR','SO-636VA',0),(2182,'ELEMENTO SEPARADOR VELCON','SO640PV',0),(2183,'ELEMENTO FILTRANTE','SO-644CSN',0),(2184,'ELEMENTO SEPARADOR','SO-644VA',0),(2185,'MEDIDOR DE 1\" DE DELLRING','SOG-04RA',0),(2186,'MEDIDOR DE 1\" DE DELLRING','SOG-06RA',0),(2187,'MEDIDOR DE 1\" DE ALUMINIO','SOG-10A',0),(2188,'MEDIDOR DE 1\" DE DELLRING','SOG-10RA',0),(2189,'DRIVER PARA DISPLAY LCD','SOG-4543BM',0),(2190,'ARANDELA M6 DE ALUMINIO P/CUERPO','SOG-ARALU',0),(2191,'ARANDELA GROWER M6 DE INOX.','SOG-ARANDELA',0),(2192,'ARANDELA DE FIBRA P/TORN. ELCA','SOG-ARFIB1',0),(2193,'TIRA DE BELCRO P/PORTAPILA','SOG-BELCRO',0),(2194,'TUERCA M6 PARA EMBUTIR','SOG-BOLM6',0),(2195,'CAPACITOR CERAM. DE 22PF','SOG-C22PF',0),(2196,'CIRCUITO IMPRESO MODELO SOG','SOG-CIRCIMP',0),(2197,'CONECTOR RECTO DOBLE FILA','SOG-CONECTOR',0),(2198,'CRISTAL DE 3,579545MHZ','SOG-CRISTAL',0),(2199,'CUERPO DEL MEDIDOR DE DELLRING','SOG-CUE04-RA',0),(2200,'CUERPO DEL MEDIDOR DE DELLRING','SOG-CUE06-RA',0),(2201,'CUERPO DEL MEDIDOR DE DELLRING','SOG-CUE10-RA',0),(2202,'CUERPO MEDIDOR 1\" FUNDIDO','SOG-CUEF10',0),(2203,'CUERPO MEDIDOR 1\" TEMPLADO','SOG-CUEREC10',0),(2204,'CUERPO DEL MEDIDOR DE 1\" AL.','SOG-CUET 10',0),(2205,'EJE PARA ENGRANAJES','SOG-EJE10',0),(2206,'ENGRANAJE PARA MEDIDOR','SOG-ENGRANAJE',0),(2207,'IMAN 4 X 4 MM','SOG-IMAN',0),(2208,'ORING P/TAPA ELCA COD 2-155','SOG-O RING155',0),(2209,'ORING P/TAPA CAMARA COD 2-234','SOG-O RING234',0),(2210,'BUJES PACK ENGRANAJES','SOG-PERNOS3',0),(2211,'PILAS TIPO AA','SOG-PILAA',0),(2212,'PLACA ELECTRONICA','SOG-PLACA',0),(2213,'PORTAPILAS AA DE 3 UNIDADES','SOG-PORTA3AA',0),(2214,'PROTECTOR DE ROSCA PLASTICO 1\"','SOG-PROTECTOR',0),(2215,'SEPARADOR DE PTG PARA FRENTE','SOG-PTG1',0),(2216,'SEPARADOR DE PTG PARA FRENTE (COMPRADO)','SOG-PTG1COM',0),(2217,'FRENTE DE PTG DE 0,35MM','SOG-PTG2',0),(2218,'FRENTE DE PTG DE 0,35MM COMPRADO','SOG-PTG2COM',0),(2219,'REEDSWITCH DE 7MM P/ MEDIDOR SOG','SOG-REEDSW',0),(2220,'RODILLO DE 5 X 10 MM','SOG-RODILLO5',0),(2221,'TACT SWITCH CABEZA REDONDA','SOG-SWITCH',0),(2222,'TAPA SUPERIOR DEL MEDIDOR SOG','SOG-TAPA',0),(2223,'TAPA ELECTRONICA PARA MEDIDOR 1\"','SOG-TAPAELEC',0),(2224,'TORNILLO PARKER NEGRO P/PLACA ELCA.','SOG-TORELECT',0),(2225,'TORNILLO ALLEN M6 X 30 MM DE INOX.','SOG-TORM630',0),(2226,'TRANSISTOR BC337','SOG-TRBC337',0),(2227,'TUERCA METRICA 6 INOXIDABLE','SOG-TUERCA6',0),(2228,'SLINKY PARA MANGUERA CAMIONES 4\"','SP100-4',0),(2229,'SLINKY PARA MANGUERA DE VAPOR','SP100-4V',0),(2230,'MANGU./DESCARGA/CAMIO EN PIES 4\"','SP101-4',0),(2231,'MANG.TITAN/CABLE DESC.EST.NARANJ','SP-102',0),(2232,'MANGUERA TITAN ARMADA 4\" 5 MET.','SP-103',0),(2233,'MANGUERA TITAN ARMADA 4\" 7 MT.','SP-103-7',0),(2234,'MANGUERA TITAN AMARILLA/VAPOR','SP-305',0),(2235,'TAPA ENTRADA AL./VALV.PRES/VACIO','SW111120',0),(2236,'TAPA ENTRADA SS/VALV.PRES./VACIO','SW171120',0),(2237,'BALANCEADOR/HERRAMIENTAS 0,7 KG.','TB03',0),(2238,'BALANC./HERRAM.ENTRE 0,7 Y 1,4KG','TB10',0),(2239,'TERMINAL GIRATORIA DE 1 1/2\"','TG1',0),(2240,'PEDESTAL PARA SUCCION DE 1\"','TH-13',0),(2241,'PEDESTAL PARA SUCCION DE 1 1/4\"','TH-14',0),(2242,'MANGUERA TITAN 4\" X 10M.','TITAN 4X10',0),(2243,'MANG.4\"X 4M NARANJ.DESC.ESTATICA','TITAN 4X4C-1',0),(2244,'MANG.TITAN 4X4M/VAPOR AMARILLA','TITAN 4X4V',0),(2245,'MANGUERA 4\"X 5M/DESC.ESTATICAS','TITAN 4X5-1',0),(2246,'MANGUERA/DESCARGA ESTATICA 5M','TITAN 4X5-2',0),(2247,'MANG.4\"X5M NARANJ.DESC.ESTATICA','TITAN 4X5C-1',0),(2248,'MANG.4\"X 5M PARA VAPOR AMARILLA','TITAN 4X5V-1',0),(2249,'MANG.TITAN 4\"X5M/VAPOR AMARILLA','TITAN 4X5V-A',0),(2250,'MANG.TITAN 4\"X5M/VAPOR NARANJA','TITAN 4X5V-N',0),(2251,'MANG.4\"X 7M PARA VAPOR AMARILLA','TITAN 4X7V-1',0),(2252,'TERMINAL PARA MANGUERA 1\"','TM100',0),(2253,'TRANSFORMADOR','TRANSF',0),(2254,'MEDIDOR DE 3\"FPP MODELO 521','TS30AV13AL',0),(2255,'CARR./SOLDADURA AUTOG.C/25\'MANGU','TW5425OLP',0),(2256,'CANOS FLEXIBLES ANT. DE 3/4\"','UDH1-19',0),(2257,'VALV. ESFERICA PASO TOTAL ROSCADA NPT DE 1/2\"','V050FPFE-NPT',0),(2258,'VAL.ESF.PP.PASO LIBRE IMPOR.3/4\"','V075FP',0),(2259,'VALVULA ESFERICA DE 3/4\" DE SS 316L PASO TOTAL','V075FPSS316',0),(2260,'VALV.ESF.PP.PASO LIBRE IMPORT.1\"','V100FP',0),(2261,'VALV. ESFERICA PASO TOTAL ROSCADA NPT 2000PSI','V100FPFE2000N',0),(2262,'VAL.ESF.PP PASO LIBRE IMP.1-1/4\"','V125FP',0),(2263,'VAL.ESF.PP PASO LIBRE IMP.1-1/2\"','V150FP',0),(2264,'VALV.ESF.DE PP PASO REDUCIDO 2\"','V200',0),(2265,'VALV.ESF.PP.PASO LIBRE IMPORT.2\"','V200FP',0),(2266,'VALVULA ESFERICA DE 2\" DE ACERO AL CARBONO','V200FPFE',0),(2267,'VALV. ESFERICA PASO TOTAL BRIDADA S300 DE 2\"','V200FPFE-S300',0),(2268,'VALVULA ESFERICA DE 2\" DE SS 316L','V200FPSS316',0),(2269,'VALV.ESF.PP.PASO LIBRE IMPORT.3\"','V300FP',0),(2270,'VALVULA ESFERICA DE 4\" DE SS 316L PASO TOTAL','V400FPSS316',0),(2271,'VALVULA MECANICA','VA2111',0),(2272,'VALVULA DE EMRGENCIA NEUMATICA','VA2121',0),(2273,'VALVULA DE FONDE','VA7111B',0),(2274,'VALVULA EMERG. RECTA NEUMATICA','VA7121',0),(2275,'VALVULA DE PRESION 2\" NACIONAL','VE200N',0),(2276,'VALVULA DE PRESION Y VACIO 2\"','VE400',0),(2277,'TANQUE PARA FILTRO 1-1/2 NPT','VF-609',0),(2278,'FILTRO AQUACON','VF61EP1/2',0),(2279,'VALV.EMERG.NEUM.CILINDRO INTERNO','VI2121',0),(2280,'VALV.EMERG.NEUM.CILINDRO INTERNO','VI2121',0),(2281,'BOMB.12V SIN MEDID.LIN.AMARILLA','VP1412',0),(2282,'BOMBA MANUAL LINEA AMARILLA','VP172',0),(2283,'BOMBA ROTATIVA LINEA AMARILLA','VP62',0),(2284,'MEDIDOR 3/4\" LINEA AMARILLA','VP80L',0),(2285,'VASOS DE FILTRADO','VV-2144-1S33',0),(2286,'RECIPIENTE VERTICAL','VV3644150A',0),(2287,'VALVULA MARIPOSA DE 4\" DE ACERO INOX.','WD400-SS',0),(2288,'VALVULA MARIPOSA DE 5\"','WD500',0),(2289,'BOLILLA DE ACERO DE 12 MM','H6712M-12MM',0),(2290,'DISCO CIERRE PARA VALV. DE HM 3\" FLUORADO','AT1010-F',0),(2291,'CODO R. LARGO SCH40 SS 316 4\"','AT1026',0),(2292,'CODO 3\" RADIO CORTO 90º SCH40','AT1045',0),(2293,'TORNILLO SS P/UNION GUIA-PISTON VALV HM 3\"','AT1046',0),(2294,'GROVER SS P/UNION GUIA-PISTON VALV HM 3\"','AT1047',0),(2295,'ORING P/PISTON VALV HM 3\" VITON','AT1048',0),(2296,'ORING P/PISTON VALV HM 3\" VITON FLUORADO','AT1048F',0),(2297,'ORING P/PISTON VALV HM 3\" EPDM','AT1048E',0),(2298,'CONEXIÓN INTERMEDIA','3640',0);

/*Table structure for table `producto` */

DROP TABLE IF EXISTS `producto`;

CREATE TABLE `producto` (
  `idProducto` int(10) unsigned NOT NULL AUTO_INCREMENT,
  `codigo` varchar(24) DEFAULT NULL,
  `descripcion` varchar(128) DEFAULT NULL,
  `idParteFinal` int(11) unsigned DEFAULT NULL,
  PRIMARY KEY (`idProducto`),
  KEY `FK_despiece.producto_parte` (`idParteFinal`),
  CONSTRAINT `FK_despiece.producto_parte` FOREIGN KEY (`idParteFinal`) REFERENCES `parte` (`idParte`)
) ENGINE=InnoDB AUTO_INCREMENT=25 DEFAULT CHARSET=latin1;

/*Data for the table `producto` */

insert  into `producto`(`idProducto`,`codigo`,`descripcion`,`idParteFinal`) values (20,'476SA-0150','Valvula Rompe vacio 1/2 Aluminio',2301),(21,'C32RF-0202','BRAZO DE CARGA 2',1429),(23,'3858FO-0402','CONEXION GIRATORIA BASE DE 4',2327),(24,'3640FT-0402','CONEXIÓN GIRATORIA BRIDADA 4',2332);

/*Table structure for table `productoprecio` */

DROP TABLE IF EXISTS `productoprecio`;

CREATE TABLE `productoprecio` (
  `idPrecio` int(10) unsigned NOT NULL AUTO_INCREMENT,
  `idProducto` int(10) unsigned DEFAULT NULL,
  `fechaInicio` date DEFAULT NULL,
  `precio` float DEFAULT NULL,
  `fechaFin` date DEFAULT NULL,
  `costo` float DEFAULT NULL,
  PRIMARY KEY (`idPrecio`),
  KEY `FK_despiece.productoprecio_producto` (`idProducto`)
) ENGINE=InnoDB AUTO_INCREMENT=17 DEFAULT CHARSET=latin1;

/*Data for the table `productoprecio` */

insert  into `productoprecio`(`idPrecio`,`idProducto`,`fechaInicio`,`precio`,`fechaFin`,`costo`) values (5,21,'2015-03-01',NULL,'2015-03-31',500),(6,21,'2015-04-01',NULL,'2015-04-30',700),(7,21,'2015-05-01',NULL,'2015-05-31',1000),(8,21,'2015-06-01',NULL,'2015-06-30',1200),(13,24,'2015-05-03',NULL,'2015-06-23',1200),(14,24,'2015-06-14',NULL,'2015-07-31',1600),(15,23,'2015-06-01',NULL,'2015-06-30',1000),(16,20,'2015-05-01',NULL,'2015-06-30',500);

/*Table structure for table `provincia` */

DROP TABLE IF EXISTS `provincia`;

CREATE TABLE `provincia` (
  `idProvincia` int(10) unsigned NOT NULL,
  `descripcion` varchar(64) DEFAULT NULL,
  `codigo` varchar(8) DEFAULT NULL,
  PRIMARY KEY (`idProvincia`)
) ENGINE=InnoDB DEFAULT CHARSET=latin1;

/*Data for the table `provincia` */

insert  into `provincia`(`idProvincia`,`descripcion`,`codigo`) values (1,'Ciudad Autónoma de Buenos Aires',NULL),(2,'Buenos Aires',NULL),(3,'Catamarca',NULL),(4,'Córdoba',NULL),(5,'Corrientes',NULL),(6,'Chaco',NULL),(7,'Chubut',NULL),(8,'Entre Rios',NULL),(9,'Formosa',NULL),(10,'Jujuy',NULL),(11,'La Pampa',NULL),(12,'La Rioja',NULL),(13,'Mendoza',NULL),(14,'Misiones',NULL),(15,'Neuquen',NULL),(16,'Rio Negro',NULL),(17,'Salta',NULL),(18,'San Juan',NULL),(19,'San Luis',NULL),(20,'Santa Cruz',NULL),(21,'Santa Fe',NULL),(22,'Santiago del Estero',NULL),(23,'Tierra del fuego',NULL),(24,'Tucuman',NULL);

/*Table structure for table `repeticion` */

DROP TABLE IF EXISTS `repeticion`;

CREATE TABLE `repeticion` (
  `idRepeticion` int(11) NOT NULL AUTO_INCREMENT,
  `cantRepeticion` int(11) DEFAULT NULL,
  PRIMARY KEY (`idRepeticion`)
) ENGINE=InnoDB AUTO_INCREMENT=24 DEFAULT CHARSET=utf8;

/*Data for the table `repeticion` */

insert  into `repeticion`(`idRepeticion`,`cantRepeticion`) values (4,30),(5,10),(6,10),(7,10),(8,10),(9,3),(10,2),(11,2),(12,0),(13,3),(14,3),(15,3),(16,3),(17,5),(18,10),(19,10),(20,10),(21,12),(22,12),(23,6);

/*Table structure for table `rol` */

DROP TABLE IF EXISTS `rol`;

CREATE TABLE `rol` (
  `idRol` int(11) NOT NULL AUTO_INCREMENT,
  `descripcion` varchar(128) DEFAULT NULL,
  PRIMARY KEY (`idRol`)
) ENGINE=InnoDB AUTO_INCREMENT=4 DEFAULT CHARSET=latin1;

/*Data for the table `rol` */

insert  into `rol`(`idRol`,`descripcion`) values (1,'Administrador'),(2,'Usuario'),(3,'Supervisor');

/*Table structure for table `rol_accion` */

DROP TABLE IF EXISTS `rol_accion`;

CREATE TABLE `rol_accion` (
  `idRol` int(11) NOT NULL,
  `idAccion` int(11) NOT NULL,
  PRIMARY KEY (`idRol`,`idAccion`),
  KEY `FK_rol_accion_accion` (`idAccion`),
  CONSTRAINT `FK_rol_accion` FOREIGN KEY (`idRol`) REFERENCES `rol` (`idRol`),
  CONSTRAINT `FK_rol_accion_accion` FOREIGN KEY (`idAccion`) REFERENCES `accion` (`idAccion`)
) ENGINE=InnoDB DEFAULT CHARSET=latin1;

/*Data for the table `rol_accion` */

insert  into `rol_accion`(`idRol`,`idAccion`) values (1,1);

/*Table structure for table `stockpartes` */

DROP TABLE IF EXISTS `stockpartes`;

CREATE TABLE `stockpartes` (
  `idStockPartes` int(11) NOT NULL AUTO_INCREMENT,
  `idParte` int(11) unsigned DEFAULT NULL,
  `cantidad` int(11) DEFAULT NULL,
  `fecUltimoIngreso` date DEFAULT NULL,
  `idAlmacen` int(11) DEFAULT NULL,
  `idEstadoParte` int(11) DEFAULT NULL,
  PRIMARY KEY (`idStockPartes`),
  KEY `FK_stockpartes_parte` (`idParte`),
  KEY `FK_stockpartes_almacen` (`idAlmacen`),
  KEY `FK_stockpartes_estadoParte` (`idEstadoParte`),
  CONSTRAINT `FK_stockpartes_almacen` FOREIGN KEY (`idAlmacen`) REFERENCES `almacen` (`idAlmacen`),
  CONSTRAINT `FK_stockpartes_estadoParte` FOREIGN KEY (`idEstadoParte`) REFERENCES `parte_estadoparte` (`idEstadoParte`),
  CONSTRAINT `FK_stockpartes_parte` FOREIGN KEY (`idParte`) REFERENCES `parte` (`idParte`)
) ENGINE=InnoDB DEFAULT CHARSET=latin1;

/*Data for the table `stockpartes` */

/*Table structure for table `tipomedio` */

DROP TABLE IF EXISTS `tipomedio`;

CREATE TABLE `tipomedio` (
  `idTipoMedio` int(11) NOT NULL AUTO_INCREMENT,
  `descripcion` varchar(128) DEFAULT NULL,
  PRIMARY KEY (`idTipoMedio`)
) ENGINE=InnoDB AUTO_INCREMENT=4 DEFAULT CHARSET=utf8;

/*Data for the table `tipomedio` */

insert  into `tipomedio`(`idTipoMedio`,`descripcion`) values (1,'Cheque'),(2,'Nota de Credito'),(3,'Nota de Debito');

/*Table structure for table `tipomovimiento` */

DROP TABLE IF EXISTS `tipomovimiento`;

CREATE TABLE `tipomovimiento` (
  `idTipoMovimiento` int(11) NOT NULL AUTO_INCREMENT,
  `descripcion` varchar(64) DEFAULT NULL,
  PRIMARY KEY (`idTipoMovimiento`)
) ENGINE=InnoDB AUTO_INCREMENT=3 DEFAULT CHARSET=utf8;

/*Data for the table `tipomovimiento` */

insert  into `tipomovimiento`(`idTipoMovimiento`,`descripcion`) values (1,'Ingreso'),(2,'Egreso');

/*Table structure for table `usuario` */

DROP TABLE IF EXISTS `usuario`;

CREATE TABLE `usuario` (
  `idUsuario` int(11) NOT NULL AUTO_INCREMENT,
  `username` varchar(32) DEFAULT NULL,
  `pass` varchar(16) DEFAULT NULL,
  `nombre` varchar(64) DEFAULT NULL,
  `apellido` varchar(64) DEFAULT NULL,
  `idRol` int(11) DEFAULT NULL,
  PRIMARY KEY (`idUsuario`),
  KEY `FK_usuario_Rol` (`idRol`),
  CONSTRAINT `FK_usuario_Rol` FOREIGN KEY (`idRol`) REFERENCES `rol` (`idRol`)
) ENGINE=InnoDB AUTO_INCREMENT=6 DEFAULT CHARSET=utf8;

/*Data for the table `usuario` */

insert  into `usuario`(`idUsuario`,`username`,`pass`,`nombre`,`apellido`,`idRol`) values (1,'arothar','orionale','Alejandro','Rothar',2),(3,'admin','ql258898','Administrador','Aexo',1),(4,'usuario','Aexo12100','Usuario',' ',2),(5,'rballestero','manager2015','Raúl','Ballestero',1);

/* Function  structure for function  `GetAncestry` */

/*!50003 DROP FUNCTION IF EXISTS `GetAncestry` */;
DELIMITER $$

/*!50003 CREATE DEFINER=`aexo`@`%` FUNCTION `GetAncestry`(_idDespiece INT) RETURNS varchar(1024) CHARSET latin1
    DETERMINISTIC
BEGIN
    DECLARE rv VARCHAR(1024);
    DECLARE cm CHAR(1);
    DECLARE ch INT;
    SET rv = '';
    SET cm = '';
    SET ch = _idDespiece ;
    WHILE ch > 0 DO
        SELECT IFNULL(idParent,-1) INTO ch FROM
        (SELECT idParent FROM despiece WHERE idDespiece = ch) A;
        IF ch > 0 THEN
            SET rv = CONCAT(rv,cm,ch);
            SET cm = ',';
        END IF;
    END WHILE;
    RETURN rv;
END */$$
DELIMITER ;

/* Function  structure for function  `GetFamilyTree` */

/*!50003 DROP FUNCTION IF EXISTS `GetFamilyTree` */;
DELIMITER $$

/*!50003 CREATE DEFINER=`aexo`@`%` FUNCTION `GetFamilyTree`(_idDespiece int) RETURNS varchar(1024) CHARSET latin1
    DETERMINISTIC
BEGIN
    DECLARE rv,q,queue,queue_children,queue_names VARCHAR(1024);
    DECLARE queue_length,pos INT;
    DECLARE GivenidDespiece,front_idDespiece VARCHAR(64);
    SET rv = '';
    SELECT idDespiece INTO GivenidDespiece
    FROM despiece
    WHERE idDespiece = _idDespiece
    AND idParent is not null;
    IF ISNULL(GivenidDespiece) THEN
        RETURN rv;
    END IF;
    SET queue = GivenidDespiece;
    SET queue_length = 1;
    WHILE queue_length > 0 DO
        IF queue_length = 1 THEN
            SET front_idDespiece = queue;
            SET queue = '';
        ELSE
            SET pos = LOCATE(',',queue);
            SET front_idDespiece = LEFT(queue,pos - 1);
            SET q = SUBSTR(queue,pos + 1);
            SET queue = q;
        END IF;
        SET queue_length = queue_length - 1;
        SELECT IFNULL(qc,'') INTO queue_children
        FROM
        (
            SELECT GROUP_CONCAT(idDespiece) qc FROM despiece
            WHERE idParent = front_idDespiece AND idParent is not null
        ) A;
        SELECT IFNULL(qc,'') INTO queue_names
        FROM
        (
            SELECT GROUP_CONCAT(idDespiece) qc FROM despiece
            WHERE idParent = front_idDespiece AND idParent is not null
        ) A;
        IF LENGTH(queue_children) = 0 THEN
            IF LENGTH(queue) = 0 THEN
                SET queue_length = 0;
            END IF;
        ELSE
            IF LENGTH(rv) = 0 THEN
                SET rv = queue_names;
            ELSE
                SET rv = CONCAT(rv,',',queue_names);
            END IF;
            IF LENGTH(queue) = 0 THEN
                SET queue = queue_children;
            ELSE
                SET queue = CONCAT(queue,',',queue_children);
            END IF;
            SET queue_length = LENGTH(queue) - LENGTH(REPLACE(queue,',','')) + 1;
        END IF;
    END WHILE;
    RETURN rv;
END */$$
DELIMITER ;

/* Function  structure for function  `strSplit` */

/*!50003 DROP FUNCTION IF EXISTS `strSplit` */;
DELIMITER $$

/*!50003 CREATE DEFINER=`aexo`@`%` FUNCTION `strSplit`(x VARCHAR(65000), delim VARCHAR(12), pos INTEGER) RETURNS varchar(65000) CHARSET latin1
BEGIN
  DECLARE output VARCHAR(65000);
  SET output = REPLACE(SUBSTRING(SUBSTRING_INDEX(x, delim, pos)
                 , LENGTH(SUBSTRING_INDEX(x, delim, pos - 1)) + 1)
                 , delim
                 , '');
  IF output = '' THEN SET output = null; END IF;
  RETURN output;
    END */$$
DELIMITER ;

/* Procedure structure for procedure `sp_DespieceHijosAgregar` */

/*!50003 DROP PROCEDURE IF EXISTS  `sp_DespieceHijosAgregar` */;

DELIMITER $$

/*!50003 CREATE DEFINER=`aexo`@`%` PROCEDURE `sp_DespieceHijosAgregar`(p_idProducto int, 
							p_idParte int, 
							p_idDespiecePadre int, 
							p_cantidad  int)
BEGIN
	START TRANSACTION;
	/*
	select @jerarquiaHijo := jerarquia,
		@nivelHijo := nivel + 1,
		@idDespiecePadre := idDespiece
	from despiece 
	where idDespiece = p_idDespiecePadre;
	*/
	select jerarquia 
	from despiece 
	where idDespiece = p_idDespiecePadre into @jerarquiaHijo;
	select nivel + 1
	from despiece 
	where idDespiece = p_idDespiecePadre into @nivelHijo;
	select idDespiece
	from despiece 
	where idDespiece = p_idDespiecePadre into @idDespiecePadre;
	-- where idProducto = p_idProducto and idParte=p_idPartePadre;
	Insert into despiece (
				idProducto, 
				idParte, 
				idParent, 
				nivel, 
				cantidad) 
	values(	p_idProducto,
		p_idParte, 
		@idDespiecePadre,
		@nivelHijo,
		p_cantidad);
	select LAST_INSERT_ID()into @ultimoDespiece;
	update despiece set jerarquia = concat(@jerarquiaHijo,@ultimoDespiece,'/') where idDespiece = @ultimoDespiece;
	select @ultimoDespiece ultimoDespiece;
	COMMIT;
    END */$$
DELIMITER ;

/* Procedure structure for procedure `sp_DespieceHijosConsultar` */

/*!50003 DROP PROCEDURE IF EXISTS  `sp_DespieceHijosConsultar` */;

DELIMITER $$

/*!50003 CREATE DEFINER=`aexo`@`%` PROCEDURE `sp_DespieceHijosConsultar`(p_idProducto int)
BEGIN
	-- declare @jerarquiaProducto as varchar(64);
	select jerarquia into @jerarquiaProducto from despiece where idProducto = p_idProducto and nivel = 1;
	select idDespiece,
		idProducto, 
		d.idParte, 
		descripcion, 
		d.jerarquia, 
		d.nivel,
		d.cantidad,
		(select idParte from despiece des where d.idParent = des.idDespiece) idPartePadre,
		case when i.IdParte is null then 0 else 1 end esInsumo,
		i.idInsumo
	from despiece d
	inner join parte p on d.idParte = p.idParte
	left join insumo i on d.IdParte = i.IdParte and i.Nivel=1
	where d.jerarquia like concat(@jerarquiaProducto,'%') order by d.jerarquia desc;
    END */$$
DELIMITER ;

/* Procedure structure for procedure `sp_DespieceHijosEliminar` */

/*!50003 DROP PROCEDURE IF EXISTS  `sp_DespieceHijosEliminar` */;

DELIMITER $$

/*!50003 CREATE DEFINER=`aexo`@`%` PROCEDURE `sp_DespieceHijosEliminar`(p_idDespiece int)
BEGIN
	START TRANSACTION;
	
	select concat('%/',p_idDespiece,'/%') into @jerarquiaEliminar;
	
	Delete from despiece where jerarquia like @jerarquiaEliminar; -- '%/255/%'
	
	COMMIT;
    END */$$
DELIMITER ;

/* Procedure structure for procedure `sp_DespieceHijosPartesObtener` */

/*!50003 DROP PROCEDURE IF EXISTS  `sp_DespieceHijosPartesObtener` */;

DELIMITER $$

/*!50003 CREATE DEFINER=`aexo`@`%` PROCEDURE `sp_DespieceHijosPartesObtener`(p_idProducto int, p_idParte int)
BEGIN
	-- declare @jerarquiaProducto as varchar(64);
	select jerarquia into @jerarquiaProducto 
	from despiece 
	-- where idProducto = p_idProducto and nivel = 1;
	where idProducto = p_idProducto and idParte = p_idParte;
	
	select idDespiece,
		idProducto, 
		d.idParte, 
		descripcion, 
		d.jerarquia, 
		d.nivel,
		d.cantidad,
		(select idParte from despiece des where d.idParent = des.idDespiece) idPartePadre,
		case when i.IdParte is null then 0 else 1 end esInsumo
	from despiece d
	inner join parte p on d.idParte = p.idParte
	left join Insumo i on d.IdParte = i.IdParte and i.Nivel=1
	where d.jerarquia like concat(@jerarquiaProducto,'%') order by d.jerarquia desc;
    END */$$
DELIMITER ;

/* Procedure structure for procedure `sp_DespieceHijosXidDespiece` */

/*!50003 DROP PROCEDURE IF EXISTS  `sp_DespieceHijosXidDespiece` */;

DELIMITER $$

/*!50003 CREATE DEFINER=`aexo`@`%` PROCEDURE `sp_DespieceHijosXidDespiece`(p_idDespiece int)
BEGIN
	-- declare @jerarquiaProducto as varchar(64);
	select jerarquia into @jerarquiaProducto 
	from despiece 
	-- where idProducto = p_idProducto and nivel = 1;
	where idDespiece = p_idDespiece;
	
	select idDespiece,
		idProducto, 
		d.idParte, 
		descripcion, 
		d.jerarquia, 
		d.nivel,
		d.cantidad,
		(select idParte from despiece des where d.idParent = des.idDespiece) idPartePadre,
		case when i.IdParte is null then 0 else 1 end esInsumo
	from despiece d
	inner join parte p on d.idParte = p.idParte
	left join Insumo i on d.IdParte = i.IdParte and i.Nivel=1
	where d.jerarquia like concat(@jerarquiaProducto,'%') order by d.jerarquia desc;
    END */$$
DELIMITER ;

/* Procedure structure for procedure `sp_DespieceObtenerHijos` */

/*!50003 DROP PROCEDURE IF EXISTS  `sp_DespieceObtenerHijos` */;

DELIMITER $$

/*!50003 CREATE DEFINER=`aexo`@`%` PROCEDURE `sp_DespieceObtenerHijos`(p_idDespiece int)
BEGIN
	-- SELECT idDespiece into @idDespiecePadre from despiece where idProducto=p_idProducto and idParte = p_idParte;
	SELECT idProducto, p.idParte, p.descripcion, p.codigo, jerarquia, nivel, cantidad
	FROM despiece d
	Inner join parte p on d.idParte = p.idParte 
	WHERE d.idParent = p_idDespiece ;
    END */$$
DELIMITER ;

/* Procedure structure for procedure `sp_DespieceObtenerHijosCompletos` */

/*!50003 DROP PROCEDURE IF EXISTS  `sp_DespieceObtenerHijosCompletos` */;

DELIMITER $$

/*!50003 CREATE DEFINER=`aexo`@`%` PROCEDURE `sp_DespieceObtenerHijosCompletos`(p_idDespiece int)
BEGIN
	-- declare @jerarquiaProducto as varchar(64);
	select jerarquia into @jerarquiaProducto 
	from despiece 
	-- where idProducto = p_idProducto and nivel = 1;
	where idDespiece = p_idDespiece;
	select d.idParte, 
		d.jerarquia, 
		d.nivel,
		d.cantidad,
		(select idParte from despiece des where d.idParent = des.idDespiece) idPartePadre
	from despiece d
	inner join parte p on d.idParte = p.idParte
	where d.jerarquia like concat(@jerarquiaProducto,'%') 
	order by d.nivel asc, d.jerarquia asc;
    END */$$
DELIMITER ;

/* Procedure structure for procedure `sp_flujoCaja` */

/*!50003 DROP PROCEDURE IF EXISTS  `sp_flujoCaja` */;

DELIMITER $$

/*!50003 CREATE DEFINER=`aexo`@`%` PROCEDURE `sp_flujoCaja`(p_mes  int, p_anio int)
BEGIN
	SET @acumulador = 0;
	set @fechaMesActual = 0;
	select DATE_ADD(MAKEDATE(p_anio, 1), INTERVAL (p_mes)-1 MONTH) into @fechaMesActual;
	SELECT ifnull(sum(coalesce(saldo,0)),0) as saldo INTO @acumulador 
	from movimientosaldomes 
	where @fechaMesActual > DATE_ADD(MAKEDATE(anio, 1), INTERVAL (mes)-1 MONTH); 
	select fechaPago, 
		@acumulador := suma+ @acumulador as acumulado from (
							select fechaPago, 
								sum(importe) as suma
								 from (
									select idMovimiento, 
										descripcion,
										idTipoMovimiento,
										fechaPago,
										CASE 
										    WHEN idTipoMovimiento = 1 THEN importeIngreso
										    WHEN idTipoMovimiento = 2 THEN importeEgreso * -1
										END as importe
									from movimiento
									where MONTH(fechaPago) = p_mes and year(fechaPago) = p_anio
									order by fechaPago) as calculado
							group by fechaPago) as sumarizado;
    END */$$
DELIMITER ;

/* Procedure structure for procedure `sp_InsumoAgregar` */

/*!50003 DROP PROCEDURE IF EXISTS  `sp_InsumoAgregar` */;

DELIMITER $$

/*!50003 CREATE DEFINER=`aexo`@`%` PROCEDURE `sp_InsumoAgregar`(p_idParte int, 
							p_jerarquia varchar(64),
							p_idInsumoPadre  int,
							p_nivel int, 
							p_cantidad  int)
BEGIN
	Insert into insumo (	idParte, 
				jerarquia,
				idInsumoParent,
				nivel, 
				cantidad) 
	values(	p_idParte, 
		p_jerarquia,
		p_idInsumoPadre,
		p_nivel,
		p_cantidad);
	-- select @ultimoDespiece := LAST_INSERT_ID();
    END */$$
DELIMITER ;

/* Procedure structure for procedure `sp_InsumoHijosAgregar` */

/*!50003 DROP PROCEDURE IF EXISTS  `sp_InsumoHijosAgregar` */;

DELIMITER $$

/*!50003 CREATE DEFINER=`aexo`@`%` PROCEDURE `sp_InsumoHijosAgregar`(p_idParte int, 
							p_idInsumoParent int, 
							p_cantidad  int)
BEGIN
	START TRANSACTION;
	/*
	select @jerarquiaHijo := jerarquia,
		@nivelHijo := nivel + 1,
		@idDespiecePadre := idDespiece
	from despiece 
	where idDespiece = p_idDespiecePadre;
	*/
	select jerarquia 
	from insumo
	where idInsumo = p_idInsumoParent into @jerarquiaHijo;
	select nivel + 1
	from insumo 
	where idInsumo = p_idInsumoParent into @nivelHijo;
	select idInsumo
	from insumo 
	where idInsumo = p_idInsumoParent into @idInsumoPadre;
	-- where idProducto = p_idProducto and idParte=p_idPartePadre;
	Insert into insumo (	idParte, 
				idInsumoParent, 
				nivel, 
				cantidad) 
	values(	p_idParte, 
		@idInsumoPadre,
		@nivelHijo,
		p_cantidad);
	select LAST_INSERT_ID()into @ultimoInsumo;
	update insumo set jerarquia = concat(@jerarquiaHijo,@ultimoInsumo,'/') where idInsumo = @ultimoInsumo;
	select @ultimoInsumo ultimoInsumo;
	COMMIT;
    END */$$
DELIMITER ;

/* Procedure structure for procedure `sp_InsumoHijosConsultar` */

/*!50003 DROP PROCEDURE IF EXISTS  `sp_InsumoHijosConsultar` */;

DELIMITER $$

/*!50003 CREATE DEFINER=`aexo`@`%` PROCEDURE `sp_InsumoHijosConsultar`(p_idParte int, p_idInsumo int)
BEGIN
	select jerarquia into @jerarquiaProducto 
	from insumo 
	where (p_idInsumo is null and idParte = p_idParte) and nivel = 1 or (p_idParte is null and p_idInsumo = idInsumo);
		
	select idInsumo,
		i.idParte,
		descripcion,
		i.jerarquia,
		i.nivel,
		i.cantidad,
		(select idParte from insumo ins where i.idInsumoParent = ins.idinsumo) idPartePadre,
		case when i.IdParte is null then 0 else 1 end esInsumo
	from insumo i
	inner join parte p on i.idParte = p.idParte
	where i.jerarquia like concat(@jerarquiaProducto,'%') order by i.jerarquia desc;
    END */$$
DELIMITER ;

/* Procedure structure for procedure `sp_InsumoHijosEliminar` */

/*!50003 DROP PROCEDURE IF EXISTS  `sp_InsumoHijosEliminar` */;

DELIMITER $$

/*!50003 CREATE DEFINER=`aexo`@`%` PROCEDURE `sp_InsumoHijosEliminar`(p_idInsumo int)
BEGIN
	START TRANSACTION;
	
	select concat('%/',p_idInsumo,'/%') into @jerarquiaEliminar;
	
	Delete from insumo where jerarquia like @jerarquiaEliminar; -- '%/255/%'
	
	COMMIT;
    END */$$
DELIMITER ;

/* Procedure structure for procedure `sp_InsumoObtenerHijos` */

/*!50003 DROP PROCEDURE IF EXISTS  `sp_InsumoObtenerHijos` */;

DELIMITER $$

/*!50003 CREATE DEFINER=`aexo`@`%` PROCEDURE `sp_InsumoObtenerHijos`(p_idInsumo int)
BEGIN
	-- SELECT idDespiece into @idDespiecePadre from despiece where idProducto=p_idProducto and idParte = p_idParte;
	SELECT p.idParte, p.descripcion, p.codigo, jerarquia, nivel, cantidad, idInsumo
	FROM insumo i
	Inner join parte p on i.idParte = p.idParte 
	WHERE i.idInsumoParent = p_idInsumo ;
    END */$$
DELIMITER ;

/* Procedure structure for procedure `sp_OrdenPedidoAgregar` */

/*!50003 DROP PROCEDURE IF EXISTS  `sp_OrdenPedidoAgregar` */;

DELIMITER $$

/*!50003 CREATE DEFINER=`aexo`@`%` PROCEDURE `sp_OrdenPedidoAgregar`(p_idCliente int, 
							p_fechaPedido date,
							p_fechaEntrega date,
							p_idEstadoPedido int,
							p_nroPedido int,
							p_precioTotal double,
							p_costoTotal double)
BEGIN
	if p_nroPedido is null THEN
		select max(nroPedido) + 1 into p_nroPedido from ordenpedido;
		Insert into ordenpedido (idCliente, 
					fechaPedido,
					fechaEntrega,
					idEstadoPedido, 
					nroPedido,
					precioTotal, 
					costoTotal) 
		values(	p_idCliente, 
			p_fechaPedido,
			p_fechaEntrega,
			p_idEstadoPedido,
			p_nroPedido,
			p_precioTotal,
			p_costoTotal);
		Select LAST_INSERT_ID() idUltimoPedido, p_nroPedido nroUltimoPedido;
	ELSE
		Update ordenpedido set
			fechaPedido = p_fechaPedido,
			fechaEntrega = p_fechaEntrega,
			idEstadoPedido = p_idEstadoPedido,
			precioTotal = p_precioTotal,
			costoTotal = p_costoTotal
		where nroPedido = p_nroPedido;
		Select idOrdenPedido idUltimoPedido, p_nroPedido nroUltimoPedido from ordenpedido where nroPedido = p_nroPedido;
	END IF;
    END */$$
DELIMITER ;

/* Procedure structure for procedure `sp_ParteImportarTemporal` */

/*!50003 DROP PROCEDURE IF EXISTS  `sp_ParteImportarTemporal` */;

DELIMITER $$

/*!50003 CREATE DEFINER=`aexo`@`%` PROCEDURE `sp_ParteImportarTemporal`(p_idParteTemporal int)
BEGIN
	insert into parte (codigo, descripcion) 
		select codigoTemp, descripcionTemp from parte_temp where idParteTemp = p_idParteTemporal;
    END */$$
DELIMITER ;

/* Procedure structure for procedure `sp_ParteObtener` */

/*!50003 DROP PROCEDURE IF EXISTS  `sp_ParteObtener` */;

DELIMITER $$

/*!50003 CREATE DEFINER=`aexo`@`%` PROCEDURE `sp_ParteObtener`(p_idParte int)
BEGIN
	
	SELECT p.idParte, 
		`descripcion`, 
		`codigo`, 
		`esParteFinal`, 
		case when i.IdParte is null then 0 else 1 end esInsumo
		
	FROM parte p
	left join insumo i on p.IdParte = i.IdParte
	WHERE p.idParte = p_idParte ;
    END */$$
DELIMITER ;

/*!40101 SET SQL_MODE=@OLD_SQL_MODE */;
/*!40014 SET FOREIGN_KEY_CHECKS=@OLD_FOREIGN_KEY_CHECKS */;
